route,location_id
7,7
7,12
7,16
7,20
7,21
7,43
7,44
7,46
7,49
7,53
7,66
7,67
7,75
7,78
7,86
7,101
7,102
7,128
7,137
7,138
7,141
7,142
7,149
7,158
7,161
7,188
7,212
7,213
7,216
7,220
7,221
7,222
7,226
7,227
7,230
7,258
7,285
7,286
7,287
7,290
7,292
7,302
7,303
7,321
7,336
7,344
7,347
7,350
7,368
7,370
7,375
7,379
7,385
7,389
7,404
7,411
7,443
7,476
7,493
7,530
7,536
7,551
7,626
7,628
7,644
7,656
7,667
7,675
7,689
7,693
7,703
7,704
7,731
7,773
7,774
7,776
7,806
7,828
7,864
7,872
7,890
7,908
7,913
7,918
7,938
7,942
7,957
7,985
7,995
7,996
7,1028
7,1035
7,1089
7,1094
7,1119
7,1124
7,1146
7,1164
7,1166
7,1177
7,1193
7,1236
7,1265
7,1273
7,1278
7,1346
7,1381
7,1412
7,1418
7,1431
7,1435
7,1468
7,1472
7,1497
7,1598
7,1606
7,1607
7,1634
7,1652
7,1663
7,1675
7,1697
7,1702
7,1716
7,1760
7,1773
7,1786
7,1788
7,1837
7,1839
7,1894
7,1924
7,1936
7,2009
7,2047
7,2064
7,2144
7,2188
7,2203
7,2204
7,2222
7,2252
7,2277
7,2304
7,2334
7,2338
7,2397
7,2402
7,2413
7,2422
7,2439
7,2452
7,2519
7,2561
7,2599
7,2624
7,2636
7,2693
7,2707
7,2769
7,2789
7,2818
7,2861
7,2866
7,2903
7,2926
7,3001
7,3013
7,3027
7,3039
7,3177
7,3289
7,3298
7,3315
7,3341
7,3342
7,3351
7,3381
7,3389
7,3406
7,3408
7,3448
7,3498
7,3524
7,3540
7,3543
7,3572
7,3685
7,3698
7,3724
7,3774
7,3808
7,3826
7,3853
7,3860
7,3879
7,3911
7,3955
7,3968
7,4037
7,4062
7,4098
7,4108
7,4110
7,4125
7,4127
7,4192
7,4506
7,4523
7,4537
7,4550
7,4556
7,4591
7,4651
7,4693
7,4765
7,4886
7,4920
7,5008
7,5023
7,5039
7,5060
7,5076
7,5144
7,5148
7,5253
7,5275
7,5339
7,5346
7,5402
7,5500
7,5501
7,5505
7,5664
7,5690
7,5721
7,5831
7,5973
7,6100
7,6111
7,6129
7,6135
7,6148
7,6284
7,6379
7,6425
7,6541
7,6620
7,6653
7,6744
7,6773
7,6828
7,6864
7,6875
7,6988
7,6998
7,7069
7,7089
7,7279
7,7345
7,7429
7,7455
7,7515
7,7545
7,7561
7,7580
7,7620
7,7651
7,7679
7,7774
7,7815
7,7832
7,7897
7,7953
7,8012
7,8055
7,8439
7,8451
7,8486
7,8513
7,8548
7,8560
7,8601
7,8803
7,8917
7,8990
7,9372
7,9409
7,9635
7,9811
7,9948
7,9987
7,10005
7,10082
7,10172
7,10179
7,10208
7,10461
7,10526
7,10578
7,10610
7,10618
7,10859
7,10882
7,10897
7,11008
7,11017
7,11032
7,11050
7,11058
7,11136
7,11138
7,11215
7,11229
7,11276
7,11278
7,11346
7,11390
7,11563
7,11574
7,11628
7,11672
7,11729
7,11773
7,11947
7,11954
7,12106
7,12160
7,12209
7,12485
7,12504
7,12548
7,12622
7,12728
7,12751
7,12874
7,12940
7,12970
7,13031
7,13052
7,13075
7,13235
7,13260
7,13275
7,13468
7,13570
7,13685
7,13723
7,13870
7,13953
7,14049
7,14089
7,14139
7,14148
7,14164
7,14211
7,14341
7,14395
7,14479
7,14560
7,14565
7,14617
7,14645
7,14657
7,14673
7,14698
7,14707
7,14772
7,14822
7,14842
7,14848
7,14863
7,15088
7,15092
7,15133
7,15134
7,15136
7,15140
7,15184
7,15242
7,15272
7,15294
7,15296
7,15298
7,15319
7,15327
7,15354
7,15375
7,15436
7,15454
7,15513
7,15522
7,15579
7,15672
7,15687
7,15751
7,15755
7,15821
7,15949
7,16002
7,16026
7,16089
7,16108
7,16190
7,16203
7,16247
7,16369
7,16371
7,16399
7,16442
7,16470
7,16499
7,16541
7,16564
7,16565
7,16703
7,16765
7,16784
7,16807
7,16810
7,16850
7,16852
7,16904
7,16965
7,16975
7,17033
7,17049
7,17051
7,17057
7,17072
7,17160
7,17161
7,17199
7,17210
7,17215
7,17324
7,17359
7,17442
7,17471
7,17510
7,17547
7,17608
7,17632
7,17672
7,17709
7,17733
7,17793
7,17802
7,17832
7,17834
7,17878
7,17951
7,17967
7,18207
7,18244
7,18255
7,18267
7,18300
7,18308
7,18415
7,18478
7,18522
7,18544
7,18554
7,18586
7,18617
7,18642
7,18954
7,19068
7,19077
7,19106
7,19249
7,19267
7,19371
7,19492
7,19541
7,19581
7,19662
7,19665
7,19735
7,19919
7,19926
7,19927
7,20007
7,20241
11,2
11,20
11,24
11,27
11,35
11,39
11,67
11,72
11,73
11,79
11,83
11,142
11,199
11,209
11,216
11,221
11,227
11,234
11,258
11,274
11,280
11,285
11,287
11,288
11,367
11,376
11,424
11,472
11,475
11,488
11,506
11,529
11,530
11,567
11,637
11,685
11,690
11,789
11,807
11,811
11,836
11,845
11,949
11,1030
11,1122
11,1136
11,1143
11,1176
11,1181
11,1200
11,1268
11,1287
11,1321
11,1327
11,1328
11,1330
11,1377
11,1479
11,1489
11,1520
11,1531
11,1605
11,1619
11,1723
11,1756
11,1809
11,1883
11,1936
11,1971
11,2117
11,2119
11,2146
11,2236
11,2279
11,2303
11,2440
11,2810
11,2837
11,2855
11,2916
11,2918
11,2961
11,3035
11,3076
11,3089
11,3305
11,3309
11,3550
11,3563
11,3596
11,3690
11,3881
11,3951
11,3988
11,4026
11,4151
11,4190
11,4378
11,4396
11,4524
11,4575
11,4599
11,4706
11,4720
11,4762
11,4801
11,4817
11,4944
11,4971
11,5115
11,5158
11,5247
11,5256
11,5319
11,5371
11,5392
11,5427
11,5483
11,5484
11,5529
11,5566
11,5620
11,5665
11,5882
11,6074
11,6395
11,6524
11,6632
11,6666
11,6689
11,6784
11,6977
11,7100
11,7140
11,7206
11,7248
11,7256
11,7302
11,7331
11,7332
11,7386
11,7423
11,7442
11,7475
11,7530
11,7536
11,7593
11,7599
11,7705
11,7809
11,7886
11,7922
11,7955
11,8004
11,8062
11,8316
11,8386
11,8399
11,8638
11,8876
11,9153
11,9196
11,9254
11,9303
11,9460
11,9505
11,9508
11,9589
11,9685
11,9703
11,10291
11,10373
11,10374
11,10525
11,10533
11,10989
11,11364
11,11382
11,11426
11,11571
11,11624
11,11632
11,11644
11,11721
11,11821
11,11840
11,12008
11,12204
11,12251
11,12265
11,12316
11,12445
11,12606
11,12779
11,12825
11,13030
11,13072
11,13134
11,13135
11,13136
11,13351
11,13380
11,13447
11,13729
11,13896
11,13932
11,13968
11,14509
11,14600
11,14637
11,14914
11,14977
11,15095
11,15102
11,15217
11,15232
11,15335
11,15888
11,16176
11,16393
11,16664
11,16715
11,16716
11,16763
11,16876
11,16891
11,17219
11,17516
11,17649
11,17653
11,17761
11,17877
11,18051
11,18203
11,18275
11,18364
11,18596
11,18932
11,19164
11,19174
11,19523
11,19626
11,19761
11,19783
11,19908
11,19933
11,20028
11,20060
12,1
12,2
12,3
12,12
12,15
12,18
12,28
12,34
12,48
12,53
12,66
12,67
12,86
12,89
12,109
12,113
12,171
12,178
12,280
12,299
12,327
12,341
12,344
12,347
12,372
12,383
12,392
12,428
12,439
12,455
12,457
12,469
12,478
12,495
12,511
12,578
12,586
12,596
12,611
12,632
12,637
12,645
12,658
12,670
12,684
12,692
12,696
12,728
12,801
12,809
12,848
12,851
12,852
12,885
12,904
12,938
12,940
12,947
12,951
12,987
12,1010
12,1025
12,1037
12,1042
12,1047
12,1048
12,1069
12,1205
12,1294
12,1320
12,1362
12,1407
12,1510
12,1543
12,1559
12,1563
12,1589
12,1596
12,1609
12,1636
12,1640
12,1696
12,1715
12,1735
12,1741
12,1793
12,1808
12,1887
12,1908
12,1936
12,1973
12,2006
12,2018
12,2031
12,2199
12,2265
12,2303
12,2316
12,2318
12,2374
12,2427
12,2487
12,2523
12,2744
12,2815
12,2827
12,2835
12,2840
12,2844
12,2848
12,2930
12,2948
12,2959
12,2960
12,2986
12,3077
12,3132
12,3136
12,3183
12,3188
12,3222
12,3255
12,3322
12,3340
12,3391
12,3525
12,3570
12,3576
12,3609
12,3928
12,4056
12,4060
12,4091
12,4122
12,4137
12,4193
12,4227
12,4231
12,4307
12,4314
12,4353
12,4410
12,4500
12,4513
12,4708
12,4770
12,5059
12,5114
12,5210
12,5263
12,5284
12,5336
12,5354
12,5394
12,5520
12,5649
12,5659
12,5668
12,5821
12,5892
12,6039
12,6068
12,6312
12,6424
12,6445
12,6448
12,6499
12,6638
12,6900
12,6902
12,6991
12,7065
12,7106
12,7165
12,7174
12,7372
12,7521
12,7757
12,7921
12,8148
12,8180
12,8322
12,8362
12,8433
12,8554
12,8588
12,8754
12,8956
12,9042
12,9056
12,9226
12,9296
12,9387
12,9482
12,9610
12,9659
12,9743
12,9769
12,9983
12,10018
12,10111
12,10134
12,10284
12,10344
12,10352
12,10389
12,10607
12,10612
12,10613
12,11112
12,11116
12,11143
12,11158
12,11539
12,11585
12,11664
12,11752
12,11759
12,12180
12,12270
12,12312
12,12637
12,12683
12,12902
12,12937
12,13222
12,13291
12,13349
12,13510
12,13566
12,13695
12,13728
12,13755
12,13798
12,13831
12,14041
12,14392
12,14473
12,14734
12,15103
12,15127
12,15563
12,15770
12,15784
12,16078
12,16999
12,17012
12,17149
12,17262
12,17871
12,18245
12,18739
12,19064
12,19114
12,19129
12,19439
12,19458
12,19562
12,20011
12,20021
24,1
24,3
24,11
24,12
24,18
24,47
24,48
24,53
24,55
24,60
24,66
24,78
24,89
24,92
24,95
24,101
24,126
24,143
24,168
24,173
24,206
24,221
24,227
24,232
24,245
24,258
24,268
24,285
24,299
24,320
24,327
24,386
24,412
24,414
24,495
24,574
24,603
24,611
24,637
24,709
24,710
24,714
24,718
24,728
24,780
24,796
24,809
24,834
24,835
24,852
24,873
24,901
24,962
24,963
24,1017
24,1037
24,1041
24,1044
24,1097
24,1100
24,1126
24,1246
24,1250
24,1262
24,1282
24,1287
24,1329
24,1359
24,1362
24,1407
24,1420
24,1431
24,1453
24,1474
24,1589
24,1594
24,1614
24,1631
24,1638
24,1685
24,1696
24,1699
24,1701
24,1707
24,1908
24,1996
24,2045
24,2067
24,2069
24,2077
24,2122
24,2140
24,2265
24,2274
24,2276
24,2282
24,2286
24,2303
24,2374
24,2383
24,2387
24,2393
24,2417
24,2427
24,2441
24,2457
24,2459
24,2487
24,2506
24,2530
24,2542
24,2674
24,2780
24,2903
24,2911
24,2916
24,2967
24,3006
24,3232
24,3241
24,3279
24,3296
24,3338
24,3395
24,3443
24,3448
24,3450
24,3462
24,3506
24,3575
24,3668
24,3766
24,3834
24,4053
24,4060
24,4267
24,4345
24,4513
24,4631
24,4637
24,4716
24,4717
24,4799
24,4863
24,5004
24,5044
24,5071
24,5099
24,5103
24,5136
24,5147
24,5249
24,5451
24,5456
24,5659
24,5704
24,5778
24,5935
24,6039
24,6055
24,6104
24,6162
24,6194
24,6215
24,6217
24,6291
24,6424
24,6442
24,6486
24,6688
24,6706
24,6710
24,6713
24,6766
24,6789
24,6826
24,6843
24,6892
24,6902
24,6952
24,6961
24,7026
24,7136
24,7165
24,7430
24,7528
24,7544
24,7592
24,7601
24,7795
24,7864
24,7906
24,8030
24,8132
24,8209
24,8234
24,8363
24,8374
24,8535
24,8616
24,8637
24,8839
24,8885
24,9201
24,9272
24,9436
24,9546
24,9671
24,9696
24,9867
24,9875
24,9941
24,10085
24,10134
24,10198
24,10418
24,10512
24,10607
24,10656
24,11012
24,11025
24,11153
24,11175
24,11201
24,11210
24,11274
24,11452
24,11513
24,11514
24,11703
24,11709
24,11826
24,11944
24,12081
24,12089
24,12159
24,12495
24,12581
24,13036
24,13053
24,13197
24,13247
24,13262
24,13318
24,13332
24,13414
24,13472
24,13590
24,13876
24,13894
24,13991
24,14140
24,14280
24,14304
24,14629
24,15532
24,15598
24,15712
24,15733
24,15744
24,15790
24,16045
24,16072
24,16121
24,16273
24,16426
24,16441
24,16651
24,16943
24,17022
24,17300
24,17378
24,17960
24,18039
24,18219
24,18294
24,18808
24,18971
24,19105
24,19110
24,19578
24,19611
24,19731
24,20099
24,20128
24,20157
25,2
25,3
25,4
25,5
25,18
25,33
25,35
25,39
25,50
25,59
25,72
25,75
25,76
25,89
25,119
25,142
25,158
25,160
25,161
25,173
25,184
25,199
25,222
25,225
25,226
25,227
25,232
25,243
25,272
25,273
25,276
25,286
25,299
25,309
25,313
25,319
25,356
25,363
25,367
25,389
25,395
25,461
25,472
25,504
25,560
25,616
25,658
25,681
25,690
25,725
25,730
25,733
25,748
25,764
25,769
25,775
25,780
25,817
25,836
25,846
25,850
25,853
25,869
25,957
25,1008
25,1041
25,1056
25,1097
25,1126
25,1164
25,1220
25,1246
25,1251
25,1252
25,1272
25,1286
25,1287
25,1295
25,1340
25,1370
25,1377
25,1439
25,1453
25,1454
25,1458
25,1459
25,1461
25,1473
25,1476
25,1482
25,1534
25,1584
25,1678
25,1726
25,1766
25,1800
25,1810
25,1823
25,1829
25,1841
25,1857
25,1880
25,1899
25,1906
25,1936
25,1979
25,2071
25,2107
25,2119
25,2129
25,2140
25,2146
25,2220
25,2271
25,2280
25,2286
25,2326
25,2380
25,2440
25,2528
25,2530
25,2537
25,2538
25,2544
25,2565
25,2583
25,2657
25,2670
25,2689
25,2702
25,2770
25,2774
25,2782
25,2805
25,2819
25,2848
25,2881
25,2917
25,3073
25,3104
25,3108
25,3125
25,3163
25,3232
25,3265
25,3338
25,3359
25,3367
25,3401
25,3402
25,3443
25,3445
25,3448
25,3503
25,3569
25,3608
25,3618
25,3654
25,3679
25,3721
25,3754
25,3800
25,3885
25,3910
25,3970
25,4113
25,4154
25,4198
25,4242
25,4243
25,4255
25,4274
25,4316
25,4428
25,4507
25,4512
25,4526
25,4582
25,4643
25,4724
25,4763
25,4764
25,4833
25,4905
25,4973
25,5035
25,5069
25,5073
25,5093
25,5097
25,5114
25,5143
25,5181
25,5270
25,5286
25,5344
25,5367
25,5395
25,5415
25,5466
25,5643
25,5699
25,5934
25,5950
25,5997
25,6016
25,6244
25,6287
25,6316
25,6341
25,6358
25,6395
25,6417
25,6539
25,6544
25,6574
25,6752
25,6765
25,6820
25,6830
25,6895
25,6960
25,7026
25,7039
25,7070
25,7192
25,7220
25,7323
25,7334
25,7559
25,7574
25,7666
25,7673
25,7680
25,7773
25,7779
25,7818
25,7925
25,8040
25,8110
25,8113
25,8123
25,8146
25,8205
25,8214
25,8269
25,8280
25,8285
25,8325
25,8420
25,8487
25,8551
25,8595
25,8640
25,8825
25,8882
25,8935
25,8938
25,8948
25,8995
25,9031
25,9080
25,9179
25,9330
25,9511
25,9529
25,9607
25,9621
25,9761
25,9822
25,9824
25,9878
25,9911
25,10028
25,10067
25,10130
25,10167
25,10183
25,10216
25,10228
25,10239
25,10265
25,10286
25,10370
25,10454
25,10521
25,10529
25,10577
25,10677
25,10769
25,10922
25,10933
25,11082
25,11202
25,11301
25,11365
25,11469
25,11473
25,11575
25,11875
25,12062
25,12249
25,12258
25,12482
25,12496
25,12588
25,12667
25,12708
25,12741
25,12869
25,12878
25,12959
25,13028
25,13198
25,13210
25,13293
25,13378
25,13494
25,13604
25,13634
25,13653
25,13727
25,13739
25,13765
25,13816
25,13843
25,13965
25,14039
25,14397
25,14561
25,14623
25,14663
25,14806
25,14846
25,14931
25,14952
25,15145
25,15189
25,15238
25,15259
25,15339
25,15386
25,15392
25,15654
25,15850
25,15946
25,15968
25,16021
25,16023
25,16061
25,16065
25,16280
25,16633
25,16795
25,16862
25,16879
25,16986
25,17043
25,17125
25,17223
25,17266
25,17271
25,17294
25,17335
25,17497
25,17633
25,17668
25,17669
25,18007
25,18050
25,18062
25,18150
25,18187
25,18194
25,18417
25,18530
25,18657
25,18660
25,18661
25,18732
25,18876
25,18952
25,19034
25,19063
25,19092
25,19101
25,19163
25,19177
25,19215
25,19258
25,19275
25,19350
25,19378
25,19480
25,19533
25,19577
25,19636
25,19702
25,19841
25,19904
25,19909
29,1
29,11
29,21
29,25
29,39
29,53
29,54
29,68
29,75
29,77
29,78
29,86
29,105
29,107
29,116
29,141
29,142
29,149
29,177
29,188
29,192
29,214
29,217
29,221
29,222
29,226
29,258
29,272
29,282
29,285
29,293
29,298
29,302
29,311
29,318
29,330
29,336
29,344
29,361
29,364
29,368
29,372
29,381
29,393
29,427
29,432
29,433
29,465
29,472
29,474
29,549
29,557
29,596
29,609
29,622
29,640
29,642
29,655
29,662
29,675
29,682
29,766
29,776
29,784
29,790
29,801
29,823
29,825
29,841
29,846
29,853
29,856
29,860
29,874
29,891
29,918
29,948
29,956
29,972
29,985
29,992
29,1007
29,1026
29,1028
29,1035
29,1054
29,1070
29,1094
29,1095
29,1108
29,1116
29,1127
29,1146
29,1174
29,1189
29,1193
29,1215
29,1229
29,1274
29,1292
29,1298
29,1326
29,1335
29,1352
29,1353
29,1358
29,1364
29,1408
29,1434
29,1436
29,1444
29,1465
29,1497
29,1518
29,1553
29,1558
29,1571
29,1593
29,1599
29,1620
29,1643
29,1647
29,1651
29,1656
29,1666
29,1668
29,1676
29,1718
29,1745
29,1763
29,1777
29,1797
29,1826
29,1913
29,1914
29,1916
29,1936
29,1972
29,1982
29,2020
29,2027
29,2054
29,2062
29,2096
29,2097
29,2152
29,2164
29,2269
29,2289
29,2302
29,2314
29,2321
29,2327
29,2345
29,2353
29,2361
29,2405
29,2420
29,2455
29,2462
29,2518
29,2521
29,2556
29,2586
29,2601
29,2613
29,2619
29,2628
29,2633
29,2656
29,2718
29,2726
29,2736
29,2753
29,2767
29,2773
29,2807
29,2818
29,2877
29,2941
29,2990
29,3030
29,3032
29,3080
29,3094
29,3140
29,3141
29,3184
29,3211
29,3215
29,3247
29,3256
29,3292
29,3326
29,3337
29,3344
29,3386
29,3399
29,3408
29,3415
29,3449
29,3652
29,3670
29,3712
29,3747
29,3755
29,3770
29,3797
29,3817
29,3838
29,3857
29,3865
29,3907
29,3943
29,3945
29,3966
29,3969
29,4021
29,4052
29,4054
29,4073
29,4079
29,4081
29,4085
29,4148
29,4167
29,4301
29,4311
29,4407
29,4469
29,4520
29,4573
29,4583
29,4644
29,4649
29,4670
29,4671
29,4678
29,4680
29,4687
29,4693
29,4759
29,4800
29,4820
29,4990
29,5006
29,5025
29,5101
29,5110
29,5119
29,5153
29,5165
29,5173
29,5187
29,5204
29,5214
29,5251
29,5254
29,5269
29,5285
29,5333
29,5410
29,5458
29,5539
29,5619
29,5633
29,5666
29,5741
29,5757
29,5834
29,5946
29,6259
29,6285
29,6329
29,6402
29,6462
29,6528
29,6555
29,6577
29,6624
29,6794
29,6810
29,6851
29,6861
29,6874
29,6933
29,6972
29,7116
29,7129
29,7131
29,7158
29,7267
29,7306
29,7341
29,7357
29,7367
29,7419
29,7436
29,7473
29,7491
29,7587
29,7649
29,7715
29,7827
29,7877
29,7901
29,7965
29,7983
29,8080
29,8109
29,8115
29,8218
29,8227
29,8327
29,8356
29,8397
29,8398
29,8482
29,8527
29,8536
29,8546
29,8549
29,8570
29,8648
29,8650
29,8663
29,8685
29,8766
29,8779
29,8844
29,8914
29,8923
29,8978
29,9063
29,9110
29,9244
29,9353
29,9578
29,9744
29,9792
29,9809
29,9827
29,9962
29,10007
29,10058
29,10186
29,10250
29,10314
29,10421
29,10435
29,10513
29,10587
29,10706
29,10724
29,10738
29,10823
29,10830
29,10869
29,10876
29,11102
29,11119
29,11126
29,11179
29,11208
29,11227
29,11299
29,11345
29,11347
29,11487
29,11543
29,11577
29,11583
29,11602
29,11635
29,11674
29,11719
29,11797
29,11940
29,11996
29,12019
29,12141
29,12152
29,12154
29,12162
29,12279
29,12280
29,12378
29,12530
29,12636
29,12677
29,12735
29,12809
29,12824
29,12835
29,12843
29,12915
29,12922
29,12963
29,13008
29,13045
29,13056
29,13104
29,13272
29,13312
29,13489
29,13519
29,13531
29,13662
29,13726
29,13742
29,13745
29,13782
29,13849
29,13875
29,13921
29,13922
29,13929
29,13946
29,13977
29,13981
29,13996
29,14002
29,14043
29,14045
29,14079
29,14152
29,14189
29,14250
29,14285
29,14313
29,14335
29,14345
29,14370
29,14388
29,14461
29,14462
29,14482
29,14550
29,14577
29,14620
29,14656
29,14661
29,14681
29,14682
29,14704
29,14712
29,14732
29,14758
29,14775
29,14799
29,14972
29,14987
29,15021
29,15051
29,15057
29,15078
29,15085
29,15122
29,15137
29,15146
29,15185
29,15194
29,15204
29,15246
29,15287
29,15344
29,15368
29,15394
29,15515
29,15533
29,15613
29,15622
29,15645
29,15682
29,15692
29,15700
29,15736
29,15815
29,15982
29,15990
29,16174
29,16183
29,16226
29,16232
29,16343
29,16349
29,16377
29,16504
29,16605
29,16745
29,16762
29,16827
29,16844
29,17029
29,17143
29,17433
29,17617
29,17640
29,17686
29,17876
29,17926
29,18036
29,18042
29,18080
29,18108
29,18125
29,18227
29,18317
29,18321
29,18422
29,18435
29,18487
29,18505
29,18525
29,18547
29,18683
29,18733
29,18816
29,18847
29,18953
29,19028
29,19035
29,19130
29,19161
29,19166
29,19185
29,19396
29,19409
29,19437
29,19521
29,19546
29,19634
29,19650
29,19663
29,19666
29,19733
29,19795
29,19807
29,19923
29,19942
29,19973
29,19999
29,20004
29,20045
29,20050
29,20061
29,20191
29,20196
32,1
32,2
32,3
32,5
32,9
32,11
32,18
32,20
32,25
32,26
32,39
32,48
32,50
32,63
32,66
32,67
32,69
32,72
32,77
32,85
32,88
32,95
32,105
32,115
32,117
32,121
32,135
32,141
32,142
32,152
32,159
32,179
32,180
32,185
32,207
32,216
32,221
32,222
32,255
32,256
32,258
32,271
32,280
32,298
32,316
32,330
32,332
32,343
32,344
32,348
32,360
32,372
32,381
32,397
32,418
32,427
32,436
32,438
32,448
32,451
32,462
32,465
32,469
32,473
32,484
32,506
32,530
32,535
32,557
32,564
32,588
32,590
32,594
32,646
32,675
32,686
32,704
32,708
32,750
32,756
32,770
32,788
32,792
32,801
32,804
32,807
32,821
32,860
32,865
32,902
32,912
32,913
32,918
32,922
32,948
32,957
32,960
32,968
32,973
32,1024
32,1027
32,1035
32,1049
32,1053
32,1065
32,1147
32,1200
32,1221
32,1258
32,1334
32,1346
32,1375
32,1407
32,1436
32,1455
32,1481
32,1490
32,1492
32,1500
32,1544
32,1599
32,1600
32,1615
32,1646
32,1706
32,1721
32,1731
32,1745
32,1804
32,1836
32,1853
32,1871
32,1893
32,1926
32,1930
32,1936
32,1986
32,2016
32,2031
32,2034
32,2044
32,2065
32,2080
32,2092
32,2096
32,2097
32,2108
32,2114
32,2152
32,2155
32,2168
32,2173
32,2192
32,2235
32,2244
32,2294
32,2301
32,2303
32,2311
32,2321
32,2375
32,2422
32,2442
32,2474
32,2475
32,2498
32,2512
32,2572
32,2602
32,2621
32,2623
32,2655
32,2684
32,2697
32,2729
32,2747
32,2750
32,2753
32,2813
32,2848
32,2891
32,2907
32,2952
32,2980
32,2989
32,3030
32,3086
32,3103
32,3122
32,3150
32,3155
32,3231
32,3250
32,3280
32,3291
32,3294
32,3344
32,3362
32,3399
32,3422
32,3475
32,3482
32,3510
32,3518
32,3536
32,3546
32,3561
32,3589
32,3591
32,3620
32,3635
32,3659
32,3660
32,3673
32,3761
32,3776
32,3805
32,3840
32,3857
32,3864
32,3870
32,3916
32,3926
32,3958
32,3967
32,3980
32,4009
32,4041
32,4089
32,4277
32,4292
32,4358
32,4359
32,4392
32,4417
32,4488
32,4543
32,4569
32,4614
32,4615
32,4630
32,4633
32,4684
32,4689
32,4693
32,4758
32,4779
32,4873
32,4897
32,4936
32,4963
32,4983
32,5032
32,5089
32,5102
32,5117
32,5170
32,5192
32,5200
32,5216
32,5237
32,5260
32,5265
32,5291
32,5355
32,5366
32,5373
32,5419
32,5499
32,5545
32,5569
32,5648
32,5650
32,5666
32,5754
32,5769
32,5784
32,5787
32,5838
32,5856
32,5859
32,5936
32,5956
32,6027
32,6130
32,6146
32,6147
32,6209
32,6213
32,6253
32,6278
32,6288
32,6441
32,6457
32,6472
32,6503
32,6507
32,6554
32,6568
32,6578
32,6615
32,6637
32,6643
32,6653
32,6657
32,6670
32,6674
32,6731
32,6734
32,6741
32,6751
32,6759
32,6770
32,6809
32,6823
32,6890
32,6923
32,6941
32,6946
32,6990
32,7002
32,7090
32,7143
32,7160
32,7217
32,7230
32,7243
32,7270
32,7307
32,7341
32,7344
32,7399
32,7432
32,7452
32,7468
32,7501
32,7568
32,7582
32,7618
32,7621
32,7726
32,7754
32,7803
32,7827
32,7843
32,7853
32,7854
32,7865
32,7867
32,7902
32,7912
32,7933
32,7939
32,7990
32,8008
32,8033
32,8068
32,8092
32,8121
32,8144
32,8174
32,8199
32,8268
32,8289
32,8315
32,8352
32,8485
32,8488
32,8607
32,8649
32,8704
32,8712
32,8717
32,8733
32,8738
32,8756
32,8760
32,8763
32,8765
32,8823
32,8840
32,8842
32,8913
32,9009
32,9021
32,9027
32,9054
32,9111
32,9167
32,9192
32,9250
32,9342
32,9393
32,9395
32,9472
32,9781
32,9792
32,9830
32,9872
32,10220
32,10340
32,10398
32,10433
32,10479
32,10511
32,10568
32,10605
32,10628
32,10632
32,10652
32,10709
32,10712
32,10717
32,10742
32,10762
32,10771
32,10813
32,10848
32,10868
32,10958
32,10975
32,10981
32,11059
32,11128
32,11129
32,11159
32,11300
32,11325
32,11420
32,11457
32,11507
32,11530
32,11578
32,11586
32,11656
32,11668
32,11669
32,11737
32,11781
32,11784
32,11884
32,12022
32,12048
32,12127
32,12132
32,12266
32,12278
32,12392
32,12416
32,12418
32,12423
32,12426
32,12466
32,12471
32,12479
32,12500
32,12523
32,12538
32,12564
32,12573
32,12621
32,12629
32,12651
32,12722
32,12754
32,12793
32,12827
32,12850
32,12861
32,12862
32,12868
32,12942
32,12948
32,13049
32,13065
32,13085
32,13120
32,13242
32,13244
32,13292
32,13331
32,13416
32,13419
32,13426
32,13508
32,13536
32,13571
32,13580
32,13698
32,13815
32,13861
32,13959
32,13988
32,14052
32,14068
32,14080
32,14103
32,14128
32,14142
32,14143
32,14188
32,14194
32,14198
32,14225
32,14261
32,14262
32,14273
32,14293
32,14355
32,14387
32,14425
32,14436
32,14447
32,14455
32,14484
32,14501
32,14507
32,14517
32,14522
32,14556
32,14690
32,14723
32,14754
32,14796
32,14947
32,15033
32,15046
32,15058
32,15061
32,15091
32,15114
32,15199
32,15200
32,15225
32,15306
32,15389
32,15448
32,15509
32,15517
32,15549
32,15583
32,15600
32,15627
32,15632
32,15685
32,15847
32,15859
32,15915
32,15943
32,15989
32,16076
32,16085
32,16096
32,16167
32,16169
32,16263
32,16264
32,16265
32,16400
32,16413
32,16492
32,16496
32,16497
32,16667
32,16727
32,16737
32,16767
32,16833
32,16835
32,16837
32,16839
32,16869
32,16885
32,16886
32,16938
32,16985
32,16987
32,17004
32,17046
32,17118
32,17141
32,17295
32,17320
32,17345
32,17376
32,17383
32,17392
32,17403
32,17422
32,17501
32,17505
32,17549
32,17555
32,17614
32,17618
32,17644
32,17686
32,17717
32,17754
32,17776
32,17779
32,17783
32,17814
32,17830
32,17831
32,17856
32,17868
32,17909
32,17981
32,18003
32,18047
32,18048
32,18060
32,18078
32,18091
32,18111
32,18130
32,18151
32,18173
32,18358
32,18367
32,18507
32,18550
32,18585
32,18588
32,18610
32,18662
32,18663
32,18692
32,18703
32,18721
32,18742
32,18838
32,18915
32,19019
32,19051
32,19125
32,19147
32,19183
32,19195
32,19230
32,19263
32,19310
32,19324
32,19347
32,19356
32,19363
32,19384
32,19399
32,19493
32,19532
32,19550
32,19567
32,19586
32,19610
32,19691
32,19703
32,19704
32,19717
32,19859
32,19939
32,19954
32,19978
32,19983
32,20003
32,20056
32,20069
32,20073
32,20074
32,20122
32,20129
32,20137
32,20249
32,20262
34,1
34,2
34,5
34,9
34,11
34,18
34,20
34,25
34,39
34,53
34,55
34,66
34,67
34,69
34,72
34,87
34,88
34,89
34,91
34,142
34,152
34,161
34,162
34,183
34,185
34,216
34,221
34,222
34,227
34,230
34,232
34,240
34,258
34,272
34,283
34,285
34,306
34,323
34,332
34,343
34,344
34,394
34,417
34,418
34,427
34,440
34,457
34,461
34,469
34,484
34,495
34,504
34,506
34,511
34,530
34,557
34,564
34,578
34,594
34,611
34,649
34,659
34,690
34,726
34,756
34,778
34,821
34,845
34,873
34,881
34,893
34,913
34,915
34,922
34,948
34,968
34,1001
34,1062
34,1069
34,1086
34,1120
34,1135
34,1164
34,1176
34,1200
34,1249
34,1286
34,1287
34,1329
34,1339
34,1348
34,1377
34,1431
34,1461
34,1483
34,1489
34,1605
34,1617
34,1664
34,1706
34,1755
34,1760
34,1762
34,1772
34,1822
34,1869
34,1925
34,1930
34,1936
34,1939
34,1968
34,2065
34,2093
34,2146
34,2153
34,2173
34,2225
34,2241
34,2295
34,2301
34,2303
34,2311
34,2326
34,2365
34,2367
34,2440
34,2456
34,2644
34,2697
34,2823
34,2848
34,2891
34,2900
34,2915
34,2921
34,2928
34,2943
34,2949
34,2963
34,2995
34,3148
34,3163
34,3234
34,3248
34,3301
34,3384
34,3411
34,3422
34,3448
34,3482
34,3503
34,3514
34,3546
34,3585
34,3608
34,3671
34,3767
34,3861
34,3912
34,3967
34,3974
34,4001
34,4010
34,4121
34,4136
34,4152
34,4172
34,4257
34,4268
34,4274
34,4307
34,4338
34,4342
34,4384
34,4457
34,4459
34,4616
34,4677
34,4695
34,4704
34,4715
34,4722
34,4758
34,4846
34,4897
34,4959
34,4973
34,5007
34,5073
34,5224
34,5276
34,5476
34,5649
34,5674
34,5734
34,5817
34,5827
34,5828
34,5959
34,6008
34,6110
34,6248
34,6296
34,6395
34,6428
34,6481
34,6616
34,6643
34,6731
34,6837
34,6968
34,7004
34,7055
34,7293
34,7385
34,7422
34,7568
34,7595
34,7699
34,7718
34,7767
34,7836
34,7896
34,8040
34,8315
34,8395
34,8488
34,8550
34,8577
34,8673
34,8709
34,8726
34,8744
34,8758
34,8767
34,8819
34,9052
34,9091
34,9100
34,9335
34,9403
34,9488
34,9801
34,9849
34,9868
34,10309
34,10317
34,10340
34,10347
34,10373
34,10392
34,10471
34,10663
34,10884
34,10958
34,11106
34,11203
34,11259
34,11399
34,11537
34,11582
34,11830
34,12085
34,12175
34,12193
34,12215
34,12362
34,12375
34,12469
34,12560
34,12577
34,12578
34,12671
34,12681
34,12943
34,12987
34,13067
34,13100
34,13239
34,13397
34,13700
34,13987
34,14191
34,14262
34,14363
34,14581
34,14705
34,14955
34,15014
34,15094
34,15158
34,15261
34,15390
34,15410
34,15481
34,15525
34,15547
34,15552
34,15894
34,16175
34,16319
34,16524
34,16628
34,16649
34,17026
34,17047
34,17183
34,17251
34,17469
34,17470
34,17548
34,17596
34,17626
34,17661
34,17687
34,17866
34,18009
34,18058
34,18134
34,18193
34,18288
34,18552
34,18763
34,18829
34,18845
34,18863
34,19018
34,19041
34,19145
34,19307
34,19404
34,19468
34,19554
34,19661
34,19695
34,19716
34,19720
34,19760
34,19934
34,20042
34,20090
34,20096
35,1
35,2
35,11
35,18
35,23
35,25
35,26
35,30
35,39
35,77
35,85
35,95
35,104
35,115
35,118
35,120
35,133
35,146
35,149
35,152
35,170
35,174
35,259
35,272
35,282
35,319
35,344
35,355
35,372
35,381
35,383
35,390
35,396
35,432
35,436
35,438
35,465
35,480
35,490
35,519
35,546
35,564
35,576
35,596
35,607
35,615
35,653
35,792
35,865
35,888
35,889
35,898
35,899
35,913
35,951
35,959
35,985
35,1017
35,1084
35,1096
35,1103
35,1119
35,1142
35,1147
35,1168
35,1179
35,1180
35,1195
35,1199
35,1213
35,1274
35,1311
35,1315
35,1345
35,1455
35,1480
35,1533
35,1561
35,1599
35,1613
35,1658
35,1667
35,1717
35,1745
35,1777
35,1778
35,1817
35,1836
35,1853
35,1878
35,1888
35,1926
35,1931
35,1936
35,1962
35,1967
35,2125
35,2152
35,2156
35,2162
35,2192
35,2250
35,2253
35,2294
35,2305
35,2338
35,2360
35,2376
35,2408
35,2424
35,2493
35,2538
35,2621
35,2640
35,2658
35,2729
35,2748
35,2767
35,2813
35,2906
35,2958
35,2981
35,2987
35,3103
35,3112
35,3237
35,3290
35,3294
35,3311
35,3312
35,3326
35,3333
35,3344
35,3347
35,3361
35,3431
35,3475
35,3488
35,3489
35,3530
35,3622
35,3666
35,3755
35,3757
35,3781
35,3840
35,3842
35,3859
35,4014
35,4097
35,4103
35,4109
35,4132
35,4141
35,4230
35,4303
35,4417
35,4437
35,4461
35,4518
35,4595
35,4638
35,4674
35,4693
35,4709
35,4727
35,4822
35,4837
35,4938
35,4980
35,4981
35,5067
35,5085
35,5112
35,5171
35,5180
35,5212
35,5218
35,5259
35,5386
35,5399
35,5445
35,5467
35,5499
35,5526
35,5606
35,5648
35,5707
35,5823
35,5899
35,5945
35,5965
35,5971
35,6025
35,6034
35,6050
35,6076
35,6118
35,6151
35,6234
35,6354
35,6389
35,6500
35,6643
35,6657
35,6722
35,6795
35,6865
35,6912
35,6923
35,6930
35,6936
35,7036
35,7093
35,7132
35,7221
35,7228
35,7249
35,7303
35,7392
35,7456
35,7470
35,7498
35,7501
35,7512
35,7517
35,7568
35,7597
35,7648
35,7741
35,7744
35,7771
35,7784
35,7905
35,7950
35,7983
35,7990
35,8005
35,8332
35,8355
35,8492
35,8505
35,8525
35,8593
35,8620
35,8648
35,8780
35,8837
35,8887
35,8941
35,9144
35,9399
35,9405
35,9518
35,9584
35,9804
35,9818
35,9819
35,9846
35,9931
35,9968
35,10115
35,10272
35,10290
35,10325
35,10396
35,10424
35,10441
35,10463
35,10480
35,10481
35,10507
35,10572
35,10712
35,10749
35,10767
35,10823
35,10891
35,10911
35,10919
35,10988
35,11009
35,11057
35,11063
35,11068
35,11149
35,11237
35,11262
35,11308
35,11309
35,11337
35,11343
35,11355
35,11386
35,11432
35,11434
35,11462
35,11522
35,11525
35,11558
35,11570
35,11651
35,11655
35,11699
35,11749
35,11753
35,11776
35,11828
35,11861
35,11880
35,11909
35,11937
35,11956
35,11994
35,12041
35,12079
35,12096
35,12147
35,12239
35,12252
35,12309
35,12341
35,12489
35,12543
35,12598
35,12607
35,12623
35,12632
35,12633
35,12634
35,12666
35,12765
35,12795
35,12851
35,12888
35,12913
35,13057
35,13111
35,13172
35,13386
35,13463
35,13467
35,13587
35,13853
35,13973
35,14094
35,14178
35,14325
35,14414
35,14457
35,14490
35,14569
35,14653
35,14686
35,14744
35,14767
35,14881
35,14907
35,14909
35,14962
35,14964
35,14988
35,15010
35,15024
35,15069
35,15098
35,15107
35,15129
35,15161
35,15182
35,15186
35,15284
35,15380
35,15397
35,15406
35,15447
35,15544
35,15615
35,15628
35,15717
35,15722
35,15840
35,15860
35,15885
35,15984
35,16085
35,16338
35,16347
35,16433
35,16447
35,16482
35,16562
35,16669
35,16794
35,16798
35,16815
35,16928
35,17074
35,17091
35,17115
35,17116
35,17169
35,17184
35,17228
35,17399
35,17651
35,17912
35,17952
35,17977
35,18037
35,18065
35,18228
35,18375
35,18454
35,18460
35,18481
35,18492
35,18515
35,18528
35,18590
35,18652
35,18667
35,18724
35,18728
35,18781
35,18814
35,18872
35,18990
35,18992
35,19001
35,19032
35,19154
35,19279
35,19327
35,19375
35,19402
35,19432
35,19540
35,19657
35,19840
35,19966
35,20010
35,20020
35,20095
35,20112
35,20124
35,20190
36,2
36,3
36,11
36,14
36,19
36,20
36,22
36,24
36,25
36,39
36,54
36,66
36,71
36,77
36,81
36,86
36,91
36,94
36,104
36,105
36,110
36,115
36,130
36,142
36,149
36,155
36,159
36,174
36,180
36,198
36,203
36,212
36,215
36,218
36,222
36,227
36,230
36,248
36,258
36,280
36,284
36,303
36,314
36,322
36,344
36,351
36,353
36,358
36,365
36,370
36,372
36,376
36,383
36,385
36,387
36,389
36,390
36,394
36,409
36,430
36,445
36,446
36,451
36,480
36,503
36,517
36,519
36,549
36,560
36,567
36,569
36,582
36,613
36,615
36,648
36,659
36,729
36,746
36,750
36,755
36,757
36,766
36,771
36,786
36,814
36,819
36,836
36,859
36,862
36,867
36,875
36,880
36,887
36,923
36,936
36,994
36,1009
36,1013
36,1015
36,1016
36,1021
36,1033
36,1051
36,1078
36,1088
36,1119
36,1139
36,1149
36,1152
36,1155
36,1180
36,1190
36,1255
36,1260
36,1275
36,1296
36,1298
36,1332
36,1343
36,1394
36,1404
36,1443
36,1452
36,1467
36,1486
36,1528
36,1536
36,1540
36,1566
36,1580
36,1612
36,1613
36,1624
36,1648
36,1663
36,1675
36,1691
36,1759
36,1764
36,1767
36,1821
36,1848
36,1875
36,1891
36,1898
36,1901
36,1903
36,1908
36,1929
36,1936
36,1966
36,1988
36,2025
36,2038
36,2100
36,2133
36,2188
36,2189
36,2210
36,2224
36,2235
36,2250
36,2319
36,2326
36,2349
36,2390
36,2416
36,2446
36,2473
36,2517
36,2529
36,2585
36,2614
36,2643
36,2653
36,2654
36,2686
36,2708
36,2734
36,3033
36,3058
36,3130
36,3162
36,3239
36,3253
36,3299
36,3315
36,3331
36,3351
36,3389
36,3424
36,3431
36,3498
36,3573
36,3617
36,3657
36,3672
36,3738
36,3739
36,3751
36,3777
36,3795
36,3841
36,3862
36,3961
36,3965
36,3979
36,3991
36,4029
36,4147
36,4287
36,4290
36,4300
36,4304
36,4306
36,4386
36,4402
36,4443
36,4446
36,4461
36,4464
36,4531
36,4535
36,4562
36,4594
36,4600
36,4795
36,4844
36,5012
36,5122
36,5152
36,5161
36,5169
36,5197
36,5339
36,5340
36,5426
36,5512
36,5585
36,5597
36,5644
36,5652
36,5685
36,5710
36,5756
36,5780
36,5857
36,5858
36,5869
36,5900
36,5937
36,6010
36,6126
36,6159
36,6169
36,6234
36,6286
36,6416
36,6438
36,6516
36,6743
36,6758
36,6909
36,6914
36,6926
36,6938
36,6998
36,7022
36,7023
36,7056
36,7110
36,7166
36,7312
36,7315
36,7386
36,7407
36,7416
36,7512
36,7524
36,7597
36,7603
36,7752
36,7917
36,7979
36,8031
36,8140
36,8152
36,8185
36,8257
36,8265
36,8306
36,8332
36,8383
36,8387
36,8423
36,8435
36,8450
36,8533
36,8599
36,8748
36,8894
36,9065
36,9130
36,9140
36,9452
36,9453
36,9463
36,9663
36,9721
36,9955
36,10080
36,10195
36,10245
36,10393
36,10487
36,10517
36,10522
36,10591
36,10599
36,10604
36,10680
36,10711
36,10781
36,10811
36,10851
36,10872
36,11015
36,11022
36,11205
36,11246
36,11348
36,11433
36,11463
36,11510
36,11549
36,11589
36,11625
36,11657
36,11693
36,11712
36,11714
36,11740
36,11760
36,11771
36,11816
36,11834
36,11845
36,11892
36,11895
36,11896
36,11947
36,12013
36,12040
36,12084
36,12087
36,12133
36,12143
36,12216
36,12306
36,12321
36,12325
36,12451
36,12521
36,12614
36,12654
36,12655
36,12675
36,12778
36,12783
36,12820
36,12893
36,12910
36,13001
36,13019
36,13069
36,13074
36,13091
36,13180
36,13188
36,13209
36,13311
36,13449
36,13576
36,13577
36,13578
36,13600
36,13618
36,13780
36,13835
36,13897
36,14075
36,14091
36,14187
36,14190
36,14216
36,14230
36,14238
36,14275
36,14277
36,14283
36,14284
36,14294
36,14365
36,14407
36,14438
36,14475
36,14626
36,14714
36,14776
36,14790
36,14823
36,14936
36,14986
36,15016
36,15047
36,15171
36,15277
36,15278
36,15314
36,15348
36,15373
36,15433
36,15441
36,15479
36,15619
36,15642
36,15643
36,15653
36,15663
36,15780
36,15792
36,15796
36,15835
36,15912
36,15916
36,15988
36,16009
36,16047
36,16133
36,16140
36,16148
36,16186
36,16187
36,16195
36,16233
36,16251
36,16303
36,16380
36,16391
36,16407
36,16416
36,16475
36,16493
36,16516
36,16606
36,16609
36,16616
36,16739
36,16770
36,16940
36,16964
36,17042
36,17062
36,17075
36,17076
36,17082
36,17083
36,17121
36,17134
36,17224
36,17275
36,17357
36,17487
36,17528
36,17628
36,17648
36,17688
36,17695
36,17696
36,17725
36,17824
36,17947
36,17968
36,17972
36,17979
36,17984
36,18136
36,18191
36,18214
36,18234
36,18254
36,18274
36,18280
36,18295
36,18299
36,18345
36,18347
36,18357
36,18370
36,18373
36,18379
36,18423
36,18444
36,18464
36,18501
36,18516
36,18564
36,18752
36,18764
36,18851
36,18938
36,18947
36,18978
36,19053
36,19172
36,19173
36,19219
36,19222
36,19223
36,19251
36,19265
36,19286
36,19311
36,19345
36,19405
36,19430
36,19456
36,19539
36,19552
36,19571
36,19688
36,19698
36,19719
36,19746
36,19789
36,19803
36,19820
36,19872
36,19880
36,20134
36,20247
37,2
37,14
37,19
37,22
37,31
37,47
37,50
37,53
37,64
37,71
37,94
37,151
37,158
37,175
37,221
37,256
37,260
37,344
37,351
37,367
37,376
37,378
37,387
37,390
37,451
37,459
37,573
37,577
37,581
37,583
37,584
37,613
37,630
37,660
37,671
37,699
37,711
37,717
37,722
37,736
37,755
37,757
37,786
37,816
37,827
37,859
37,867
37,917
37,936
37,953
37,960
37,1021
37,1108
37,1112
37,1144
37,1152
37,1190
37,1270
37,1275
37,1343
37,1354
37,1370
37,1404
37,1429
37,1490
37,1499
37,1560
37,1580
37,1583
37,1604
37,1635
37,1738
37,1759
37,1789
37,1880
37,1900
37,1929
37,1936
37,1942
37,1955
37,1973
37,1981
37,2100
37,2120
37,2133
37,2160
37,2161
37,2265
37,2283
37,2298
37,2370
37,2381
37,2390
37,2445
37,2483
37,2507
37,2535
37,2623
37,2642
37,2643
37,2785
37,2865
37,3050
37,3062
37,3117
37,3127
37,3129
37,3181
37,3217
37,3230
37,3266
37,3283
37,3334
37,3360
37,3361
37,3371
37,3431
37,3432
37,3442
37,3511
37,3566
37,3617
37,3626
37,3672
37,3708
37,3730
37,3751
37,3756
37,3767
37,3914
37,3977
37,3989
37,3998
37,4100
37,4180
37,4191
37,4215
37,4222
37,4262
37,4290
37,4376
37,4394
37,4398
37,4427
37,4443
37,4531
37,4541
37,4545
37,4588
37,4626
37,4754
37,4757
37,5063
37,5066
37,5079
37,5161
37,5183
37,5197
37,5287
37,5293
37,5351
37,5405
37,5436
37,5438
37,5443
37,5465
37,5549
37,5575
37,5581
37,5601
37,5639
37,5769
37,5775
37,5792
37,5794
37,5813
37,5989
37,6022
37,6031
37,6128
37,6186
37,6201
37,6216
37,6257
37,6343
37,6400
37,6435
37,6505
37,6513
37,6595
37,6599
37,6647
37,6649
37,6664
37,6672
37,6710
37,6715
37,6720
37,6776
37,6817
37,6871
37,6914
37,6975
37,6981
37,7144
37,7154
37,7248
37,7252
37,7268
37,7276
37,7303
37,7409
37,7472
37,7498
37,7524
37,7576
37,7619
37,7632
37,7639
37,7775
37,8024
37,8074
37,8159
37,8208
37,8335
37,8445
37,8500
37,8512
37,8565
37,8735
37,8784
37,8814
37,8918
37,9140
37,9220
37,9261
37,9473
37,9492
37,9675
37,9755
37,9840
37,9870
37,9964
37,10064
37,10066
37,10155
37,10236
37,10496
37,10580
37,10631
37,10795
37,10809
37,11015
37,11298
37,11321
37,11374
37,11417
37,11428
37,11902
37,11939
37,11943
37,12029
37,12104
37,12109
37,12112
37,12190
37,12365
37,12614
37,12711
37,12771
37,12885
37,12909
37,13015
37,13021
37,13428
37,13514
37,13530
37,13600
37,13608
37,13699
37,13708
37,13795
37,13887
37,14056
37,14066
37,14291
37,14295
37,14426
37,14505
37,14547
37,14753
37,15250
37,15269
37,15273
37,15283
37,15308
37,15313
37,15367
37,15376
37,15421
37,15497
37,15501
37,15554
37,15576
37,15642
37,15678
37,15706
37,15787
37,15793
37,15880
37,15890
37,16017
37,16119
37,16124
37,16134
37,16339
37,16342
37,16403
37,16443
37,16445
37,16458
37,16575
37,16598
37,16743
37,17069
37,17204
37,17647
37,17745
37,17999
37,18103
37,18157
37,18326
37,18445
37,18529
37,18625
37,18757
37,18849
37,18862
37,18918
37,18933
37,18967
37,19074
37,19301
37,19392
37,19699
37,19868
37,19953
37,20031
37,20114
37,20158
38,18
38,20
38,49
38,79
38,89
38,91
38,109
38,111
38,116
38,127
38,130
38,151
38,187
38,195
38,233
38,237
38,252
38,253
38,255
38,268
38,280
38,301
38,317
38,343
38,344
38,347
38,354
38,364
38,382
38,421
38,447
38,467
38,494
38,495
38,497
38,578
38,586
38,605
38,621
38,680
38,684
38,705
38,732
38,738
38,774
38,777
38,778
38,791
38,801
38,812
38,830
38,876
38,896
38,999
38,1001
38,1005
38,1047
38,1090
38,1113
38,1128
38,1132
38,1134
38,1154
38,1171
38,1178
38,1223
38,1256
38,1291
38,1388
38,1390
38,1407
38,1487
38,1502
38,1519
38,1532
38,1542
38,1575
38,1604
38,1708
38,1720
38,1825
38,1850
38,1874
38,1879
38,1890
38,1939
38,1941
38,1952
38,1973
38,2005
38,2048
38,2082
38,2163
38,2241
38,2265
38,2268
38,2429
38,2452
38,2456
38,2469
38,2532
38,2549
38,2645
38,2683
38,2771
38,2775
38,2796
38,2840
38,2842
38,2848
38,2858
38,2920
38,3018
38,3034
38,3043
38,3053
38,3142
38,3156
38,3159
38,3161
38,3234
38,3319
38,3481
38,3604
38,3640
38,3641
38,3745
38,3824
38,3931
38,3935
38,3981
38,4088
38,4153
38,4289
38,4293
38,4321
38,4333
38,4366
38,4371
38,4475
38,4525
38,4620
38,4681
38,4745
38,4764
38,4815
38,4826
38,4894
38,4930
38,4933
38,4941
38,4996
38,5148
38,5242
38,5306
38,5341
38,5431
38,5493
38,5496
38,5565
38,5593
38,5618
38,5713
38,5759
38,5772
38,5986
38,5990
38,6013
38,6071
38,6083
38,6136
38,6150
38,6293
38,6348
38,6368
38,6465
38,6471
38,6485
38,6592
38,6673
38,6793
38,6850
38,6997
38,7009
38,7025
38,7063
38,7085
38,7094
38,7095
38,7183
38,7282
38,7329
38,7508
38,7846
38,7863
38,7918
38,8010
38,8059
38,8060
38,8088
38,8448
38,8452
38,8547
38,8707
38,8775
38,8860
38,8870
38,9215
38,9227
38,9247
38,9329
38,9397
38,9407
38,9500
38,9501
38,9522
38,9668
38,9678
38,9825
38,9853
38,10279
38,11078
38,11261
38,11471
38,11824
38,11841
38,11923
38,12231
38,12262
38,12269
38,12359
38,12360
38,12397
38,12585
38,12716
38,12904
38,12998
38,13002
38,13088
38,13201
38,13213
38,13268
38,13274
38,13283
38,13307
38,13316
38,13493
38,13560
38,13737
38,13907
38,14073
38,14470
38,14503
38,14866
38,14922
38,15049
38,15076
38,15138
38,15290
38,15664
38,15759
38,16037
38,16205
38,16386
38,16485
38,16957
38,17123
38,17227
38,17272
38,17358
38,17414
38,17428
38,17504
38,17545
38,17619
38,17634
38,17907
38,18181
38,18289
38,18312
38,18328
38,18496
38,18773
38,19346
38,19531
38,19712
38,19960
39,1
39,10
39,14
39,15
39,18
39,19
39,20
39,24
39,25
39,32
39,47
39,49
39,53
39,79
39,80
39,86
39,91
39,105
39,111
39,114
39,115
39,126
39,142
39,180
39,193
39,197
39,199
39,200
39,203
39,209
39,215
39,218
39,221
39,227
39,230
39,263
39,264
39,275
39,300
39,326
39,333
39,343
39,344
39,365
39,370
39,374
39,382
39,390
39,391
39,394
39,399
39,422
39,445
39,446
39,462
39,473
39,494
39,501
39,550
39,578
39,598
39,605
39,613
39,621
39,635
39,659
39,667
39,673
39,716
39,750
39,755
39,767
39,789
39,820
39,836
39,839
39,847
39,868
39,876
39,881
39,906
39,949
39,961
39,963
39,1006
39,1015
39,1033
39,1038
39,1052
39,1088
39,1097
39,1100
39,1140
39,1181
39,1190
39,1193
39,1198
39,1246
39,1250
39,1306
39,1309
39,1331
39,1356
39,1363
39,1399
39,1405
39,1410
39,1417
39,1448
39,1513
39,1525
39,1566
39,1582
39,1619
39,1629
39,1642
39,1673
39,1737
39,1760
39,1802
39,1821
39,1903
39,1930
39,1936
39,1950
39,1966
39,1968
39,1983
39,2013
39,2041
39,2122
39,2161
39,2181
39,2250
39,2348
39,2377
39,2444
39,2467
39,2473
39,2614
39,2703
39,2732
39,2763
39,2833
39,2849
39,2870
39,2899
39,2916
39,2971
39,3224
39,3270
39,3353
39,3360
39,3375
39,3404
39,3436
39,3454
39,3487
39,3573
39,3587
39,3615
39,3824
39,3879
39,3892
39,4115
39,4309
39,4310
39,4348
39,4485
39,4496
39,4606
39,4610
39,4628
39,4702
39,4738
39,4861
39,4872
39,4879
39,4915
39,4917
39,4930
39,4994
39,5012
39,5071
39,5239
39,5249
39,5326
39,5385
39,5406
39,5437
39,5452
39,5468
39,5652
39,5728
39,5777
39,5799
39,5820
39,5866
39,5956
39,6040
39,6092
39,6103
39,6121
39,6193
39,6237
39,6280
39,6438
39,6439
39,6525
39,6576
39,6889
39,6892
39,6938
39,7035
39,7084
39,7173
39,7295
39,7321
39,7595
39,7732
39,7751
39,7816
39,7840
39,7896
39,8052
39,8087
39,8175
39,8234
39,8254
39,8374
39,8528
39,8579
39,8596
39,8599
39,8606
39,8664
39,8847
39,9049
39,9280
39,9352
39,9462
39,9544
39,9557
39,9676
39,9704
39,9726
39,9738
39,9806
39,9820
39,9914
39,9965
39,10114
39,10123
39,10209
39,10337
39,10422
39,10563
39,10731
39,10840
39,10935
39,10953
39,10992
39,11016
39,11316
39,11416
39,11498
39,11515
39,11536
39,11555
39,11596
39,11803
39,11926
39,12208
39,12273
39,12328
39,12369
39,12439
39,12458
39,12582
39,12761
39,12968
39,12989
39,13096
39,13175
39,13177
39,13179
39,13525
39,13555
39,13588
39,13690
39,13721
39,13734
39,13867
39,13888
39,13928
39,14234
39,14258
39,14337
39,14541
39,14548
39,14630
39,14678
39,14750
39,14872
39,14960
39,14963
39,15042
39,15068
39,15082
39,15097
39,15197
39,15216
39,15221
39,15244
39,15252
39,15398
39,15472
39,15578
39,15656
39,15679
39,15753
39,15819
39,15896
39,15913
39,15981
39,16050
39,16086
39,16109
39,16145
39,16286
39,16351
39,16746
39,16801
39,16960
39,17178
39,17222
39,17243
39,17312
39,17421
39,17678
39,17741
39,17742
39,17792
39,17810
39,17852
39,17867
39,17932
39,17983
39,18028
39,18081
39,18112
39,18129
39,18162
39,18189
39,18213
39,18455
39,18521
39,18557
39,18587
39,18591
39,18618
39,18619
39,18650
39,18902
39,18996
39,19100
39,19548
39,19707
39,19751
39,19774
39,19856
39,19869
39,20078
39,20186
39,20246
40,2
40,9
40,11
40,18
40,21
40,25
40,30
40,39
40,47
40,78
40,86
40,108
40,115
40,130
40,175
40,219
40,226
40,241
40,270
40,283
40,315
40,318
40,343
40,344
40,367
40,376
40,378
40,416
40,451
40,452
40,468
40,479
40,496
40,519
40,548
40,607
40,658
40,707
40,717
40,788
40,812
40,827
40,832
40,842
40,851
40,867
40,884
40,1026
40,1035
40,1139
40,1179
40,1311
40,1353
40,1389
40,1476
40,1565
40,1568
40,1625
40,1628
40,1750
40,1789
40,1824
40,1881
40,1942
40,1973
40,2058
40,2099
40,2172
40,2265
40,2302
40,2372
40,2487
40,2536
40,2647
40,2693
40,2699
40,2935
40,2965
40,3047
40,3099
40,3195
40,3203
40,3302
40,3350
40,3357
40,3472
40,3534
40,3594
40,3602
40,3627
40,3675
40,3765
40,3771
40,3920
40,4082
40,4083
40,4191
40,4232
40,4240
40,4278
40,4352
40,4400
40,4487
40,4641
40,4707
40,4816
40,4830
40,5043
40,5131
40,5212
40,5261
40,5370
40,5479
40,5764
40,5802
40,5847
40,5951
40,6123
40,6265
40,6271
40,6289
40,6307
40,6313
40,6315
40,6327
40,6354
40,6428
40,6443
40,6450
40,6495
40,6530
40,6531
40,6534
40,6586
40,6594
40,6642
40,6720
40,6727
40,6769
40,6812
40,6866
40,6902
40,6996
40,7231
40,7246
40,7262
40,7288
40,7289
40,7294
40,7310
40,7443
40,7606
40,7686
40,7695
40,7891
40,7983
40,8083
40,8177
40,8306
40,8373
40,8526
40,8567
40,8574
40,8710
40,8714
40,8871
40,8883
40,9044
40,9199
40,9349
40,9579
40,9618
40,9695
40,9745
40,9813
40,9893
40,9900
40,9923
40,10112
40,10247
40,10378
40,10835
40,10901
40,10951
40,11132
40,11171
40,11194
40,11383
40,11641
40,11655
40,11689
40,11697
40,11830
40,11838
40,11865
40,11904
40,11938
40,12050
40,12088
40,12256
40,12291
40,12574
40,12846
40,12929
40,12953
40,12996
40,13295
40,13444
40,13716
40,13735
40,13818
40,13939
40,14210
40,14323
40,14404
40,14468
40,14671
40,14808
40,14841
40,14870
40,15009
40,15172
40,15553
40,15559
40,15983
40,16013
40,16125
40,16137
40,16138
40,16285
40,16322
40,16368
40,16658
40,16834
40,16856
40,16995
40,17155
40,17260
40,17440
40,17448
40,17520
40,17541
40,17923
40,18121
40,18190
40,18261
40,18292
40,18320
40,18371
40,18504
40,18696
40,18835
40,19020
40,19255
40,19317
40,19348
40,19387
40,19443
40,19713
40,19738
40,19744
40,19793
40,19837
40,19879
40,20052
40,20054
40,20100
41,1
41,2
41,11
41,18
41,25
41,26
41,39
41,46
41,53
41,61
41,70
41,78
41,81
41,88
41,104
41,115
41,144
41,180
41,203
41,211
41,214
41,248
41,258
41,272
41,283
41,316
41,344
41,372
41,379
41,381
41,431
41,432
41,463
41,465
41,474
41,510
41,523
41,542
41,548
41,549
41,557
41,564
41,569
41,577
41,607
41,615
41,784
41,795
41,804
41,812
41,813
41,819
41,865
41,891
41,894
41,902
41,955
41,972
41,988
41,992
41,1022
41,1026
41,1102
41,1103
41,1119
41,1147
41,1194
41,1225
41,1290
41,1304
41,1315
41,1369
41,1436
41,1457
41,1544
41,1564
41,1571
41,1633
41,1641
41,1717
41,1729
41,1745
41,1804
41,1812
41,1888
41,1896
41,1936
41,1957
41,1988
41,2042
41,2079
41,2097
41,2116
41,2125
41,2152
41,2162
41,2187
41,2189
41,2235
41,2296
41,2321
41,2381
41,2399
41,2435
41,2493
41,2498
41,2515
41,2543
41,2627
41,2721
41,2727
41,2745
41,2765
41,2767
41,2828
41,2939
41,2954
41,3003
41,3030
41,3032
41,3049
41,3059
41,3095
41,3096
41,3168
41,3191
41,3312
41,3344
41,3345
41,3354
41,3356
41,3378
41,3398
41,3427
41,3431
41,3483
41,3639
41,3646
41,3673
41,3692
41,3727
41,3768
41,3795
41,3806
41,3859
41,3880
41,3926
41,3953
41,3965
41,3967
41,4022
41,4130
41,4132
41,4135
41,4147
41,4169
41,4297
41,4352
41,4364
41,4373
41,4405
41,4437
41,4447
41,4540
41,4580
41,4653
41,4672
41,4676
41,4758
41,4790
41,4827
41,4949
41,4991
41,4993
41,5005
41,5048
41,5085
41,5118
41,5134
41,5195
41,5208
41,5248
41,5282
41,5461
41,5480
41,5564
41,5751
41,5859
41,5945
41,6014
41,6388
41,6452
41,6479
41,6494
41,6518
41,6570
41,6697
41,6736
41,6799
41,6863
41,6884
41,6908
41,6923
41,6927
41,7000
41,7093
41,7162
41,7234
41,7244
41,7258
41,7290
41,7464
41,7512
41,7542
41,7664
41,7744
41,8069
41,8155
41,8229
41,8349
41,8429
41,8463
41,8490
41,8492
41,8586
41,8679
41,8710
41,8738
41,8751
41,8786
41,8886
41,8916
41,8967
41,8977
41,9076
41,9231
41,9251
41,9340
41,9359
41,9485
41,9571
41,9588
41,9622
41,9715
41,9880
41,9925
41,9968
41,9985
41,10069
41,10103
41,10338
41,10431
41,10442
41,10481
41,10584
41,10657
41,10703
41,10748
41,10783
41,10788
41,10789
41,10794
41,10817
41,11031
41,11045
41,11066
41,11070
41,11159
41,11212
41,11482
41,11523
41,11530
41,11599
41,12026
41,12078
41,12406
41,12423
41,12430
41,12471
41,12524
41,12562
41,12576
41,12666
41,12688
41,12757
41,12806
41,12832
41,12938
41,13011
41,13154
41,13251
41,13313
41,13330
41,13353
41,13409
41,13426
41,13464
41,13512
41,13610
41,13752
41,13865
41,13884
41,13972
41,13985
41,14119
41,14136
41,14275
41,14587
41,14624
41,14692
41,14798
41,14819
41,14858
41,15016
41,15093
41,15104
41,15144
41,15176
41,15266
41,15284
41,15334
41,15370
41,15503
41,15512
41,15702
41,15743
41,15839
41,15843
41,15959
41,16018
41,16028
41,16060
41,16068
41,16090
41,16142
41,16267
41,16361
41,16488
41,16492
41,16509
41,16548
41,16549
41,16550
41,16624
41,16692
41,16700
41,16789
41,16868
41,16963
41,17001
41,17164
41,17171
41,17201
41,17241
41,17286
41,17409
41,17437
41,17506
41,17718
41,17732
41,17848
41,17909
41,18015
41,18022
41,18235
41,18452
41,18465
41,18518
41,18593
41,18693
41,18722
41,18760
41,18815
41,18836
41,18972
41,19122
41,19330
41,19393
41,19472
41,19574
41,19582
41,19669
41,19678
41,19737
41,19804
41,19850
41,19883
41,19935
41,19997
41,20039
41,20094
41,20132
41,20170
41,20194
41,20261
43,1
43,2
43,15
43,18
43,20
43,35
43,49
43,53
43,79
43,91
43,125
43,127
43,159
43,165
43,166
43,195
43,203
43,213
43,253
43,255
43,263
43,317
43,343
43,344
43,354
43,372
43,399
43,421
43,422
43,426
43,447
43,494
43,495
43,501
43,611
43,621
43,670
43,716
43,735
43,778
43,791
43,796
43,830
43,863
43,876
43,877
43,896
43,906
43,928
43,1001
43,1113
43,1141
43,1154
43,1167
43,1198
43,1200
43,1232
43,1233
43,1242
43,1291
43,1410
43,1448
43,1502
43,1514
43,1532
43,1542
43,1599
43,1610
43,1632
43,1665
43,1745
43,1794
43,1936
43,1939
43,1952
43,1973
43,2003
43,2048
43,2055
43,2128
43,2241
43,2265
43,2274
43,2303
43,2320
43,2404
43,2417
43,2470
43,2501
43,2532
43,2607
43,2637
43,2768
43,2775
43,2848
43,3048
43,3093
43,3151
43,3167
43,3186
43,3319
43,3375
43,3436
43,3446
43,3457
43,3493
43,3593
43,3640
43,3655
43,3728
43,3889
43,3946
43,4216
43,4256
43,4264
43,4289
43,4309
43,4360
43,4371
43,4515
43,4527
43,4611
43,4613
43,4697
43,4708
43,4874
43,4875
43,4886
43,5031
43,5295
43,5324
43,5350
43,5384
43,5454
43,5533
43,5565
43,5599
43,5618
43,5722
43,5776
43,5904
43,6045
43,6077
43,6097
43,6112
43,6293
43,6372
43,6465
43,6466
43,6485
43,6547
43,6579
43,6687
43,6781
43,6801
43,6928
43,6959
43,6997
43,7026
43,7081
43,7201
43,7260
43,7712
43,7778
43,7892
43,7996
43,8097
43,8396
43,8555
43,8600
43,8692
43,8808
43,8851
43,8920
43,9016
43,9097
43,9117
43,9209
43,9339
43,9402
43,9476
43,9491
43,9616
43,9921
43,10023
43,10304
43,10400
43,10527
43,10590
43,10793
43,10993
43,11074
43,11188
43,11399
43,11537
43,11539
43,11595
43,11636
43,11733
43,11830
43,12107
43,12166
43,12243
43,12353
43,12556
43,12697
43,13117
43,13294
43,13420
43,13458
43,13557
43,13605
43,13659
43,13700
43,13866
43,13911
43,13925
43,13952
43,14072
43,14124
43,14221
43,14434
43,14664
43,14781
43,14924
43,15157
43,15260
43,15423
43,15427
43,15567
43,15634
43,15964
43,16066
43,16379
43,16461
43,16918
43,17056
43,17244
43,17282
43,17373
43,17737
43,18220
43,18360
43,18437
43,18443
43,18536
43,18839
43,18880
43,19043
43,19119
43,19218
43,19302
45,2
45,3
45,11
45,18
45,20
45,35
45,39
45,43
45,47
45,53
45,71
45,77
45,85
45,89
45,115
45,123
45,152
45,213
45,214
45,219
45,221
45,299
45,334
45,351
45,372
45,381
45,448
45,451
45,452
45,459
45,465
45,480
45,515
45,535
45,545
45,556
45,569
45,577
45,595
45,658
45,674
45,757
45,788
45,792
45,816
45,824
45,935
45,951
45,970
45,976
45,982
45,1024
45,1069
45,1077
45,1093
45,1183
45,1343
45,1368
45,1370
45,1390
45,1407
45,1414
45,1421
45,1499
45,1505
45,1537
45,1568
45,1591
45,1630
45,1646
45,1680
45,1682
45,1745
45,1777
45,1789
45,1804
45,1813
45,1819
45,1824
45,1907
45,1936
45,1958
45,1973
45,2026
45,2028
45,2081
45,2118
45,2158
45,2192
45,2210
45,2215
45,2224
45,2235
45,2302
45,2317
45,2325
45,2410
45,2441
45,2494
45,2502
45,2686
45,2733
45,2772
45,2813
45,2869
45,2935
45,2981
45,3028
45,3032
45,3099
45,3230
45,3254
45,3357
45,3498
45,3506
45,3599
45,3610
45,3626
45,3658
45,3682
45,3732
45,3748
45,3767
45,3775
45,3782
45,3784
45,3848
45,3919
45,3926
45,4146
45,4150
45,4170
45,4249
45,4305
45,4313
45,4323
45,4350
45,4412
45,4427
45,4603
45,4609
45,4623
45,4632
45,4693
45,4734
45,4758
45,4847
45,4890
45,4963
45,5013
45,5018
45,5230
45,5332
45,5358
45,5374
45,5420
45,5429
45,5474
45,5554
45,5647
45,5790
45,5791
45,5844
45,5881
45,5919
45,6166
45,6197
45,6210
45,6228
45,6264
45,6283
45,6534
45,6587
45,6610
45,6679
45,6720
45,6745
45,6902
45,6905
45,6929
45,7351
45,7410
45,7447
45,7453
45,7577
45,7609
45,7621
45,7769
45,7790
45,7913
45,8014
45,8084
45,8141
45,8148
45,8158
45,8177
45,8207
45,8366
45,8393
45,8509
45,8512
45,8537
45,8592
45,8618
45,8693
45,8752
45,8871
45,8940
45,8952
45,8989
45,9182
45,9214
45,9644
45,9737
45,9742
45,10100
45,10187
45,10188
45,10438
45,10719
45,10750
45,10821
45,10831
45,10855
45,10936
45,11067
45,11146
45,11154
45,11214
45,11247
45,11334
45,11634
45,11692
45,11857
45,11911
45,11925
45,11988
45,12020
45,12182
45,12544
45,12723
45,12776
45,12986
45,12991
45,13018
45,13058
45,13076
45,13144
45,13309
45,13334
45,13452
45,13592
45,13598
45,13689
45,13693
45,13809
45,14130
45,14141
45,14489
45,14782
45,14828
45,14855
45,14965
45,14968
45,15124
45,15464
45,15474
45,15488
45,15826
45,15838
45,15914
45,16024
45,16143
45,16220
45,16268
45,16398
45,16568
45,16578
45,16587
45,16607
45,16622
45,16625
45,16626
45,16843
45,17044
45,17066
45,17349
45,17613
45,17996
45,18023
45,18024
45,18026
45,18140
45,18366
45,18408
45,18538
45,18627
45,18812
45,18988
45,19093
45,19266
45,19318
45,19455
45,19491
47,2
47,18
47,25
47,43
47,66
47,69
47,75
47,78
47,86
47,110
47,130
47,135
47,138
47,141
47,142
47,207
47,214
47,226
47,238
47,271
47,280
47,282
47,283
47,298
47,321
47,330
47,332
47,336
47,344
47,350
47,379
47,408
47,419
47,424
47,453
47,477
47,524
47,539
47,542
47,544
47,560
47,590
47,622
47,628
47,641
47,675
47,731
47,785
47,806
47,821
47,828
47,841
47,884
47,919
47,967
47,988
47,1018
47,1035
47,1094
47,1138
47,1193
47,1229
47,1292
47,1297
47,1323
47,1334
47,1387
47,1389
47,1473
47,1558
47,1608
47,1611
47,1653
47,1712
47,1744
47,1797
47,1804
47,1807
47,1819
47,1844
47,1884
47,1936
47,1972
47,1990
47,2027
47,2042
47,2066
47,2096
47,2138
47,2141
47,2145
47,2176
47,2191
47,2201
47,2205
47,2235
47,2333
47,2381
47,2382
47,2395
47,2399
47,2521
47,2543
47,2555
47,2601
47,2613
47,2671
47,2678
47,2687
47,2754
47,2787
47,2802
47,2941
47,2962
47,2990
47,3057
47,3095
47,3099
47,3150
47,3152
47,3215
47,3226
47,3231
47,3287
47,3365
47,3398
47,3408
47,3427
47,3465
47,3517
47,3544
47,3557
47,3629
47,3673
47,3712
47,3720
47,3744
47,3793
47,3904
47,3987
47,3999
47,4182
47,4246
47,4283
47,4374
47,4590
47,4645
47,4780
47,4781
47,4825
47,4939
47,4989
47,5041
47,5125
47,5173
47,5190
47,5239
47,5260
47,5359
47,5407
47,5417
47,5498
47,5556
47,5625
47,5891
47,5915
47,5947
47,6005
47,6063
47,6081
47,6099
47,6173
47,6394
47,6404
47,6412
47,6467
47,6528
47,6670
47,6800
47,6894
47,6951
47,6991
47,7001
47,7226
47,7267
47,7297
47,7370
47,7383
47,7440
47,7469
47,7537
47,7549
47,7590
47,7630
47,7652
47,7654
47,7669
47,7676
47,7912
47,7983
47,7987
47,8096
47,8128
47,8149
47,8154
47,8189
47,8194
47,8356
47,8389
47,8408
47,8426
47,8473
47,8687
47,8691
47,8805
47,9089
47,9139
47,9151
47,9264
47,9279
47,9298
47,9301
47,9380
47,9448
47,9539
47,9552
47,9580
47,9595
47,9612
47,9628
47,9669
47,9672
47,9725
47,9763
47,9841
47,9866
47,9888
47,9896
47,10054
47,10145
47,10319
47,10379
47,10391
47,10394
47,10426
47,10531
47,10560
47,10594
47,10739
47,10967
47,11004
47,11011
47,11051
47,11125
47,11248
47,11445
47,11505
47,11559
47,11572
47,11580
47,11602
47,11649
47,11698
47,11726
47,11754
47,11852
47,11862
47,11964
47,11966
47,11967
47,12006
47,12016
47,12043
47,12197
47,12206
47,12255
47,12276
47,12329
47,12352
47,12382
47,12438
47,12460
47,12493
47,12583
47,12602
47,12663
47,12690
47,12713
47,12767
47,12847
47,12897
47,13089
47,13094
47,13298
47,13306
47,13363
47,13389
47,13399
47,13439
47,13500
47,13528
47,13545
47,13684
47,13701
47,13868
47,13986
47,14025
47,14028
47,14029
47,14106
47,14259
47,14272
47,14480
47,14536
47,14582
47,14658
47,14720
47,14882
47,14917
47,14934
47,14996
47,15018
47,15035
47,15169
47,15181
47,15195
47,15233
47,15360
47,15363
47,15391
47,15413
47,15414
47,15429
47,15443
47,15514
47,15534
47,15546
47,15606
47,15629
47,15639
47,15715
47,15810
47,15818
47,15834
47,15848
47,15955
47,16042
47,16054
47,16178
47,16208
47,16241
47,16287
47,16301
47,16336
47,16468
47,16500
47,16632
47,16642
47,16694
47,16710
47,16894
47,16898
47,16939
47,17111
47,17360
47,17361
47,17537
47,17552
47,17599
47,17637
47,17642
47,17646
47,17674
47,17681
47,17719
47,17743
47,17801
47,17811
47,17817
47,17874
47,17980
47,18055
47,18102
47,18133
47,18237
47,18271
47,18272
47,18368
47,18502
47,18534
47,18592
47,18632
47,18695
47,18854
47,18994
47,19008
47,19072
47,19076
47,19259
47,19313
47,19579
47,19592
47,19637
47,19648
47,19708
47,19791
47,19810
47,19851
47,19861
47,19929
47,19950
47,19969
47,19991
47,20185
47,20221
52,2
52,3
52,20
52,23
52,35
52,39
52,53
52,55
52,63
52,66
52,67
52,72
52,73
52,77
52,83
52,86
52,95
52,98
52,99
52,115
52,116
52,121
52,133
52,135
52,137
52,145
52,146
52,148
52,153
52,158
52,159
52,182
52,189
52,207
52,216
52,218
52,220
52,222
52,226
52,227
52,232
52,246
52,251
52,258
52,272
52,300
52,323
52,330
52,336
52,344
52,348
52,355
52,360
52,361
52,366
52,378
52,426
52,427
52,430
52,432
52,451
52,457
52,460
52,471
52,474
52,479
52,480
52,484
52,491
52,502
52,533
52,541
52,548
52,558
52,566
52,569
52,583
52,585
52,591
52,599
52,606
52,622
52,627
52,654
52,658
52,665
52,675
52,699
52,704
52,708
52,728
52,743
52,770
52,786
52,787
52,797
52,799
52,801
52,807
52,818
52,821
52,822
52,824
52,841
52,855
52,856
52,860
52,902
52,913
52,923
52,926
52,929
52,935
52,950
52,961
52,980
52,1027
52,1053
52,1060
52,1061
52,1066
52,1070
52,1100
52,1108
52,1109
52,1136
52,1150
52,1151
52,1163
52,1202
52,1205
52,1213
52,1233
52,1245
52,1258
52,1268
52,1286
52,1328
52,1347
52,1370
52,1394
52,1416
52,1425
52,1432
52,1446
52,1452
52,1462
52,1469
52,1470
52,1473
52,1479
52,1492
52,1524
52,1531
52,1535
52,1538
52,1593
52,1615
52,1616
52,1630
52,1646
52,1695
52,1724
52,1731
52,1743
52,1777
52,1801
52,1830
52,1838
52,1854
52,1855
52,1893
52,1901
52,1936
52,1989
52,1999
52,2031
52,2034
52,2098
52,2114
52,2152
52,2156
52,2160
52,2164
52,2196
52,2224
52,2271
52,2279
52,2307
52,2343
52,2364
52,2443
52,2495
52,2526
52,2535
52,2540
52,2541
52,2591
52,2693
52,2803
52,2853
52,2874
52,2891
52,2918
52,2936
52,2952
52,2978
52,2981
52,2982
52,2997
52,3040
52,3060
52,3062
52,3095
52,3112
52,3113
52,3115
52,3129
52,3190
52,3207
52,3214
52,3230
52,3254
52,3264
52,3300
52,3318
52,3326
52,3360
52,3362
52,3374
52,3453
52,3464
52,3498
52,3564
52,3596
52,3621
52,3726
52,3732
52,3783
52,3798
52,3805
52,3855
52,3863
52,3941
52,3950
52,3960
52,4019
52,4026
52,4034
52,4074
52,4092
52,4095
52,4104
52,4157
52,4158
52,4178
52,4206
52,4212
52,4249
52,4266
52,4323
52,4328
52,4346
52,4395
52,4433
52,4444
52,4454
52,4455
52,4456
52,4501
52,4511
52,4532
52,4542
52,4544
52,4561
52,4586
52,4642
52,4667
52,4686
52,4688
52,4696
52,4701
52,4750
52,4840
52,4842
52,4858
52,4868
52,4878
52,4880
52,4927
52,4961
52,4975
52,4988
52,5006
52,5014
52,5027
52,5040
52,5042
52,5150
52,5158
52,5186
52,5188
52,5193
52,5238
52,5240
52,5241
52,5262
52,5277
52,5293
52,5321
52,5335
52,5342
52,5364
52,5433
52,5483
52,5507
52,5519
52,5551
52,5586
52,5611
52,5628
52,5650
52,5665
52,5682
52,5718
52,5726
52,5807
52,5824
52,5842
52,5843
52,5844
52,5861
52,5873
52,5914
52,5924
52,5928
52,5942
52,5945
52,5953
52,5974
52,5982
52,6017
52,6024
52,6046
52,6048
52,6057
52,6061
52,6116
52,6152
52,6167
52,6188
52,6210
52,6282
52,6283
52,6333
52,6356
52,6385
52,6410
52,6524
52,6535
52,6540
52,6563
52,6570
52,6607
52,6613
52,6657
52,6662
52,6665
52,6700
52,6723
52,6879
52,6882
52,6888
52,6898
52,6927
52,6932
52,6942
52,6945
52,6983
52,7014
52,7021
52,7151
52,7160
52,7326
52,7389
52,7423
52,7460
52,7474
52,7497
52,7624
52,7634
52,7742
52,7746
52,7805
52,7807
52,7811
52,7830
52,7837
52,7848
52,7853
52,7887
52,7888
52,7907
52,7922
52,7933
52,7948
52,7952
52,7954
52,7959
52,7973
52,7975
52,7976
52,8053
52,8061
52,8105
52,8108
52,8249
52,8277
52,8279
52,8289
52,8308
52,8344
52,8351
52,8370
52,8443
52,8453
52,8466
52,8524
52,8576
52,8610
52,8645
52,8654
52,8666
52,8742
52,8792
52,8833
52,8843
52,8852
52,8988
52,9084
52,9085
52,9178
52,9185
52,9186
52,9192
52,9204
52,9213
52,9225
52,9237
52,9295
52,9321
52,9333
52,9370
52,9419
52,9508
52,9573
52,9685
52,9711
52,9723
52,9729
52,9735
52,9754
52,9760
52,9789
52,9882
52,9883
52,9927
52,9942
52,9961
52,10040
52,10077
52,10108
52,10124
52,10266
52,10406
52,10408
52,10415
52,10436
52,10523
52,10533
52,10588
52,10710
52,10715
52,10723
52,10759
52,10793
52,10805
52,10824
52,10844
52,10930
52,10944
52,10961
52,10979
52,11001
52,11130
52,11133
52,11173
52,11195
52,11232
52,11283
52,11292
52,11318
52,11397
52,11415
52,11421
52,11448
52,11450
52,11458
52,11461
52,11476
52,11497
52,11519
52,11521
52,11532
52,11535
52,11578
52,11591
52,11600
52,11601
52,11624
52,11645
52,11654
52,11673
52,11699
52,11721
52,11731
52,11738
52,11769
52,11791
52,11807
52,11820
52,11859
52,11982
52,12012
52,12080
52,12090
52,12100
52,12134
52,12139
52,12150
52,12205
52,12207
52,12213
52,12219
52,12225
52,12261
52,12299
52,12335
52,12355
52,12366
52,12412
52,12417
52,12444
52,12527
52,12553
52,12563
52,12608
52,12617
52,12703
52,12706
52,12733
52,12790
52,12828
52,12903
52,12912
52,12926
52,12951
52,12969
52,12981
52,13040
52,13112
52,13128
52,13195
52,13199
52,13238
52,13277
52,13285
52,13297
52,13346
52,13352
52,13358
52,13359
52,13402
52,13403
52,13446
52,13450
52,13462
52,13492
52,13521
52,13534
52,13569
52,13607
52,13675
52,13681
52,13704
52,13767
52,13783
52,13799
52,13819
52,13824
52,13847
52,13877
52,13920
52,13926
52,13933
52,13936
52,13963
52,14024
52,14055
52,14126
52,14215
52,14390
52,14396
52,14408
52,14454
52,14546
52,14589
52,14593
52,14596
52,14610
52,14627
52,14721
52,14780
52,14812
52,14883
52,14898
52,14903
52,14969
52,14987
52,15013
52,15017
52,15034
52,15053
52,15141
52,15156
52,15169
52,15208
52,15211
52,15253
52,15289
52,15297
52,15309
52,15329
52,15340
52,15371
52,15377
52,15383
52,15400
52,15406
52,15415
52,15440
52,15446
52,15451
52,15468
52,15473
52,15479
52,15539
52,15540
52,15585
52,15621
52,15644
52,15720
52,15824
52,15854
52,15899
52,15926
52,15931
52,15938
52,15965
52,15971
52,15980
52,16007
52,16019
52,16025
52,16039
52,16048
52,16063
52,16149
52,16172
52,16230
52,16260
52,16308
52,16311
52,16366
52,16381
52,16384
52,16390
52,16460
52,16464
52,16525
52,16547
52,16555
52,16573
52,16654
52,16655
52,16820
52,16854
52,16947
52,17002
52,17036
52,17128
52,17180
52,17256
52,17287
52,17305
52,17310
52,17362
52,17398
52,17417
52,17436
52,17486
52,17488
52,17512
52,17582
52,17586
52,17624
52,17629
52,17667
52,17683
52,17701
52,17704
52,17705
52,17789
52,17790
52,17837
52,17881
52,17905
52,17915
52,17920
52,17921
52,17933
52,17990
52,17998
52,18002
52,18045
52,18054
52,18095
52,18114
52,18119
52,18138
52,18154
52,18161
52,18198
52,18248
52,18283
52,18349
52,18383
52,18385
52,18398
52,18461
52,18510
52,18545
52,18549
52,18571
52,18580
52,18620
52,18647
52,18707
52,18735
52,18823
52,18824
52,18856
52,18886
52,18939
52,19004
52,19167
52,19182
52,19186
52,19256
52,19270
52,19283
52,19290
52,19429
52,19474
52,19486
52,19528
52,19534
52,19538
52,19542
52,19608
52,19612
52,19619
52,19671
52,19680
52,19682
52,19799
52,19819
52,19826
52,19874
52,19875
52,19903
52,19910
52,19913
52,19921
52,19951
52,19952
52,19974
52,20044
52,20093
52,20150
52,20200
52,20213
52,20214
52,20250
52,20251
53,11
53,15
53,18
53,20
53,24
53,39
53,55
53,75
53,85
53,95
53,109
53,115
53,126
53,127
53,135
53,142
53,148
53,152
53,180
53,196
53,200
53,209
53,216
53,218
53,221
53,227
53,228
53,258
53,263
53,287
53,299
53,307
53,309
53,314
53,344
53,374
53,389
53,391
53,394
53,399
53,402
53,405
53,456
53,462
53,472
53,473
53,476
53,490
53,497
53,501
53,540
53,550
53,560
53,568
53,598
53,628
53,654
53,659
53,667
53,685
53,686
53,701
53,716
53,744
53,767
53,792
53,796
53,801
53,839
53,843
53,867
53,877
53,897
53,906
53,950
53,961
53,963
53,975
53,1002
53,1005
53,1015
53,1017
53,1030
53,1047
53,1100
53,1102
53,1103
53,1106
53,1124
53,1140
53,1141
53,1147
53,1167
53,1177
53,1181
53,1203
53,1233
53,1306
53,1371
53,1405
53,1501
53,1514
53,1535
53,1540
53,1541
53,1549
53,1572
53,1616
53,1626
53,1642
53,1693
53,1722
53,1762
53,1765
53,1775
53,1776
53,1778
53,1808
53,1821
53,1922
53,1930
53,1936
53,1966
53,1968
53,1969
53,1997
53,2004
53,2013
53,2015
53,2041
53,2057
53,2080
53,2128
53,2136
53,2180
53,2220
53,2326
53,2394
53,2449
53,2470
53,2622
53,2689
53,2691
53,2706
53,2738
53,2758
53,2774
53,2788
53,2837
53,2852
53,2875
53,3007
53,3061
53,3161
53,3170
53,3186
53,3219
53,3224
53,3229
53,3238
53,3244
53,3295
53,3358
53,3359
53,3375
53,3396
53,3404
53,3436
53,3484
53,3494
53,3527
53,3598
53,3648
53,3735
53,3841
53,4104
53,4138
53,4177
53,4235
53,4258
53,4301
53,4318
53,4354
53,4440
53,4473
53,4577
53,4613
53,4646
53,4669
53,4813
53,4824
53,4916
53,4934
53,4982
53,5081
53,5139
53,5188
53,5316
53,5426
53,5434
53,5487
53,5546
53,5681
53,5721
53,5773
53,5783
53,5785
53,5808
53,5884
53,5933
53,6200
53,6227
53,6237
53,6280
53,6373
53,6375
53,6438
53,6466
53,6609
53,6627
53,6661
53,6747
53,6788
53,6802
53,6829
53,6840
53,6878
53,6915
53,7026
53,7059
53,7081
53,7134
53,7173
53,7199
53,7271
53,7314
53,7378
53,7379
53,7477
53,7535
53,7595
53,7638
53,7778
53,7812
53,8039
53,8064
53,8081
53,8118
53,8209
53,8348
53,8350
53,8358
53,8441
53,8497
53,8544
53,8644
53,8679
53,8713
53,8728
53,8769
53,8777
53,8795
53,8797
53,8881
53,8954
53,8993
53,9057
53,9147
53,9168
53,9210
53,9223
53,9307
53,9360
53,9428
53,9453
53,9456
53,9490
53,9514
53,9543
53,9576
53,9606
53,9641
53,9658
53,9738
53,9766
53,9834
53,9884
53,9925
53,10002
53,10065
53,10244
53,10262
53,10422
53,10491
53,10695
53,10698
53,10713
53,10840
53,10856
53,11046
53,11075
53,11107
53,11168
53,11257
53,11539
53,11631
53,11724
53,11733
53,11734
53,11777
53,11903
53,11913
53,11919
53,11933
53,11993
53,12123
53,12208
53,12323
53,12371
53,12373
53,12386
53,12388
53,12441
53,12459
53,12476
53,12512
53,12572
53,12594
53,12668
53,12694
53,12815
53,12890
53,12891
53,12905
53,12921
53,12982
53,13107
53,13110
53,13255
53,13284
53,13441
53,13448
53,13659
53,13952
53,13954
53,14199
53,14208
53,14270
53,14290
53,14398
53,14513
53,14539
53,14655
53,14729
53,14834
53,14906
53,14924
53,14973
53,15086
53,15110
53,15166
53,15295
53,15316
53,15366
53,15369
53,15396
53,15496
53,15499
53,15506
53,15518
53,15648
53,15660
53,15661
53,15666
53,15704
53,15735
53,15754
53,15794
53,15823
53,15846
53,15886
53,15945
53,16326
53,16367
53,16402
53,16455
53,16515
53,16558
53,16571
53,16589
53,16678
53,16698
53,16761
53,16775
53,16797
53,16884
53,17013
53,17088
53,17112
53,17229
53,17291
53,17307
53,17351
53,17516
53,17654
53,17655
53,17852
53,18107
53,18132
53,18287
53,18293
53,18316
53,18396
53,18431
53,18512
53,18569
53,18606
53,18623
53,18669
53,18710
53,18775
53,18804
53,18897
53,19022
53,19055
53,19086
53,19087
53,19142
53,19156
53,19181
53,19320
53,19654
53,19892
53,19922
53,20057
53,20058
53,20161
54,1
54,2
54,5
54,18
54,20
54,34
54,39
54,48
54,49
54,50
54,65
54,66
54,67
54,72
54,73
54,75
54,79
54,92
54,95
54,100
54,127
54,140
54,142
54,149
54,157
54,195
54,200
54,216
54,258
54,288
54,321
54,328
54,343
54,344
54,372
54,373
54,382
54,386
54,417
54,423
54,440
54,444
54,457
54,461
54,469
54,472
54,494
54,497
54,504
54,506
54,509
54,530
54,568
54,571
54,578
54,585
54,594
54,685
54,690
54,696
54,726
54,741
54,756
54,769
54,801
54,821
54,845
54,999
54,1023
54,1030
54,1062
54,1067
54,1069
54,1083
54,1101
54,1120
54,1124
54,1134
54,1136
54,1176
54,1184
54,1197
54,1200
54,1230
54,1249
54,1261
54,1262
54,1286
54,1299
54,1300
54,1313
54,1318
54,1328
54,1329
54,1337
54,1374
54,1377
54,1386
54,1430
54,1431
54,1459
54,1463
54,1464
54,1488
54,1519
54,1538
54,1575
54,1586
54,1621
54,1627
54,1636
54,1649
54,1664
54,1670
54,1672
54,1714
54,1720
54,1721
54,1755
54,1760
54,1810
54,1825
54,1830
54,1840
54,1880
54,1908
54,1925
54,1936
54,2014
54,2065
54,2072
54,2146
54,2199
54,2221
54,2228
54,2231
54,2268
54,2271
54,2300
54,2301
54,2303
54,2328
54,2355
54,2396
54,2409
54,2414
54,2426
54,2440
54,2478
54,2576
54,2607
54,2635
54,2659
54,2717
54,2737
54,2757
54,2804
54,2815
54,2839
54,2848
54,2863
54,2872
54,2891
54,2893
54,2900
54,2919
54,2921
54,2928
54,2949
54,2960
54,2980
54,3017
54,3043
54,3131
54,3139
54,3156
54,3161
54,3225
54,3248
54,3305
54,3306
54,3309
54,3343
54,3447
54,3448
54,3450
54,3503
54,3586
54,3608
54,3695
54,3884
54,3885
54,3903
54,4032
54,4061
54,4105
54,4136
54,4152
54,4176
54,4184
54,4208
54,4225
54,4257
54,4291
54,4330
54,4343
54,4371
54,4444
54,4521
54,4581
54,4593
54,4855
54,4893
54,5053
54,5148
54,5273
54,5286
54,5398
54,5404
54,5530
54,5572
54,5582
54,5591
54,5623
54,5665
54,5674
54,5675
54,5766
54,5782
54,5895
54,5896
54,5969
54,5979
54,5981
54,6003
54,6008
54,6074
54,6110
54,6158
54,6160
54,6253
54,6310
54,6362
54,6478
54,6573
54,6596
54,6616
54,6667
54,6844
54,6862
54,6867
54,6968
54,7013
54,7055
54,7095
54,7216
54,7269
54,7327
54,7338
54,7408
54,7451
54,7559
54,7644
54,7671
54,7716
54,7727
54,7777
54,7793
54,7809
54,7870
54,7956
54,7974
54,8003
54,8037
54,8040
54,8153
54,8279
54,8317
54,8395
54,8478
54,8516
54,8559
54,8628
54,8678
54,9026
54,9032
54,9083
54,9247
54,9327
54,9375
54,9401
54,9406
54,9566
54,9601
54,9784
54,9816
54,9882
54,10015
54,10055
54,10079
54,10090
54,10096
54,10185
54,10307
54,10373
54,10405
54,10532
54,10644
54,10658
54,10659
54,10683
54,10793
54,11002
54,11073
54,11082
54,11127
54,11197
54,11220
54,11259
54,11263
54,11380
54,11451
54,11485
54,11488
54,11520
54,11557
54,11590
54,11695
54,11767
54,11874
54,11977
54,12009
54,12030
54,12066
54,12073
54,12130
54,12156
54,12263
54,12315
54,12326
54,12362
54,12403
54,12454
54,12526
54,12559
54,12592
54,12652
54,12660
54,12924
54,13062
54,13067
54,13070
54,13115
54,13149
54,13189
54,13193
54,13392
54,13595
54,13640
54,13837
54,13869
54,13924
54,13976
54,13987
54,13991
54,14053
54,14085
54,14340
54,14364
54,14376
54,14440
54,14609
54,14687
54,14694
54,14705
54,14737
54,14745
54,14785
54,14788
54,14820
54,14852
54,14919
54,14952
54,15060
54,15119
54,15178
54,15237
54,15318
54,15353
54,15417
54,15471
54,15481
54,15487
54,15560
54,15614
54,15725
54,15746
54,15829
54,15928
54,15941
54,16006
54,16010
54,16034
54,16058
54,16282
54,16370
54,16467
54,16498
54,16566
54,16570
54,16588
54,16628
54,16749
54,16857
54,16860
54,16865
54,16873
54,16883
54,17058
54,17073
54,17144
54,17159
54,17166
54,17251
54,17259
54,17416
54,17473
54,17479
54,17495
54,17545
54,17562
54,17584
54,17589
54,17671
54,17675
54,17694
54,17708
54,17712
54,17809
54,17816
54,18097
54,18197
54,18231
54,18306
54,18399
54,18425
54,18485
54,18559
54,18602
54,18761
54,18818
54,18842
54,18861
54,18977
54,19006
54,19007
54,19057
54,19104
54,19115
54,19220
54,19242
54,19254
54,19276
54,19288
54,19314
54,19321
54,19366
54,19367
54,19385
54,19415
54,19517
54,19588
54,19613
54,19940
54,19996
54,20022
54,20067
59,18
59,39
59,66
59,86
59,99
59,135
59,226
59,252
59,272
59,330
59,336
59,344
59,355
59,361
59,432
59,474
59,480
59,484
59,562
59,583
59,618
59,627
59,712
59,772
59,787
59,790
59,801
59,806
59,841
59,860
59,1015
59,1070
59,1108
59,1416
59,1424
59,1425
59,1593
59,1745
59,1936
59,2002
59,2164
59,2171
59,2475
59,2486
59,2689
59,2729
59,2829
59,2830
59,2904
59,2925
59,2937
59,2944
59,3207
59,3226
59,3354
59,3376
59,3483
59,3582
59,3612
59,3866
59,3907
59,3927
59,4019
59,4387
59,4430
59,4516
59,4534
59,4633
59,5006
59,5086
59,5101
59,5106
59,5118
59,5123
59,5162
59,5364
59,5409
59,5446
59,5502
59,5536
59,5570
59,5730
59,5822
59,5962
59,6057
59,6130
59,6147
59,6161
59,6388
59,6421
59,6526
59,6591
59,6865
59,7122
59,7186
59,7397
59,7655
59,7731
59,7735
59,7810
59,7954
59,8067
59,8093
59,8215
59,8302
59,8597
59,8682
59,8736
59,8753
59,8945
59,8976
59,9185
59,9282
59,9517
59,9597
59,9711
59,10068
59,10342
59,10624
59,10759
59,10779
59,10793
59,10950
59,11161
59,11163
59,11260
59,11494
59,11512
59,11610
59,11731
59,11784
59,11952
59,12121
59,12138
59,12753
59,12777
59,12894
59,12960
59,13083
59,13148
59,13224
59,13443
59,13810
59,13891
59,14443
59,14601
59,15036
59,15206
59,15401
59,15707
59,15795
59,16196
59,16320
59,16346
59,16513
59,16526
59,16545
59,16824
59,17441
59,17519
59,17702
59,18117
59,18161
59,18495
59,18575
59,18630
59,19140
59,19212
59,19391
59,19441
59,19487
59,19501
59,19705
59,19948
60,10
60,11
60,16
60,18
60,20
60,22
60,39
60,47
60,53
60,62
60,71
60,84
60,86
60,104
60,105
60,115
60,123
60,128
60,142
60,148
60,149
60,159
60,180
60,192
60,199
60,216
60,218
60,221
60,222
60,223
60,226
60,258
60,263
60,280
60,287
60,289
60,336
60,349
60,352
60,375
60,378
60,389
60,467
60,472
60,473
60,476
60,490
60,495
60,515
60,560
60,577
60,601
60,615
60,622
60,628
60,639
60,647
60,654
60,671
60,675
60,703
60,744
60,806
60,865
60,897
60,899
60,918
60,966
60,982
60,985
60,996
60,1012
60,1015
60,1017
60,1035
60,1039
60,1053
60,1107
60,1177
60,1189
60,1191
60,1193
60,1298
60,1302
60,1312
60,1414
60,1540
60,1541
60,1626
60,1671
60,1721
60,1773
60,1778
60,1843
60,1853
60,1888
60,1935
60,1936
60,1988
60,2125
60,2130
60,2136
60,2152
60,2162
60,2184
60,2188
60,2250
60,2270
60,2296
60,2334
60,2601
60,2610
60,2621
60,2653
60,2691
60,2738
60,2788
60,3001
60,3002
60,3028
60,3037
60,3061
60,3102
60,3127
60,3130
60,3134
60,3170
60,3219
60,3229
60,3326
60,3333
60,3405
60,3408
60,3632
60,3746
60,3758
60,3774
60,3781
60,3839
60,3948
60,4006
60,4022
60,4132
60,4286
60,4437
60,4613
60,4665
60,4726
60,4816
60,4886
60,4930
60,5051
60,5148
60,5294
60,5437
60,5444
60,5603
60,5606
60,5639
60,5716
60,5721
60,5797
60,6129
60,6466
60,6609
60,6631
60,6710
60,6808
60,6833
60,7047
60,7130
60,7133
60,7134
60,7223
60,7470
60,7947
60,8135
60,8273
60,8409
60,8585
60,8850
60,8855
60,8856
60,8981
60,9057
60,9222
60,9254
60,9331
60,9379
60,9444
60,9649
60,9712
60,9752
60,9794
60,9967
60,10059
60,10196
60,10395
60,10540
60,10543
60,10550
60,10843
60,10906
60,10911
60,11065
60,11113
60,11139
60,11172
60,11189
60,11256
60,11306
60,11371
60,11599
60,11630
60,11810
60,11899
60,12277
60,12516
60,12679
60,12710
60,12744
60,12854
60,13183
60,13230
60,13340
60,13630
60,13993
60,14100
60,14361
60,14389
60,14467
60,14622
60,14973
60,15111
60,15180
60,15270
60,15284
60,15341
60,15523
60,15650
60,15658
60,15763
60,16130
60,16185
60,16246
60,16327
60,16373
60,16392
60,16412
60,16641
60,16645
60,16675
60,16832
60,16971
60,17077
60,17086
60,17130
60,17142
60,17317
60,17509
60,17553
60,17592
60,17639
60,17879
60,17930
60,17963
60,18004
60,18077
60,18196
60,18222
60,18247
60,18352
60,18366
60,18380
60,18434
60,18438
60,18635
60,18700
60,18752
60,18792
60,19273
60,19335
60,19813
60,19975
60,20108
60,20116
60,20154
60,20177
60,20187
60,20255
63,1
63,3
63,9
63,11
63,25
63,39
63,66
63,69
63,86
63,107
63,110
63,130
63,134
63,135
63,142
63,149
63,188
63,200
63,222
63,226
63,251
63,271
63,287
63,302
63,311
63,336
63,344
63,345
63,350
63,353
63,356
63,359
63,367
63,385
63,389
63,418
63,430
63,451
63,473
63,476
63,484
63,503
63,520
63,527
63,537
63,542
63,557
63,570
63,580
63,583
63,596
63,600
63,622
63,636
63,637
63,640
63,675
63,686
63,724
63,727
63,788
63,794
63,806
63,846
63,873
63,981
63,986
63,1000
63,1027
63,1035
63,1049
63,1054
63,1094
63,1095
63,1108
63,1116
63,1146
63,1153
63,1170
63,1174
63,1193
63,1241
63,1264
63,1335
63,1387
63,1389
63,1394
63,1424
63,1425
63,1434
63,1456
63,1465
63,1479
63,1483
63,1491
63,1558
63,1656
63,1668
63,1700
63,1757
63,1812
63,1845
63,1847
63,1861
63,1897
63,1936
63,1960
63,1972
63,2039
63,2054
63,2104
63,2106
63,2177
63,2235
63,2260
63,2303
63,2385
63,2389
63,2394
63,2397
63,2454
63,2468
63,2539
63,2564
63,2586
63,2610
63,2618
63,2620
63,2652
63,2660
63,2669
63,2694
63,2769
63,2800
63,2801
63,2848
63,2877
63,2990
63,3041
63,3075
63,3141
63,3148
63,3211
63,3214
63,3231
63,3253
63,3300
63,3335
63,3373
63,3376
63,3386
63,3393
63,3415
63,3468
63,3533
63,3540
63,3616
63,3711
63,3714
63,3731
63,3743
63,3755
63,3805
63,3817
63,3873
63,3943
63,3966
63,4039
63,4054
63,4080
63,4148
63,4205
63,4241
63,4246
63,4301
63,4311
63,4460
63,4486
63,4488
63,4533
63,4534
63,4557
63,4572
63,4654
63,4678
63,4684
63,4705
63,4747
63,4773
63,4789
63,4809
63,4818
63,4832
63,4854
63,4856
63,4877
63,4885
63,4907
63,4937
63,5065
63,5102
63,5125
63,5137
63,5142
63,5204
63,5216
63,5254
63,5300
63,5314
63,5413
63,5527
63,5536
63,5569
63,5701
63,5754
63,5771
63,5897
63,5903
63,5929
63,6021
63,6070
63,6088
63,6089
63,6132
63,6134
63,6140
63,6143
63,6240
63,6259
63,6260
63,6271
63,6376
63,6403
63,6640
63,6709
63,6810
63,6860
63,7048
63,7092
63,7143
63,7232
63,7336
63,7364
63,7405
63,7715
63,7725
63,7817
63,7876
63,7939
63,7951
63,8017
63,8073
63,8167
63,8251
63,8268
63,8315
63,8319
63,8327
63,8328
63,8329
63,8368
63,8587
63,8704
63,8747
63,8755
63,8964
63,8972
63,8978
63,9028
63,9043
63,9177
63,9216
63,9218
63,9239
63,9338
63,9412
63,9439
63,9533
63,9534
63,9624
63,9626
63,9686
63,9771
63,9791
63,10007
63,10102
63,10169
63,10184
63,10339
63,10387
63,10388
63,10435
63,10443
63,10457
63,10476
63,10519
63,10534
63,10570
63,10687
63,10701
63,10815
63,10858
63,10898
63,10903
63,10917
63,10939
63,10973
63,10985
63,11013
63,11046
63,11059
63,11196
63,11236
63,11243
63,11299
63,11312
63,11327
63,11373
63,11376
63,11398
63,11422
63,11436
63,11449
63,11502
63,11512
63,11606
63,11611
63,11623
63,11627
63,11638
63,11667
63,11696
63,11706
63,11720
63,11744
63,11761
63,11762
63,11784
63,11789
63,11822
63,11847
63,11870
63,11873
63,11876
63,11924
63,12086
63,12162
63,12178
63,12248
63,12259
63,12280
63,12296
63,12314
63,12317
63,12330
63,12331
63,12455
63,12507
63,12547
63,12603
63,12700
63,12719
63,12740
63,12773
63,12824
63,12845
63,12973
63,13033
63,13195
63,13303
63,13329
63,13367
63,13395
63,13519
63,13827
63,13836
63,13863
63,13909
63,13914
63,13938
63,14060
63,14067
63,14171
63,14173
63,14182
63,14183
63,14253
63,14316
63,14318
63,14343
63,14564
63,14576
63,14579
63,14656
63,14677
63,14680
63,14864
63,14895
63,15029
63,15249
63,15365
63,15577
63,15616
63,15647
63,15703
63,15723
63,15767
63,15845
63,15868
63,15927
63,15944
63,15963
63,16114
63,16116
63,16289
63,16465
63,16504
63,16546
63,16792
63,16806
63,16902
63,16944
63,16977
63,17025
63,17040
63,17063
63,17087
63,17150
63,17156
63,17179
63,17659
63,17734
63,17764
63,17800
63,17992
63,18011
63,18013
63,18147
63,18177
63,18230
63,18232
63,18273
63,18388
63,18456
63,18539
63,18639
63,18702
63,18749
63,18786
63,18914
63,18974
63,18985
63,19078
63,19136
63,19257
63,19261
63,19336
63,19342
63,19379
63,19469
63,19497
63,19623
63,19670
63,19711
63,19736
63,19834
63,19835
63,19846
63,19881
63,19915
63,19924
63,19971
63,19984
63,19990
68,1
68,2
68,11
68,18
68,53
68,66
68,89
68,92
68,101
68,146
68,156
68,173
68,221
68,224
68,255
68,263
68,283
68,299
68,328
68,395
68,422
68,451
68,492
68,514
68,561
68,563
68,603
68,633
68,658
68,716
68,719
68,756
68,766
68,796
68,826
68,886
68,969
68,1017
68,1088
68,1110
68,1141
68,1157
68,1162
68,1283
68,1287
68,1297
68,1321
68,1325
68,1336
68,1354
68,1356
68,1362
68,1391
68,1407
68,1448
68,1464
68,1494
68,1507
68,1535
68,1572
68,1650
68,1673
68,1679
68,1681
68,1685
68,1745
68,1810
68,1876
68,1880
68,1936
68,2001
68,2048
68,2090
68,2122
68,2193
68,2209
68,2340
68,2388
68,2396
68,2458
68,2469
68,2470
68,2473
68,2752
68,3042
68,3137
68,3145
68,3258
68,3272
68,3443
68,3503
68,3541
68,3593
68,3892
68,3934
68,3963
68,4031
68,4065
68,4101
68,4235
68,4253
68,4261
68,4403
68,4613
68,4744
68,4826
68,4933
68,5024
68,5073
68,5155
68,5185
68,5211
68,5257
68,5401
68,5772
68,5814
68,5888
68,5909
68,6097
68,6253
68,6266
68,6311
68,6366
68,6378
68,6437
68,6446
68,6571
68,6720
68,6947
68,6949
68,6967
68,6971
68,7025
68,7074
68,7167
68,7185
68,7189
68,7238
68,7264
68,7311
68,7462
68,7682
68,7706
68,7788
68,7845
68,7900
68,7908
68,7923
68,7949
68,8006
68,8120
68,8200
68,8244
68,8248
68,8293
68,8331
68,8575
68,8602
68,8994
68,8998
68,9183
68,9197
68,10008
68,10011
68,10451
68,10535
68,10566
68,10675
68,10693
68,10720
68,10768
68,10786
68,11089
68,11184
68,11223
68,11365
68,11385
68,11670
68,11739
68,11929
68,12488
68,12499
68,12605
68,12660
68,12760
68,12880
68,13212
68,13385
68,13445
68,13549
68,13575
68,13746
68,13813
68,14163
68,14219
68,14256
68,14281
68,14358
68,14586
68,14597
68,14619
68,14789
68,14820
68,14831
68,14849
68,15015
68,15041
68,15079
68,15142
68,15331
68,15358
68,15460
68,15466
68,15476
68,15490
68,15603
68,15646
68,16033
68,16097
68,16221
68,16440
68,16627
68,16640
68,16684
68,16802
68,16896
68,16931
68,17021
68,17162
68,17327
68,17328
68,17400
68,17447
68,17566
68,17931
68,17987
68,17995
68,18127
68,18251
68,18346
68,18381
68,18395
68,18416
68,18453
68,18533
68,18561
68,18595
68,18613
68,18668
68,18708
68,18787
68,18789
68,18813
68,18858
68,19016
68,19193
68,19246
68,19683
68,19687
68,19884
68,19891
68,19905
72,1
72,2
72,3
72,4
72,5
72,12
72,18
72,20
72,47
72,48
72,50
72,52
72,56
72,57
72,59
72,78
72,89
72,90
72,101
72,103
72,113
72,119
72,143
72,160
72,161
72,184
72,213
72,222
72,225
72,227
72,232
72,240
72,256
72,282
72,283
72,295
72,331
72,356
72,368
72,377
72,385
72,434
72,461
72,482
72,504
72,513
72,530
72,536
72,555
72,611
72,616
72,618
72,655
72,678
72,681
72,688
72,721
72,733
72,742
72,817
72,852
72,869
72,940
72,1003
72,1008
72,1045
72,1056
72,1071
72,1086
72,1121
72,1135
72,1164
72,1212
72,1278
72,1285
72,1295
72,1320
72,1340
72,1359
72,1395
72,1396
72,1406
72,1407
72,1458
72,1489
72,1526
72,1584
72,1589
72,1678
72,1726
72,1730
72,1766
72,1795
72,1800
72,1810
72,1827
72,1841
72,1897
72,1906
72,1912
72,1925
72,1936
72,1974
72,1977
72,2050
72,2074
72,2093
72,2197
72,2232
72,2270
72,2276
72,2280
72,2351
72,2356
72,2365
72,2380
72,2411
72,2440
72,2449
72,2471
72,2481
72,2561
72,2567
72,2673
72,2675
72,2678
72,2769
72,2819
72,2836
72,2848
72,2856
72,2915
72,2943
72,2946
72,2951
72,2974
72,2994
72,2995
72,3011
72,3012
72,3178
72,3220
72,3308
72,3370
72,3377
72,3388
72,3401
72,3402
72,3409
72,3410
72,3411
72,3434
72,3445
72,3469
72,3498
72,3569
72,3585
72,3600
72,3662
72,3679
72,3703
72,3752
72,3785
72,3831
72,3860
72,3861
72,3888
72,4042
72,4125
72,4155
72,4172
72,4179
72,4375
72,4413
72,4444
72,4457
72,4643
72,4700
72,4718
72,4726
72,4746
72,4765
72,4772
72,4806
72,4814
72,4943
72,4978
72,5002
72,5069
72,5093
72,5244
72,5274
72,5330
72,5367
72,5369
72,5435
72,5459
72,5573
72,5633
72,5642
72,5643
72,5703
72,5745
72,5833
72,5878
72,5950
72,5992
72,6016
72,6261
72,6292
72,6320
72,6346
72,6360
72,6417
72,6473
72,6493
72,6514
72,6539
72,6559
72,6692
72,6711
72,6716
72,6752
72,6830
72,6895
72,6902
72,7070
72,7118
72,7126
72,7192
72,7280
72,7361
72,7408
72,7467
72,7559
72,7766
72,7779
72,7878
72,8043
72,8099
72,8113
72,8164
72,8173
72,8202
72,8245
72,8342
72,8455
72,8481
72,8522
72,8603
72,8652
72,8750
72,9019
72,9112
72,9128
72,9256
72,9288
72,9291
72,9309
72,9369
72,9384
72,9401
72,9411
72,9450
72,9516
72,9523
72,9563
72,9706
72,9719
72,9770
72,9826
72,9856
72,9878
72,9889
72,10071
72,10228
72,10230
72,10281
72,10299
72,10332
72,10562
72,10593
72,10668
72,10689
72,10714
72,10740
72,10857
72,10969
72,10991
72,11071
72,11095
72,11135
72,11191
72,11301
72,11341
72,11405
72,11473
72,11509
72,11605
72,11619
72,11658
72,11804
72,11889
72,11922
72,12122
72,12161
72,12295
72,12337
72,12393
72,12399
72,12472
72,12558
72,12650
72,12682
72,12763
72,12873
72,12881
72,12898
72,12923
72,13093
72,13278
72,13490
72,13623
72,13739
72,13768
72,13950
72,13975
72,14007
72,14034
72,14101
72,14192
72,14204
72,14268
72,14274
72,14307
72,14403
72,14506
72,14530
72,14621
72,14891
72,14942
72,15311
72,15388
72,15467
72,15569
72,15681
72,15771
72,15788
72,15905
72,15965
72,15969
72,15976
72,16082
72,16084
72,16128
72,16132
72,16139
72,16213
72,16219
72,16222
72,16300
72,16357
72,16360
72,16377
72,16389
72,16404
72,16419
72,16444
72,16579
72,16585
72,16610
72,16753
72,16758
72,16778
72,16781
72,16823
72,16828
72,16915
72,16917
72,16933
72,16955
72,16996
72,16998
72,17163
72,17211
72,17257
72,17263
72,17273
72,17363
72,17457
72,17475
72,17585
72,18079
72,18729
72,18793
72,18878
72,19297
72,19329
72,19753
72,20019
72,20151
73,2
73,9
73,18
73,23
73,25
73,39
73,43
73,47
73,48
73,64
73,71
73,85
73,94
73,99
73,142
73,152
73,158
73,210
73,232
73,234
73,239
73,269
73,283
73,294
73,314
73,329
73,343
73,351
73,357
73,376
73,378
73,406
73,413
73,451
73,463
73,480
73,532
73,543
73,545
73,552
73,578
73,581
73,591
73,627
73,658
73,722
73,739
73,740
73,772
73,786
73,788
73,792
73,793
73,859
73,936
73,960
73,979
73,1004
73,1024
73,1091
73,1149
73,1154
73,1156
73,1202
73,1284
73,1403
73,1407
73,1415
73,1484
73,1599
73,1628
73,1791
73,1796
73,1875
73,1881
73,1936
73,1963
73,1998
73,2002
73,2092
73,2127
73,2152
73,2192
73,2210
73,2230
73,2235
73,2338
73,2431
73,2505
73,2699
73,2797
73,2935
73,2996
73,3009
73,3024
73,3026
73,3099
73,3121
73,3129
73,3217
73,3230
73,3332
73,3510
73,3522
73,3547
73,3571
73,3597
73,3648
73,3708
73,3723
73,3736
73,3741
73,3792
73,3799
73,3840
73,3846
73,3882
73,3976
73,3992
73,4100
73,4157
73,4158
73,4445
73,4461
73,4635
73,4703
73,5042
73,5199
73,5245
73,5351
73,5517
73,5626
73,5686
73,5835
73,5906
73,5924
73,5957
73,6108
73,6163
73,6221
73,6226
73,6257
73,6307
73,6367
73,6509
73,6556
73,6590
73,6643
73,6703
73,6818
73,7051
73,7067
73,7221
73,7303
73,7493
73,7498
73,7501
73,7503
73,7637
73,7737
73,7797
73,7824
73,7857
73,7872
73,7943
73,7969
73,7985
73,8136
73,8262
73,8333
73,8357
73,8488
73,8493
73,8776
73,9041
73,9202
73,9271
73,9326
73,9357
73,9372
73,9454
73,9536
73,9618
73,9756
73,9854
73,9855
73,9945
73,9963
73,10003
73,10053
73,10140
73,10240
73,10276
73,10297
73,10321
73,10342
73,10669
73,10687
73,10821
73,10822
73,10865
73,11076
73,11354
73,11654
73,12087
73,12114
73,12115
73,12150
73,12290
73,12327
73,12492
73,12597
73,12704
73,12783
73,12785
73,12934
73,12953
73,13529
73,13568
73,13679
73,13717
73,13738
73,13770
73,13820
73,13873
73,13900
73,13942
73,13960
73,13989
73,13990
73,14004
73,14010
73,14026
73,14102
73,14159
73,14241
73,15219
73,15248
73,15332
73,15399
73,15878
73,15903
73,15904
73,16012
73,16057
73,16544
73,16867
73,17153
73,17213
73,17293
73,17375
73,17427
73,17476
73,17676
73,17689
73,17812
73,17822
73,17849
73,17872
73,18208
73,18931
73,19023
73,19236
73,19243
73,19645
73,19690
73,19957
73,19998
73,20227
79,11
79,18
79,26
79,30
79,66
79,77
79,85
79,95
79,115
79,117
79,121
79,122
79,152
79,158
79,205
79,207
79,227
79,246
79,259
79,270
79,280
79,285
79,300
79,344
79,348
79,372
79,381
79,436
79,452
79,480
79,502
79,519
79,572
79,588
79,779
79,788
79,801
79,860
79,884
79,889
79,910
79,941
79,951
79,970
79,983
79,1092
79,1169
79,1455
79,1471
79,1533
79,1538
79,1544
79,1577
79,1667
79,1724
79,1745
79,1750
79,1867
79,1936
79,2152
79,2192
79,2336
79,2401
79,2646
79,2748
79,2792
79,2957
79,2982
79,3043
79,3090
79,3103
79,3290
79,3294
79,3350
79,3362
79,3382
79,3488
79,3518
79,3528
79,3591
79,3597
79,3613
79,3648
79,3770
79,3771
79,3832
79,3846
79,3857
79,3916
79,3986
79,4170
79,4174
79,4277
79,4382
79,4408
79,4417
79,4454
79,4612
79,4693
79,4761
79,5016
79,5163
79,5261
79,5262
79,5279
79,5302
79,5338
79,5372
79,5473
79,5510
79,5550
79,5823
79,6208
79,6232
79,6295
79,6414
79,6450
79,6551
79,6795
79,6858
79,6923
79,7160
79,7171
79,7186
79,7231
79,7399
79,7695
79,7699
79,8210
79,8351
79,8566
79,8635
79,8701
79,8737
79,8783
79,9150
79,9399
79,9481
79,9615
79,9735
79,9750
79,9899
79,10249
79,10472
79,10623
79,10652
79,10678
79,10709
79,10725
79,11429
79,11551
79,11578
79,11690
79,11699
79,11853
79,12018
79,12431
79,12509
79,12696
79,12742
79,12759
79,12857
79,12939
79,13095
79,13185
79,13225
79,13324
79,13394
79,13413
79,13971
79,14135
79,14167
79,14583
79,14668
79,14756
79,14969
79,15019
79,15207
79,15253
79,15489
79,15716
79,15814
79,15841
79,16197
79,16236
79,16254
79,16279
79,16359
79,16489
79,16510
79,16581
79,16646
79,16650
79,16677
79,16720
79,16721
79,16722
79,16816
79,17019
79,17050
79,17116
79,17117
79,17200
79,17331
79,17579
79,17590
79,17854
79,18086
79,18238
79,18429
79,18513
79,18957
79,19120
79,19148
79,19201
79,19262
79,19431
79,19464
79,19558
79,19686
79,19762
79,19968
79,20086
79,20181
84,5
84,11
84,20
84,28
84,35
84,46
84,47
84,62
84,75
84,104
84,105
84,124
84,135
84,148
84,149
84,153
84,155
84,159
84,170
84,180
84,198
84,227
84,232
84,233
84,244
84,259
84,278
84,287
84,303
84,344
84,376
84,383
84,430
84,485
84,505
84,565
84,569
84,589
84,615
84,639
84,655
84,703
84,704
84,746
84,773
84,819
84,865
84,867
84,874
84,899
84,902
84,903
84,923
84,982
84,1014
84,1055
84,1060
84,1087
84,1103
84,1109
84,1172
84,1201
84,1225
84,1293
84,1359
84,1365
84,1379
84,1394
84,1437
84,1445
84,1448
84,1452
84,1462
84,1536
84,1613
84,1675
84,1691
84,1748
84,1763
84,1767
84,1853
84,1855
84,1878
84,1888
84,1898
84,1901
84,1936
84,1980
84,1991
84,2007
84,2038
84,2125
84,2137
84,2162
84,2285
84,2322
84,2362
84,2392
84,2456
84,2590
84,2594
84,2621
84,2708
84,2879
84,2880
84,2895
84,2923
84,2968
84,3092
84,3191
84,3326
84,3330
84,3498
84,3523
84,3531
84,3665
84,3726
84,3781
84,3829
84,3839
84,3851
84,4028
84,4051
84,4104
84,4164
84,4173
84,4188
84,4272
84,4415
84,4437
84,4477
84,4481
84,4549
84,4594
84,4598
84,4742
84,4748
84,4848
84,4886
84,4898
84,4918
84,4925
84,4964
84,5108
84,5172
84,5182
84,5418
84,5612
84,5616
84,5638
84,5697
84,5736
84,5926
84,5937
84,5952
84,5977
84,6076
84,6124
84,6174
84,6185
84,6203
84,6294
84,6398
84,6430
84,6480
84,6527
84,6532
84,6575
84,6724
84,7111
84,7177
84,7229
84,7300
84,7308
84,7313
84,7353
84,7401
84,7402
84,7427
84,7431
84,7503
84,7512
84,7570
84,7664
84,7940
84,7960
84,8186
84,8387
84,8695
84,8732
84,8793
84,8890
84,8927
84,9046
84,9065
84,9189
84,9190
84,9191
84,9208
84,9212
84,9278
84,9451
84,9465
84,9660
84,9838
84,10157
84,10235
84,10306
84,10354
84,10452
84,10549
84,10585
84,10606
84,10727
84,10747
84,11031
84,11090
84,11187
84,11249
84,11359
84,11419
84,11466
84,11547
84,11599
84,11753
84,11957
84,12007
84,12078
84,12196
84,12203
84,12242
84,12264
84,12275
84,12336
84,12424
84,12570
84,12619
84,12624
84,12887
84,13077
84,13220
84,13223
84,13228
84,13357
84,13637
84,13779
84,14078
84,14218
84,14228
84,14286
84,14300
84,14459
84,14475
84,14498
84,14562
84,14613
84,14943
84,15073
84,15117
84,15147
84,15165
84,15315
84,15317
84,15470
84,15510
84,15555
84,15571
84,15601
84,15699
84,15731
84,15739
84,15748
84,15874
84,15947
84,16297
84,16350
84,16355
84,16376
84,16417
84,16474
84,16732
84,16818
84,16838
84,16901
84,16942
84,17137
84,17451
84,17478
84,17546
84,17715
84,17896
84,17955
84,18094
84,18135
84,18305
84,18307
84,18372
84,18466
84,18477
84,18542
84,18565
84,18601
84,18747
84,18754
84,18775
84,18791
84,19017
84,19237
84,19308
84,19340
84,19400
84,19419
84,19745
84,19827
84,19981
84,20006
84,20012
84,20113
84,20165
85,18
85,25
85,33
85,49
85,91
85,116
85,142
85,148
85,149
85,151
85,173
85,182
85,194
85,195
85,198
85,201
85,223
85,227
85,236
85,237
85,238
85,245
85,273
85,277
85,278
85,304
85,306
85,317
85,344
85,354
85,369
85,467
85,497
85,531
85,561
85,563
85,574
85,616
85,639
85,660
85,675
85,687
85,704
85,741
85,774
85,876
85,955
85,978
85,989
85,1005
85,1031
85,1041
85,1055
85,1069
85,1082
85,1126
85,1148
85,1178
85,1248
85,1333
85,1380
85,1390
85,1393
85,1394
85,1398
85,1413
85,1453
85,1479
85,1502
85,1512
85,1519
85,1555
85,1575
85,1614
85,1632
85,1639
85,1674
85,1686
85,1720
85,1723
85,1740
85,1818
85,1825
85,1850
85,1873
85,1874
85,1886
85,1889
85,1898
85,1908
85,1936
85,1996
85,2148
85,2163
85,2248
85,2255
85,2268
85,2275
85,2328
85,2383
85,2412
85,2457
85,2530
85,2531
85,2588
85,2670
85,2771
85,2820
85,2979
85,3137
85,3156
85,3196
85,3202
85,3338
85,3502
85,3532
85,3567
85,3584
85,3619
85,3643
85,3722
85,3750
85,3821
85,3827
85,3828
85,3898
85,4017
85,4025
85,4056
85,4260
85,4273
85,4418
85,4423
85,4429
85,4465
85,4471
85,4474
85,4475
85,4484
85,4517
85,4567
85,4594
85,4681
85,4690
85,4784
85,4811
85,4815
85,4835
85,4848
85,4888
85,4931
85,4941
85,4996
85,5000
85,5044
85,5046
85,5091
85,5143
85,5145
85,5148
85,5151
85,5154
85,5172
85,5207
85,5242
85,5250
85,5319
85,5453
85,5469
85,5471
85,5593
85,5624
85,5656
85,5662
85,5693
85,5723
85,5770
85,5863
85,5868
85,5911
85,5918
85,5932
85,5967
85,6023
85,6060
85,6109
85,6157
85,6190
85,6195
85,6438
85,6585
85,6660
85,6691
85,6702
85,6707
85,6772
85,6778
85,6944
85,7007
85,7012
85,7095
85,7170
85,7180
85,7285
85,7308
85,7318
85,7339
85,7354
85,7401
85,7487
85,7557
85,7645
85,7710
85,7711
85,7720
85,7732
85,7760
85,7911
85,7932
85,7957
85,7981
85,8171
85,8307
85,8388
85,8545
85,8633
85,8662
85,8665
85,8801
85,8816
85,8912
85,8966
85,8969
85,9005
85,9059
85,9087
85,9095
85,9148
85,9207
85,9245
85,9247
85,9289
85,9304
85,9343
85,9442
85,9459
85,9540
85,9832
85,10063
85,10292
85,10293
85,10311
85,10462
85,10574
85,10671
85,10688
85,10776
85,10797
85,10842
85,10871
85,10878
85,10892
85,10916
85,10921
85,10942
85,11033
85,11077
85,11099
85,11105
85,11207
85,11249
85,11372
85,11378
85,11425
85,11560
85,11663
85,11766
85,11799
85,11814
85,11856
85,11901
85,11912
85,11987
85,12036
85,12077
85,12113
85,12221
85,12233
85,12294
85,12342
85,12359
85,12457
85,12518
85,12522
85,12715
85,12716
85,12758
85,12772
85,12818
85,12901
85,12959
85,12993
85,13000
85,13006
85,13007
85,13059
85,13124
85,13164
85,13191
85,13192
85,13194
85,13207
85,13220
85,13256
85,13362
85,13583
85,13616
85,13724
85,13801
85,13949
85,14076
85,14105
85,14115
85,14118
85,14162
85,14174
85,14304
85,14381
85,14476
85,14555
85,14733
85,14826
85,14838
85,14857
85,14916
85,15150
85,15205
85,15381
85,15416
85,15442
85,15455
85,15480
85,15581
85,15745
85,15772
85,15812
85,15842
85,15893
85,15996
85,15999
85,16080
85,16117
85,16188
85,16405
85,16647
85,16648
85,16734
85,16855
85,16973
85,16992
85,17060
85,17119
85,17132
85,17148
85,17279
85,17301
85,17302
85,17455
85,17561
85,17588
85,17611
85,17614
85,17622
85,17684
85,17749
85,18041
85,18059
85,18158
85,18426
85,18576
85,18731
85,18901
85,18923
85,18975
85,19244
85,19364
85,19422
85,19490
85,19536
85,19655
85,19739
85,19784
85,19787
85,19866
85,19876
85,19943
85,19946
85,20026
85,20065
85,20147
85,20207
85,20231
85,20257
86,1
86,18
86,21
86,34
86,39
86,49
86,96
86,116
86,127
86,148
86,151
86,186
86,195
86,197
86,201
86,219
86,223
86,237
86,249
86,306
86,319
86,339
86,343
86,344
86,361
86,364
86,369
86,382
86,385
86,398
86,423
86,451
86,457
86,467
86,469
86,478
86,494
86,495
86,511
86,557
86,578
86,611
86,621
86,638
86,670
86,684
86,696
86,702
86,734
86,758
86,774
86,851
86,852
86,857
86,876
86,915
86,978
86,991
86,1001
86,1005
86,1031
86,1041
86,1042
86,1046
86,1048
86,1055
86,1069
86,1081
86,1082
86,1114
86,1124
86,1300
86,1321
86,1333
86,1339
86,1359
86,1380
86,1390
86,1393
86,1488
86,1493
86,1495
86,1528
86,1532
86,1547
86,1609
86,1639
86,1664
86,1670
86,1703
86,1711
86,1715
86,1750
86,1760
86,1818
86,1830
86,1845
86,1850
86,1881
86,1908
86,1936
86,1973
86,2012
86,2049
86,2072
86,2131
86,2199
86,2241
86,2255
86,2265
86,2275
86,2303
86,2310
86,2340
86,2409
86,2418
86,2451
86,2575
86,2588
86,2603
86,2645
86,2649
86,2737
86,2749
86,2771
86,2790
86,2848
86,2935
86,3015
86,3054
86,3074
86,3076
86,3132
86,3139
86,3153
86,3159
86,3200
86,3204
86,3222
86,3502
86,3539
86,3903
86,3925
86,3957
86,3981
86,3982
86,4071
86,4086
86,4094
86,4187
86,4307
86,4351
86,4353
86,4372
86,4418
86,4581
86,4620
86,4629
86,4681
86,4690
86,4855
86,4874
86,4883
86,4984
86,5036
86,5114
86,5148
86,5166
86,5250
86,5281
86,5319
86,5329
86,5391
86,5453
86,5471
86,5493
86,5528
86,5604
86,5610
86,5729
86,5765
86,5829
86,5868
86,5963
86,5975
86,5979
86,6023
86,6083
86,6107
86,6248
86,6302
86,6322
86,6349
86,6383
86,6490
86,6558
86,6680
86,6702
86,6720
86,6845
86,6872
86,6979
86,7018
86,7050
86,7063
86,7112
86,7182
86,7183
86,7285
86,7301
86,7457
86,7527
86,7566
86,7617
86,7671
86,7727
86,7732
86,7757
86,7760
86,7768
86,7783
86,7921
86,8007
86,8071
86,8179
86,8256
86,8258
86,8267
86,8301
86,8312
86,8424
86,8431
86,8477
86,8718
86,8754
86,8782
86,8830
86,8982
86,9016
86,9023
86,9037
86,9069
86,9071
86,9138
86,9236
86,9267
86,9455
86,9531
86,9594
86,9625
86,9652
86,9678
86,9990
86,9993
86,10020
86,10079
86,10081
86,10277
86,10316
86,10367
86,10438
86,10445
86,10460
86,10640
86,10667
86,10691
86,10825
86,10894
86,10955
86,10994
86,11230
86,11269
86,11307
86,11396
86,11557
86,11676
86,11746
86,11858
86,11877
86,11942
86,11979
86,12027
86,12036
86,12038
86,12065
86,12092
86,12099
86,12254
86,12481
86,12501
86,12554
86,12656
86,12805
86,12808
86,12831
86,12841
86,12875
86,12895
86,12928
86,12930
86,13010
86,13016
86,13073
86,13121
86,13145
86,13480
86,13559
86,13645
86,13787
86,13851
86,13858
86,13949
86,14027
86,14032
86,14037
86,14174
86,14422
86,14458
86,14495
86,14499
86,14567
86,14602
86,14665
86,14719
86,14724
86,14810
86,14897
86,14999
86,15054
86,15067
86,15115
86,15364
86,15502
86,15528
86,15607
86,15611
86,15612
86,15734
86,15798
86,15891
86,16041
86,16171
86,16192
86,16259
86,16659
86,16673
86,16681
86,16845
86,16961
86,17056
86,17090
86,17102
86,17209
86,17233
86,17340
86,17366
86,17521
86,17595
86,17625
86,17665
86,17726
86,17755
86,17798
86,17859
86,17913
86,18027
86,18322
86,18489
86,18579
86,18624
86,18716
86,18741
86,18772
86,18961
86,18963
86,18991
86,19075
86,19138
86,19143
86,19372
86,19412
86,19418
86,19482
86,19728
86,20017
86,20175
89,18
89,23
89,25
89,26
89,69
89,70
89,86
89,99
89,121
89,135
89,149
89,152
89,169
89,188
89,195
89,207
89,214
89,226
89,230
89,248
89,257
89,261
89,283
89,285
89,300
89,344
89,348
89,350
89,403
89,424
89,476
89,480
89,523
89,537
89,548
89,562
89,627
89,628
89,640
89,655
89,675
89,772
89,784
89,795
89,804
89,806
89,812
89,871
89,894
89,923
89,955
89,957
89,970
89,988
89,992
89,1026
89,1091
89,1155
89,1161
89,1229
89,1354
89,1384
89,1409
89,1544
89,1571
89,1577
89,1633
89,1719
89,1801
89,1819
89,1875
89,1936
89,1989
89,2002
89,2152
89,2175
89,2202
89,2238
89,2269
89,2381
89,2399
89,2435
89,2475
89,2574
89,2592
89,2647
89,2727
89,2740
89,2754
89,2766
89,2897
89,2996
89,3026
89,3049
89,3059
89,3099
89,3109
89,3237
89,3286
89,3288
89,3378
89,3382
89,3398
89,3427
89,3466
89,3518
89,3639
89,3673
89,3684
89,3692
89,3703
89,3747
89,3896
89,4035
89,4069
89,4145
89,4239
89,4279
89,4297
89,4454
89,4492
89,4497
89,4571
89,4580
89,4608
89,4617
89,4827
89,4924
89,4942
89,5048
89,5060
89,5113
89,5118
89,5134
89,5195
89,5213
89,5248
89,5377
89,5630
89,5755
89,5823
89,5957
89,5962
89,6041
89,6043
89,6067
89,6138
89,6196
89,6257
89,6555
89,6570
89,6643
89,6656
89,6695
89,6720
89,6763
89,6764
89,6908
89,6985
89,7108
89,7346
89,7348
89,7392
89,7483
89,7501
89,7531
89,7568
89,7596
89,7669
89,7672
89,7714
89,7791
89,7819
89,7992
89,8018
89,8069
89,8201
89,8482
89,8553
89,8715
89,8781
89,8835
89,9211
89,9277
89,9359
89,9618
89,9640
89,9642
89,9841
89,9851
89,9873
89,9898
89,9915
89,9973
89,10086
89,10148
89,10308
89,10342
89,10351
89,10368
89,10394
89,10448
89,10665
89,10778
89,10812
89,11053
89,11081
89,11287
89,11726
89,11747
89,11848
89,12001
89,12090
89,12118
89,12120
89,12158
89,12177
89,12407
89,12410
89,12748
89,12774
89,12777
89,12941
89,13299
89,13561
89,13646
89,13692
89,13792
89,13810
89,13856
89,13891
89,13947
89,14080
89,14095
89,14146
89,14315
89,14372
89,14432
89,14433
89,14608
89,14644
89,14710
89,14893
89,14969
89,14991
89,15131
89,15153
89,15155
89,15234
89,15302
89,15503
89,15590
89,15673
89,15750
89,15940
89,16028
89,16046
89,16161
89,16344
89,16517
89,16536
89,16583
89,16630
89,16738
89,17140
89,17145
89,17153
89,17194
89,17415
89,17429
89,17444
89,17747
89,18096
89,18281
89,18687
89,18871
89,18968
89,18984
89,19012
89,19040
89,19141
89,19525
89,19555
89,19573
89,19865
89,20088
89,20199
94,3
94,12
94,45
94,47
94,50
94,52
94,53
94,89
94,105
94,129
94,130
94,143
94,163
94,184
94,222
94,227
94,283
94,286
94,301
94,323
94,344
94,372
94,373
94,380
94,389
94,429
94,464
94,477
94,479
94,497
94,505
94,520
94,527
94,534
94,570
94,652
94,698
94,900
94,927
94,1011
94,1019
94,1043
94,1058
94,1220
94,1311
94,1322
94,1376
94,1539
94,1569
94,1579
94,1585
94,1727
94,1733
94,1812
94,1820
94,1845
94,1878
94,1881
94,1932
94,1936
94,1954
94,1998
94,2011
94,2127
94,2140
94,2163
94,2242
94,2373
94,2449
94,2554
94,2658
94,2693
94,2798
94,2799
94,2843
94,2850
94,2873
94,2992
94,3002
94,3065
94,3104
94,3200
94,3206
94,3221
94,3407
94,3444
94,3471
94,3485
94,3658
94,3740
94,3874
94,4072
94,4076
94,4391
94,4647
94,4854
94,4856
94,4881
94,4956
94,5062
94,5209
94,5397
94,5497
94,5719
94,5788
94,5800
94,5880
94,6170
94,6305
94,6567
94,6681
94,6790
94,6857
94,6873
94,7016
94,7149
94,7187
94,7247
94,7284
94,7533
94,7550
94,7564
94,7572
94,7584
94,7588
94,7647
94,7675
94,7838
94,7844
94,7860
94,7889
94,7929
94,8133
94,8160
94,8184
94,8195
94,8541
94,8811
94,8822
94,8971
94,9131
94,9283
94,9299
94,9348
94,9532
94,9561
94,9604
94,10089
94,10384
94,10413
94,10437
94,10438
94,10634
94,10986
94,11150
94,11241
94,11381
94,11607
94,11908
94,11934
94,12111
94,12304
94,12394
94,12698
94,12743
94,12749
94,12964
94,12995
94,13254
94,13281
94,13339
94,13404
94,13465
94,13563
94,13615
94,13915
94,13945
94,13999
94,14369
94,14502
94,15167
94,15333
94,15521
94,15637
94,15693
94,16395
94,16927
94,17332
94,17435
94,17706
94,18076
94,18088
94,18570
94,18646
94,18658
94,18837
94,19002
94,19042
94,19060
94,19089
94,19180
94,19191
94,19842
94,19888
94,19911
94,19956
94,19961
94,20097
94,20195
95,2
95,18
95,19
95,37
95,39
95,49
95,62
95,75
95,86
95,109
95,111
95,116
95,130
95,142
95,148
95,151
95,163
95,182
95,186
95,194
95,201
95,216
95,221
95,222
95,223
95,227
95,233
95,236
95,237
95,238
95,252
95,255
95,258
95,263
95,276
95,287
95,290
95,291
95,301
95,306
95,323
95,333
95,337
95,344
95,347
95,364
95,390
95,424
95,467
95,472
95,488
95,497
95,540
95,567
95,574
95,586
95,605
95,607
95,621
95,676
95,680
95,684
95,686
95,687
95,704
95,738
95,774
95,775
95,777
95,800
95,829
95,850
95,964
95,970
95,1016
95,1031
95,1041
95,1047
95,1055
95,1064
95,1080
95,1082
95,1090
95,1094
95,1140
95,1171
95,1178
95,1188
95,1192
95,1208
95,1256
95,1277
95,1300
95,1318
95,1321
95,1339
95,1373
95,1388
95,1426
95,1449
95,1460
95,1588
95,1594
95,1698
95,1703
95,1732
95,1798
95,1803
95,1818
95,1821
95,1850
95,1858
95,1908
95,1928
95,1936
95,1941
95,1949
95,1996
95,2037
95,2048
95,2117
95,2119
95,2139
95,2147
95,2163
95,2188
95,2213
95,2223
95,2270
95,2391
95,2393
95,2429
95,2456
95,2465
95,2469
95,2487
95,2491
95,2571
95,2579
95,2614
95,2668
95,2680
95,2752
95,2768
95,2796
95,2840
95,2844
95,2863
95,2931
95,3023
95,3076
95,3107
95,3116
95,3118
95,3143
95,3145
95,3153
95,3159
95,3161
95,3164
95,3197
95,3198
95,3234
95,3281
95,3417
95,3443
95,3508
95,3516
95,3539
95,3604
95,3692
95,3707
95,3766
95,3836
95,3997
95,4017
95,4134
95,4200
95,4237
95,4238
95,4419
95,4420
95,4428
95,4462
95,4467
95,4525
95,4538
95,4570
95,4681
95,4726
95,4764
95,4797
95,4802
95,4835
95,4845
95,4883
95,4958
95,4982
95,4987
95,5035
95,5054
95,5092
95,5148
95,5217
95,5257
95,5306
95,5341
95,5348
95,5416
95,5453
95,5476
95,5656
95,5661
95,5662
95,5703
95,5713
95,5736
95,5810
95,5868
95,5921
95,5990
95,6013
95,6049
95,6084
95,6199
95,6249
95,6251
95,6300
95,6358
95,6368
95,6431
95,6460
95,6592
95,6632
95,6635
95,6668
95,6673
95,6718
95,6750
95,6772
95,6815
95,6839
95,6872
95,7024
95,7043
95,7094
95,7115
95,7223
95,7257
95,7339
95,7342
95,7400
95,7484
95,7581
95,7674
95,7678
95,7809
95,7822
95,7880
95,8178
95,8280
95,8372
95,8444
95,8468
95,8498
95,8501
95,8521
95,8573
95,8588
95,8589
95,8608
95,8651
95,8661
95,8668
95,8711
95,8816
95,8862
95,8891
95,8962
95,8973
95,9070
95,9200
95,9235
95,9247
95,9249
95,9252
95,9262
95,9290
95,9304
95,9334
95,9344
95,9408
95,9420
95,9486
95,9538
95,9549
95,9647
95,9705
95,9932
95,9933
95,10032
95,10060
95,10078
95,10157
95,10176
95,10177
95,10468
95,10474
95,10530
95,10611
95,10625
95,10741
95,10776
95,10801
95,10803
95,10923
95,10927
95,11038
95,11162
95,11244
95,11303
95,11358
95,11425
95,11533
95,11541
95,11548
95,11592
95,11732
95,11805
95,11866
95,11974
95,12036
95,12054
95,12174
95,12208
95,12221
95,12575
95,12738
95,12750
95,12755
95,12766
95,12794
95,12833
95,12834
95,12886
95,12931
95,13034
95,13041
95,13059
95,13101
95,13140
95,13157
95,13173
95,13206
95,13263
95,13322
95,13393
95,13406
95,13451
95,13542
95,13547
95,13656
95,13667
95,13756
95,13786
95,13803
95,13844
95,13995
95,14016
95,14050
95,14175
95,14180
95,14287
95,14326
95,14499
95,14515
95,14554
95,14614
95,14638
95,14716
95,14787
95,14825
95,14880
95,15152
95,15291
95,15349
95,15419
95,15428
95,15505
95,15507
95,15608
95,15624
95,15625
95,15664
95,15800
95,15820
95,15825
95,15920
95,15953
95,15998
95,16038
95,16087
95,16099
95,16170
95,16192
95,16252
95,16329
95,16425
95,16608
95,16730
95,16736
95,16740
95,16812
95,16892
95,16922
95,16926
95,16937
95,16969
95,17089
95,17122
95,17186
95,17195
95,17299
95,17450
95,17564
95,17577
95,17722
95,17841
95,18053
95,18164
95,18165
95,18212
95,18475
95,18479
95,18493
95,18553
95,18604
95,18717
95,18805
95,18850
95,18903
95,19030
95,19162
95,19176
95,19189
95,19291
95,19292
95,19316
95,19362
95,19382
95,19512
95,19519
95,19545
95,19566
95,19596
95,19676
95,19754
95,19798
95,19823
95,19833
95,19839
95,20139
95,20144
95,20155
95,20223
95,20225
95,20233
96,11
96,19
96,20
96,22
96,23
96,25
96,31
96,39
96,43
96,49
96,68
96,71
96,75
96,80
96,84
96,86
96,89
96,94
96,98
96,115
96,127
96,142
96,146
96,149
96,153
96,159
96,160
96,180
96,188
96,202
96,221
96,226
96,227
96,231
96,248
96,255
96,258
96,261
96,266
96,285
96,287
96,289
96,290
96,298
96,314
96,321
96,322
96,336
96,344
96,349
96,357
96,370
96,373
96,376
96,383
96,389
96,390
96,403
96,406
96,445
96,458
96,472
96,474
96,476
96,480
96,484
96,493
96,519
96,521
96,528
96,560
96,567
96,576
96,577
96,581
96,587
96,592
96,593
96,596
96,609
96,612
96,613
96,617
96,628
96,640
96,682
96,747
96,750
96,755
96,757
96,763
96,772
96,786
96,803
96,804
96,814
96,855
96,862
96,867
96,874
96,893
96,910
96,918
96,923
96,925
96,936
96,985
96,994
96,1004
96,1016
96,1021
96,1034
96,1051
96,1053
96,1060
96,1105
96,1109
96,1139
96,1142
96,1155
96,1158
96,1177
96,1187
96,1207
96,1227
96,1229
96,1243
96,1284
96,1296
96,1367
96,1373
96,1394
96,1403
96,1409
96,1421
96,1449
96,1468
96,1486
96,1497
96,1516
96,1594
96,1612
96,1648
96,1659
96,1660
96,1661
96,1702
96,1721
96,1763
96,1843
96,1845
96,1878
96,1901
96,1921
96,1935
96,1936
96,2037
96,2076
96,2105
96,2177
96,2210
96,2213
96,2224
96,2239
96,2250
96,2258
96,2270
96,2305
96,2306
96,2312
96,2416
96,2529
96,2573
96,2614
96,2629
96,2653
96,2677
96,2704
96,2932
96,2997
96,3021
96,3069
96,3091
96,3106
96,3109
96,3117
96,3121
96,3127
96,3174
96,3226
96,3239
96,3299
96,3317
96,3331
96,3389
96,3413
96,3438
96,3459
96,3476
96,3498
96,3522
96,3526
96,3617
96,3630
96,3665
96,3680
96,3763
96,3782
96,3802
96,3849
96,3882
96,3887
96,3906
96,3971
96,3987
96,4069
96,4100
96,4104
96,4150
96,4156
96,4210
96,4238
96,4304
96,4308
96,4319
96,4341
96,4369
96,4379
96,4410
96,4461
96,4492
96,4495
96,4565
96,4595
96,4600
96,4609
96,4640
96,4656
96,4675
96,4756
96,4788
96,4792
96,4886
96,4955
96,5039
96,5104
96,5176
96,5193
96,5196
96,5230
96,5313
96,5377
96,5411
96,5462
96,5508
96,5521
96,5597
96,5639
96,5739
96,5750
96,5790
96,5797
96,5930
96,5957
96,5961
96,5985
96,5991
96,6011
96,6026
96,6067
96,6156
96,6176
96,6226
96,6228
96,6230
96,6336
96,6338
96,6365
96,6461
96,6543
96,6649
96,6682
96,6703
96,6710
96,6733
96,6737
96,6743
96,6787
96,6813
96,6993
96,7072
96,7120
96,7121
96,7135
96,7197
96,7204
96,7209
96,7291
96,7298
96,7349
96,7362
96,7389
96,7396
96,7428
96,7450
96,7468
96,7495
96,7497
96,7499
96,7540
96,7546
96,7569
96,7635
96,7703
96,7759
96,7763
96,7838
96,7946
96,8038
96,8054
96,8074
96,8076
96,8091
96,8162
96,8287
96,8311
96,8318
96,8369
96,8378
96,8387
96,8423
96,8626
96,8719
96,8817
96,8848
96,8849
96,8869
96,8904
96,8934
96,8939
96,8968
96,8974
96,9065
96,9078
96,9164
96,9202
96,9234
96,9377
96,9432
96,9447
96,9494
96,9525
96,9560
96,9623
96,9639
96,9690
96,9794
96,9807
96,9809
96,9810
96,9887
96,9919
96,9940
96,10025
96,10092
96,10143
96,10158
96,10189
96,10214
96,10329
96,10335
96,10343
96,10354
96,10461
96,10517
96,10674
96,10733
96,10734
96,10839
96,10970
96,11021
96,11167
96,11176
96,11320
96,11414
96,11424
96,11443
96,11496
96,11523
96,11529
96,11566
96,11768
96,11794
96,11833
96,11867
96,11878
96,12014
96,12025
96,12102
96,12116
96,12211
96,12228
96,12235
96,12257
96,12284
96,12350
96,12363
96,12692
96,12732
96,12794
96,12796
96,12807
96,12842
96,12966
96,13037
96,13074
96,13091
96,13107
96,13126
96,13127
96,13158
96,13259
96,13421
96,13546
96,13614
96,13790
96,13840
96,13862
96,14117
96,14251
96,14412
96,14636
96,14779
96,14792
96,14802
96,14900
96,14929
96,14991
96,14993
96,15126
96,15135
96,15136
96,15215
96,15256
96,15449
96,15543
96,15617
96,15630
96,15652
96,15726
96,15747
96,15867
96,15932
96,15958
96,16000
96,16216
96,16276
96,16293
96,16294
96,16295
96,16309
96,16323
96,16394
96,16401
96,16451
96,16697
96,16713
96,16853
96,16887
96,16890
96,16929
96,16947
96,17024
96,17048
96,17068
96,17100
96,17104
96,17397
96,17445
96,17556
96,17594
96,17602
96,17652
96,17763
96,17795
96,17804
96,17881
96,17893
96,17964
96,18168
96,18246
96,18384
96,18430
96,18483
96,18543
96,18558
96,18603
96,18743
96,18798
96,18857
96,18888
96,18927
96,19056
96,19096
96,19109
96,19113
96,19208
96,19214
96,19232
96,19234
96,19247
96,19323
96,19442
96,19507
96,19587
96,19605
96,19622
96,19767
96,19815
96,19816
96,19877
96,19970
96,20038
96,20104
96,20146
97,3
97,6
97,8
97,16
97,20
97,39
97,43
97,62
97,67
97,72
97,75
97,86
97,89
97,117
97,137
97,138
97,142
97,148
97,149
97,213
97,216
97,218
97,221
97,222
97,226
97,230
97,258
97,280
97,287
97,288
97,290
97,321
97,344
97,350
97,368
97,389
97,427
97,464
97,472
97,473
97,476
97,536
97,538
97,551
97,567
97,628
97,651
97,652
97,654
97,655
97,675
97,703
97,704
97,744
97,767
97,773
97,801
97,805
97,853
97,854
97,861
97,903
97,957
97,966
97,968
97,1015
97,1016
97,1028
97,1045
97,1053
97,1057
97,1074
97,1089
97,1107
97,1136
97,1145
97,1229
97,1278
97,1298
97,1312
97,1314
97,1330
97,1338
97,1428
97,1468
97,1481
97,1483
97,1497
97,1540
97,1541
97,1554
97,1626
97,1669
97,1719
97,1721
97,1731
97,1756
97,1761
97,1843
97,1898
97,1936
97,2177
97,2188
97,2197
97,2256
97,2267
97,2270
97,2271
97,2303
97,2327
97,2398
97,2416
97,2432
97,2482
97,2514
97,2521
97,2587
97,2638
97,2664
97,2738
97,2769
97,2788
97,2822
97,2972
97,2980
97,2999
97,3002
97,3025
97,3037
97,3061
97,3100
97,3120
97,3166
97,3171
97,3219
97,3229
97,3308
97,3341
97,3361
97,3406
97,3408
97,3471
97,3492
97,3497
97,3524
97,3559
97,3577
97,3590
97,3650
97,3680
97,3774
97,3852
97,3879
97,3905
97,3987
97,4003
97,4033
97,4048
97,4117
97,4124
97,4144
97,4389
97,4444
97,4462
97,4502
97,4539
97,4615
97,4661
97,4682
97,4726
97,4889
97,4896
97,4922
97,4957
97,5047
97,5064
97,5232
97,5297
97,5334
97,5450
97,5476
97,5535
97,5553
97,5742
97,5760
97,5767
97,5839
97,5848
97,5912
97,5939
97,5955
97,5985
97,6005
97,6111
97,6181
97,6384
97,6408
97,6466
97,6609
97,6651
97,6779
97,6791
97,6805
97,6808
97,6899
97,6946
97,7030
97,7127
97,7199
97,7222
97,7223
97,7382
97,7384
97,7441
97,7450
97,7468
97,7507
97,7687
97,7707
97,7809
97,7879
97,8039
97,8176
97,8206
97,8217
97,8222
97,8228
97,8274
97,8320
97,8605
97,8640
97,8659
97,8862
97,8917
97,9114
97,9154
97,9254
97,9361
97,9551
97,9732
97,9821
97,9852
97,9935
97,9991
97,10241
97,10243
97,10385
97,10411
97,10469
97,10645
97,10655
97,10705
97,10761
97,10790
97,10801
97,11065
97,11118
97,11131
97,11291
97,11389
97,11648
97,11734
97,11765
97,12208
97,12651
97,12702
97,12825
97,13050
97,13080
97,13106
97,13132
97,13152
97,13233
97,13517
97,13743
97,14202
97,14417
97,14465
97,14642
97,14853
97,14980
97,14984
97,15005
97,15293
97,15307
97,15459
97,15484
97,15492
97,15633
97,15655
97,16067
97,16261
97,16316
97,16469
97,16542
97,16682
97,16689
97,16702
97,16728
97,16932
97,17034
97,17089
97,17252
97,17477
97,17542
97,17551
97,17600
97,17656
97,17686
97,17771
97,17846
97,18038
97,18574
97,18638
97,18828
97,18874
97,19058
97,19260
97,19361
97,19467
97,19547
97,19557
97,19627
97,19732
97,19741
97,20242
97,20258
100,1
100,3
100,4
100,5
100,12
100,18
100,39
100,43
100,53
100,72
100,89
100,119
100,160
100,161
100,222
100,225
100,227
100,232
100,240
100,250
100,273
100,286
100,313
100,343
100,344
100,356
100,367
100,461
100,499
100,504
100,530
100,603
100,658
100,681
100,725
100,730
100,733
100,756
100,764
100,817
100,869
100,1008
100,1086
100,1135
100,1164
100,1200
100,1283
100,1336
100,1337
100,1340
100,1362
100,1377
100,1458
100,1489
100,1584
100,1617
100,1678
100,1726
100,1762
100,1783
100,1829
100,1830
100,1841
100,1857
100,1869
100,1925
100,1936
100,1959
100,1971
100,1979
100,1997
100,2093
100,2107
100,2276
100,2303
100,2365
100,2380
100,2440
100,2461
100,2537
100,2657
100,2823
100,2848
100,2856
100,2915
100,2917
100,2931
100,2943
100,2963
100,2995
100,3104
100,3161
100,3305
100,3355
100,3384
100,3401
100,3402
100,3411
100,3469
100,3514
100,3551
100,3585
100,3647
100,3671
100,3679
100,3719
100,3788
100,3861
100,3895
100,3942
100,3970
100,4010
100,4042
100,4046
100,4172
100,4197
100,4198
100,4316
100,4338
100,4384
100,4457
100,4507
100,4616
100,4711
100,4746
100,4763
100,4846
100,4905
100,4973
100,5069
100,5070
100,5097
100,5120
100,5129
100,5209
100,5344
100,5367
100,5423
100,5435
100,5559
100,5643
100,5676
100,5734
100,5754
100,5817
100,5827
100,5890
100,5934
100,5959
100,5997
100,6020
100,6069
100,6113
100,6271
100,6287
100,6316
100,6395
100,6417
100,6428
100,6501
100,6550
100,6559
100,6593
100,6625
100,6692
100,6752
100,6830
100,6835
100,7004
100,7010
100,7040
100,7070
100,7071
100,7099
100,7101
100,7161
100,7169
100,7175
100,7192
100,7255
100,7350
100,7408
100,7559
100,7627
100,7673
100,7680
100,7690
100,7789
100,7826
100,8082
100,8099
100,8113
100,8204
100,8284
100,8285
100,8347
100,8455
100,8550
100,8595
100,8658
100,8709
100,8995
100,9240
100,9386
100,9401
100,9403
100,9868
100,9878
100,10090
100,10167
100,10217
100,10295
100,10429
100,10459
100,10649
100,10718
100,10963
100,11100
100,11108
100,11164
100,11178
100,11223
100,11245
100,11301
100,11333
100,11388
100,11618
100,11798
100,11832
100,11948
100,11973
100,11981
100,12122
100,12193
100,12311
100,12339
100,12534
100,12560
100,12612
100,12705
100,12709
100,12741
100,12892
100,13027
100,13407
100,13748
100,13816
100,14101
100,14231
100,14260
100,14553
100,14584
100,14625
100,14646
100,15045
100,15274
100,15351
100,15426
100,15494
100,15593
100,15710
100,15831
100,15978
100,17367
100,17370
100,17419
100,17432
100,17439
100,17470
100,17543
100,17796
100,17925
100,18005
100,18021
100,18104
100,18145
100,18405
100,18633
100,18671
100,18762
100,19013
100,19264
100,19295
100,19309
100,19381
100,19651
100,19841
100,20030
100,20072
100,20107
100,20130
102,1
102,2
102,3
102,15
102,18
102,48
102,53
102,66
102,80
102,89
102,91
102,92
102,111
102,112
102,126
102,132
102,150
102,151
102,157
102,173
102,178
102,181
102,184
102,187
102,194
102,195
102,200
102,201
102,238
102,247
102,283
102,299
102,306
102,326
102,328
102,337
102,341
102,344
102,384
102,391
102,392
102,395
102,405
102,423
102,425
102,446
102,449
102,451
102,453
102,467
102,469
102,483
102,494
102,511
102,550
102,552
102,563
102,578
102,588
102,632
102,637
102,658
102,692
102,696
102,701
102,728
102,731
102,760
102,774
102,809
102,866
102,884
102,904
102,945
102,960
102,984
102,1005
102,1041
102,1055
102,1140
102,1203
102,1205
102,1222
102,1271
102,1362
102,1390
102,1397
102,1398
102,1401
102,1407
102,1475
102,1495
102,1501
102,1519
102,1530
102,1596
102,1616
102,1636
102,1655
102,1681
102,1704
102,1779
102,1781
102,1816
102,1834
102,1842
102,1876
102,1908
102,1918
102,1936
102,1970
102,1983
102,1997
102,2001
102,2022
102,2041
102,2051
102,2090
102,2121
102,2140
102,2142
102,2156
102,2163
102,2185
102,2199
102,2237
102,2262
102,2315
102,2316
102,2392
102,2406
102,2438
102,2491
102,2558
102,2606
102,2706
102,2768
102,2807
102,2815
102,2821
102,2885
102,2948
102,2955
102,2960
102,2983
102,3004
102,3072
102,3077
102,3145
102,3161
102,3186
102,3224
102,3234
102,3295
102,3391
102,3399
102,3455
102,3479
102,3527
102,3558
102,3570
102,3575
102,3677
102,3773
102,3810
102,3828
102,3855
102,3928
102,4007
102,4044
102,4056
102,4096
102,4114
102,4131
102,4138
102,4191
102,4193
102,4195
102,4228
102,4285
102,4326
102,4334
102,4390
102,4421
102,4499
102,4517
102,4568
102,4657
102,4666
102,4673
102,4681
102,4769
102,4813
102,4865
102,4866
102,4969
102,5036
102,5052
102,5055
102,5058
102,5148
102,5189
102,5246
102,5266
102,5284
102,5343
102,5370
102,5394
102,5425
102,5489
102,5605
102,5670
102,5673
102,5680
102,5704
102,5732
102,5737
102,5749
102,5841
102,5855
102,5898
102,5980
102,6000
102,6019
102,6044
102,6098
102,6127
102,6165
102,6229
102,6275
102,6276
102,6377
102,6489
102,6600
102,6638
102,6678
102,6797
102,6901
102,6919
102,6948
102,6958
102,7026
102,7033
102,7046
102,7137
102,7218
102,7253
102,7254
102,7287
102,7304
102,7317
102,7356
102,7509
102,7548
102,7552
102,7571
102,7610
102,7617
102,7641
102,7665
102,7734
102,7760
102,7778
102,7787
102,7866
102,7881
102,7995
102,8170
102,8295
102,8358
102,8433
102,8452
102,8497
102,8544
102,8581
102,8677
102,8796
102,8834
102,8960
102,9000
102,9017
102,9033
102,9056
102,9124
102,9181
102,9217
102,9219
102,9241
102,9266
102,9269
102,9281
102,9428
102,9629
102,9749
102,9869
102,9972
102,9992
102,10062
102,10076
102,10088
102,10260
102,10268
102,10497
102,10498
102,10501
102,10566
102,10745
102,10819
102,10856
102,10900
102,10929
102,11104
102,11124
102,11156
102,11200
102,11395
102,11412
102,11526
102,11561
102,11616
102,11622
102,11660
102,11854
102,11915
102,11927
102,11958
102,11965
102,12023
102,12125
102,12189
102,12414
102,12478
102,12572
102,12734
102,12736
102,12870
102,13343
102,13382
102,13486
102,13505
102,13527
102,13567
102,13581
102,13593
102,13832
102,13864
102,13895
102,13899
102,13905
102,13980
102,14001
102,14084
102,14138
102,14153
102,14235
102,14242
102,14263
102,14320
102,14330
102,14350
102,14378
102,14401
102,14427
102,14449
102,14450
102,14491
102,14510
102,14513
102,14549
102,14552
102,14632
102,14706
102,14735
102,14845
102,14859
102,14861
102,14997
102,15066
102,15086
102,15139
102,15280
102,15475
102,15545
102,15657
102,15742
102,15805
102,15823
102,15836
102,15862
102,15863
102,15870
102,15882
102,15909
102,15961
102,16100
102,16122
102,16160
102,16245
102,16253
102,16298
102,16304
102,16330
102,16476
102,16662
102,16686
102,16774
102,16783
102,16864
102,16970
102,17181
102,17185
102,17234
102,17277
102,17306
102,17309
102,17385
102,17412
102,17494
102,17575
102,17751
102,17758
102,17820
102,17886
102,17911
102,17917
102,17929
102,18153
102,18160
102,18447
102,18562
102,18672
102,18778
102,18800
102,18830
102,18846
102,19103
102,19231
102,19425
102,19489
102,19556
102,19569
102,19597
102,19625
102,19629
102,19675
102,19714
102,19785
102,19805
102,19985
102,20046
102,20091
102,20101
102,20126
102,20152
102,20169
102,20189
102,20228
102,20252
102,20259
108,1
108,11
108,22
108,24
108,28
108,34
108,78
108,86
108,104
108,148
108,149
108,159
108,211
108,259
108,303
108,344
108,370
108,383
108,430
108,490
108,569
108,596
108,615
108,858
108,865
108,880
108,895
108,898
108,899
108,902
108,923
108,925
108,1014
108,1022
108,1024
108,1078
108,1119
108,1172
108,1206
108,1308
108,1394
108,1427
108,1432
108,1437
108,1445
108,1452
108,1462
108,1503
108,1536
108,1578
108,1654
108,1747
108,1748
108,1778
108,1848
108,1853
108,1901
108,1903
108,1936
108,2125
108,2152
108,2162
108,2189
108,2213
108,2322
108,2344
108,2392
108,2641
108,2719
108,2721
108,2789
108,2825
108,2895
108,3105
108,3228
108,3262
108,3274
108,3326
108,3330
108,3361
108,3423
108,3498
108,3531
108,3605
108,3851
108,3894
108,3921
108,4022
108,4027
108,4097
108,4164
108,4166
108,4230
108,4296
108,4300
108,4437
108,4477
108,4681
108,4819
108,4898
108,4902
108,4964
108,5272
108,5612
108,5938
108,6006
108,6050
108,6073
108,6076
108,6124
108,6151
108,6294
108,6583
108,6907
108,7111
108,7157
108,7353
108,7664
108,7722
108,7861
108,7963
108,7964
108,8061
108,8169
108,8233
108,8699
108,8841
108,8890
108,9072
108,9270
108,9274
108,9451
108,9571
108,9683
108,9798
108,9920
108,9926
108,9986
108,9988
108,9999
108,10376
108,10493
108,10596
108,10609
108,10696
108,10703
108,10850
108,10911
108,11009
108,11061
108,11234
108,11252
108,11435
108,11446
108,11651
108,11661
108,11788
108,11892
108,12021
108,12063
108,12078
108,12167
108,12303
108,12402
108,12619
108,12645
108,12680
108,12946
108,12949
108,13003
108,13223
108,13432
108,13482
108,13572
108,13643
108,13898
108,14051
108,14086
108,14123
108,14196
108,14269
108,14333
108,14380
108,14384
108,14523
108,14562
108,14603
108,14783
108,14854
108,14945
108,15212
108,15241
108,15300
108,15686
108,15694
108,15776
108,15897
108,15933
108,16224
108,16238
108,16408
108,16473
108,16507
108,16538
108,16620
108,16769
108,16776
108,16866
108,16924
108,17038
108,17110
108,17172
108,17249
108,17303
108,17343
108,18122
108,18167
108,18524
108,18774
108,18925
108,18955
108,18999
108,19133
108,19394
108,19406
108,19529
108,19570
108,19992
108,20171
110,2
110,3
110,47
110,67
110,73
110,158
110,175
110,234
110,256
110,344
110,367
110,376
110,378
110,406
110,437
110,463
110,484
110,577
110,708
110,711
110,717
110,749
110,786
110,801
110,808
110,827
110,873
110,908
110,977
110,1073
110,1112
110,1181
110,1185
110,1210
110,1234
110,1280
110,1354
110,1411
110,1490
110,1529
110,1560
110,1583
110,1595
110,1603
110,1619
110,1628
110,1635
110,1864
110,1894
110,1936
110,2089
110,2150
110,2302
110,2325
110,2448
110,2507
110,2584
110,2642
110,2648
110,2658
110,2711
110,2779
110,2803
110,2931
110,2942
110,3028
110,3187
110,3193
110,3205
110,3412
110,3420
110,3456
110,3463
110,3470
110,3509
110,3511
110,3534
110,3550
110,3592
110,3595
110,3697
110,3716
110,3736
110,3748
110,3756
110,3812
110,3899
110,3940
110,3951
110,4066
110,4215
110,4510
110,4547
110,4559
110,4725
110,4823
110,5077
110,5311
110,5331
110,5525
110,5555
110,5758
110,5786
110,6250
110,6290
110,6581
110,6655
110,6677
110,6720
110,6818
110,6877
110,6880
110,6887
110,6903
110,6989
110,7113
110,7155
110,7168
110,7248
110,7303
110,7394
110,7415
110,7418
110,7448
110,7472
110,7504
110,7525
110,7539
110,7543
110,7775
110,8079
110,8303
110,8449
110,8519
110,8557
110,8617
110,8641
110,8680
110,8772
110,8896
110,8902
110,8918
110,9011
110,9062
110,9367
110,9372
110,9666
110,9692
110,9934
110,9947
110,10029
110,10251
110,10355
110,10399
110,10401
110,10629
110,10860
110,10877
110,11170
110,11504
110,11581
110,11701
110,11736
110,11758
110,11849
110,12035
110,12056
110,12104
110,12520
110,12647
110,12673
110,12674
110,12871
110,13055
110,13258
110,13282
110,13388
110,13633
110,14017
110,14090
110,14179
110,14209
110,14232
110,14255
110,14437
110,14514
110,14544
110,14711
110,14827
110,15143
110,15219
110,15288
110,15357
110,15462
110,15482
110,15695
110,15855
110,16052
110,16118
110,16151
110,16314
110,16438
110,16523
110,16830
110,16911
110,17092
110,17094
110,17170
110,17207
110,17246
110,17253
110,17338
110,17380
110,17446
110,17532
110,17638
110,17759
110,17949
110,18093
110,18353
110,18397
110,18589
110,18676
110,18769
110,18790
110,18930
110,19408
110,19411
110,19896
110,19979
110,20018
110,20111
110,20237
116,1
116,9
116,18
116,20
116,39
116,47
116,58
116,66
116,67
116,96
116,101
116,109
116,113
116,116
116,130
116,149
116,151
116,171
116,172
116,194
116,195
116,197
116,201
116,228
116,237
116,238
116,252
116,264
116,280
116,306
116,317
116,339
116,343
116,344
116,354
116,374
116,382
116,391
116,394
116,421
116,457
116,462
116,463
116,467
116,469
116,494
116,495
116,506
116,511
116,518
116,550
116,578
116,579
116,611
116,638
116,655
116,659
116,667
116,670
116,684
116,696
116,801
116,851
116,852
116,857
116,868
116,881
116,915
116,1001
116,1010
116,1032
116,1037
116,1041
116,1047
116,1048
116,1059
116,1106
116,1114
116,1124
116,1300
116,1339
116,1390
116,1475
116,1487
116,1502
116,1513
116,1523
116,1530
116,1545
116,1563
116,1609
116,1629
116,1642
116,1664
116,1665
116,1703
116,1711
116,1760
116,1762
116,1770
116,1822
116,1830
116,1833
116,1919
116,1936
116,1951
116,1966
116,1968
116,1973
116,2012
116,2048
116,2163
116,2235
116,2241
116,2265
116,2310
116,2317
116,2332
116,2449
116,2622
116,2665
116,2768
116,2791
116,2832
116,2848
116,2854
116,2863
116,3055
116,3079
116,3118
116,3132
116,3136
116,3139
116,3161
116,3204
116,3234
116,3313
116,3375
116,3556
116,3579
116,3580
116,3614
116,3661
116,3827
116,3843
116,3858
116,4008
116,4219
116,4258
116,4307
116,4354
116,4393
116,4428
116,4479
116,4482
116,4498
116,4564
116,4577
116,4681
116,4691
116,4722
116,4764
116,4784
116,4794
116,4948
116,4954
116,4982
116,5114
116,5148
116,5167
116,5315
116,5453
116,5548
116,5604
116,5672
116,5677
116,5735
116,5785
116,5905
116,6078
116,6219
116,6248
116,6268
116,6293
116,6383
116,6401
116,6490
116,6592
116,6611
116,6617
116,6643
116,6802
116,6824
116,7011
116,7078
116,7087
116,7183
116,7191
116,7320
116,7325
116,7363
116,7412
116,7567
116,7591
116,7712
116,7757
116,7921
116,8075
116,8258
116,8267
116,8282
116,8346
116,8480
116,8754
116,8864
116,8975
116,9123
116,9126
116,9273
116,9300
116,9381
116,9417
116,9497
116,9632
116,9634
116,9687
116,9710
116,9936
116,10119
116,10149
116,10153
116,10233
116,10284
116,10287
116,10309
116,10313
116,10348
116,10410
116,10419
116,10492
116,10514
116,10611
116,10758
116,10784
116,10793
116,10796
116,10879
116,11127
116,11444
116,11528
116,11613
116,11665
116,11675
116,11694
116,11743
116,11887
116,12000
116,12033
116,12077
116,12098
116,12140
116,12155
116,12157
116,12176
116,12186
116,12246
116,12515
116,12630
116,12656
116,12689
116,12739
116,12865
116,12876
116,13022
116,13079
116,13116
116,13204
116,13320
116,13375
116,13471
116,13711
116,13753
116,13806
116,13903
116,13984
116,14044
116,14064
116,14069
116,14107
116,14233
116,14303
116,14309
116,14354
116,14422
116,14442
116,14469
116,14529
116,14818
116,14837
116,14938
116,14956
116,14989
116,14999
116,15000
116,15003
116,15087
116,15160
116,15353
116,15355
116,15424
116,15528
116,15964
116,16077
116,16201
116,16210
116,16299
116,16364
116,16423
116,16491
116,16748
116,16919
116,16934
116,16948
116,16962
116,17031
116,17178
116,17205
116,17240
116,17330
116,17426
116,17443
116,17518
116,17560
116,17755
116,17913
116,18001
116,18098
116,18174
116,18223
116,18284
116,18323
116,18852
116,18940
116,18989
116,19003
116,19054
116,19137
116,19190
116,19194
116,19339
116,19369
116,19370
116,19450
116,19457
116,19508
116,19595
116,19638
116,19887
116,19947
116,19987
123,2
123,18
123,36
123,39
123,41
123,47
123,48
123,51
123,64
123,89
123,158
123,188
123,219
123,256
123,283
123,315
123,324
123,344
123,367
123,376
123,378
123,406
123,469
123,508
123,532
123,534
123,545
123,602
123,610
123,619
123,624
123,629
123,643
123,655
123,658
123,734
123,786
123,899
123,908
123,954
123,998
123,1076
123,1077
123,1123
123,1185
123,1235
123,1237
123,1317
123,1385
123,1400
123,1402
123,1407
123,1411
123,1552
123,1560
123,1565
123,1595
123,1623
123,1645
123,1735
123,1736
123,1987
123,2063
123,2087
123,2089
123,2092
123,2095
123,2302
123,2500
123,2523
123,2593
123,2693
123,2755
123,2929
123,2942
123,2984
123,2988
123,3051
123,3064
123,3123
123,3146
123,3193
123,3200
123,3257
123,3321
123,3357
123,3392
123,3400
123,3412
123,3455
123,3457
123,3470
123,3480
123,3515
123,3549
123,3578
123,3594
123,3645
123,3716
123,3912
123,3984
123,3992
123,4133
123,4175
123,4276
123,4286
123,4287
123,4305
123,4370
123,4388
123,4547
123,4592
123,4636
123,4706
123,4721
123,4767
123,4824
123,4830
123,4836
123,4884
123,4895
123,5045
123,5164
123,5194
123,5201
123,5220
123,5311
123,5389
123,5555
123,5655
123,5728
123,5758
123,5960
123,5968
123,5989
123,5993
123,6154
123,6191
123,6250
123,6263
123,6512
123,6536
123,6552
123,6562
123,6572
123,6602
123,6677
123,6683
123,6729
123,6798
123,6818
123,6832
123,6896
123,7076
123,7145
123,7150
123,7179
123,7240
123,7366
123,7479
123,7513
123,7871
123,8191
123,8303
123,8330
123,8469
123,8569
123,8619
123,8724
123,8868
123,8926
123,9018
123,9161
123,9311
123,9372
123,9382
123,9568
123,9633
123,9692
123,9730
123,9739
123,9778
123,9937
123,9958
123,9974
123,10013
123,10093
123,10094
123,10113
123,10438
123,10508
123,10515
123,10602
123,10833
123,10867
123,10918
123,10976
123,11199
123,11204
123,11228
123,11342
123,11362
123,11756
123,12282
123,12377
123,12395
123,12456
123,12520
123,12569
123,12883
123,13078
123,13211
123,13469
123,13558
123,13702
123,13744
123,13808
123,13883
123,14092
123,14428
123,14618
123,14752
123,14795
123,14865
123,14946
123,15023
123,15177
123,15394
123,15641
123,16092
123,16093
123,16168
123,16278
123,16317
123,16318
123,16993
123,17010
123,17168
123,17465
123,17483
123,17507
123,17524
123,17527
123,17673
123,17721
123,17825
123,17936
123,18342
123,18351
123,18511
123,18844
123,18870
123,19070
123,19131
123,19202
123,19386
123,19748
123,19750
123,19800
123,19824
123,19849
123,20245
129,10
129,12
129,15
129,18
129,38
129,49
129,79
129,86
129,91
129,127
129,181
129,187
129,201
129,221
129,222
129,253
129,255
129,263
129,275
129,317
129,343
129,344
129,364
129,369
129,382
129,415
129,447
129,450
129,467
129,473
129,494
129,495
129,540
129,578
129,603
129,604
129,605
129,621
129,637
129,659
129,669
129,670
129,680
129,696
129,701
129,716
129,723
129,728
129,738
129,762
129,778
129,791
129,876
129,892
129,896
129,928
129,1001
129,1025
129,1113
129,1128
129,1154
129,1198
129,1398
129,1450
129,1532
129,1535
129,1542
129,1610
129,1662
129,1673
129,1746
129,1762
129,1765
129,1806
129,1808
129,1936
129,1938
129,1939
129,1952
129,1983
129,2005
129,2025
129,2048
129,2082
129,2128
129,2178
129,2179
129,2216
129,2291
129,2348
129,2444
129,2451
129,2452
129,2532
129,2668
129,2763
129,2920
129,2985
129,3019
129,3182
129,3234
129,3240
129,3305
129,3319
129,3435
129,3481
129,3640
129,3655
129,3728
129,3786
129,3787
129,3879
129,4044
129,4084
129,4142
129,4162
129,4183
129,4229
129,4265
129,4307
129,4551
129,4568
129,4593
129,4613
129,4729
129,4743
129,4764
129,4810
129,4821
129,4841
129,4857
129,4874
129,4930
129,5114
129,5184
129,5375
129,5382
129,5565
129,5593
129,5618
129,5621
129,5662
129,5779
129,5812
129,5845
129,6053
129,6183
129,6198
129,6236
129,6350
129,6436
129,6482
129,6487
129,6782
129,6819
129,6928
129,6934
129,7148
129,7183
129,7274
129,7309
129,7375
129,7398
129,7437
129,7505
129,7745
129,7936
129,8013
129,8046
129,8097
129,8324
129,8379
129,8390
129,8447
129,8676
129,8812
129,8900
129,8904
129,8923
129,9002
129,9012
129,9038
129,9118
129,9135
129,9280
129,9443
129,9464
129,9489
129,9611
129,9749
129,9862
129,9917
129,9957
129,10116
129,10165
129,10211
129,10458
129,10909
129,10999
129,11023
129,11137
129,11240
129,11329
129,11478
129,11766
129,11831
129,12057
129,12199
129,12267
129,12292
129,12477
129,12726
129,12822
129,12900
129,12950
129,13098
129,13141
129,13208
129,13231
129,13365
129,13371
129,13507
129,13622
129,13838
129,13885
129,14000
129,14031
129,14169
129,14266
129,14336
129,14654
129,14927
129,15191
129,15222
129,15520
129,15568
129,15595
129,15676
129,15857
129,15896
129,15935
129,16332
129,16561
129,16584
129,16741
129,16914
129,16959
129,17017
129,17109
129,17292
129,17314
129,17322
129,17760
129,18139
129,18226
129,18266
129,18312
129,18412
129,18607
129,18615
129,18689
129,18859
129,18948
129,19197
129,19216
129,19401
129,19801
129,19847
129,19853
129,20217
133,1
133,18
133,49
133,79
133,91
133,96
133,111
133,115
133,127
133,149
133,151
133,180
133,197
133,215
133,228
133,233
133,237
133,243
133,249
133,252
133,253
133,255
133,301
133,306
133,317
133,343
133,344
133,347
133,364
133,369
133,382
133,402
133,421
133,439
133,446
133,447
133,462
133,467
133,469
133,494
133,495
133,557
133,561
133,578
133,579
133,605
133,621
133,623
133,659
133,667
133,670
133,680
133,705
133,732
133,738
133,777
133,778
133,791
133,868
133,876
133,881
133,896
133,928
133,1001
133,1005
133,1031
133,1041
133,1059
133,1069
133,1106
133,1113
133,1128
133,1154
133,1178
133,1224
133,1242
133,1256
133,1291
133,1300
133,1398
133,1399
133,1407
133,1487
133,1523
133,1542
133,1545
133,1610
133,1642
133,1746
133,1760
133,1776
133,1803
133,1936
133,1941
133,1952
133,1961
133,2005
133,2015
133,2049
133,2163
133,2265
133,2317
133,2320
133,2429
133,2452
133,2456
133,2532
133,2622
133,2668
133,2683
133,2758
133,2775
133,2796
133,2831
133,2833
133,2910
133,2920
133,2940
133,3018
133,3023
133,3159
133,3234
133,3319
133,3375
133,3481
133,3484
133,3490
133,3611
133,3640
133,3655
133,3706
133,3827
133,3918
133,3938
133,4001
133,4216
133,4233
133,4371
133,4498
133,4525
133,4568
133,4578
133,4593
133,4669
133,4681
133,4741
133,4764
133,4782
133,4810
133,4874
133,4962
133,5035
133,5096
133,5148
133,5206
133,5264
133,5296
133,5306
133,5548
133,5565
133,5593
133,5709
133,5779
133,5910
133,5956
133,6040
133,6049
133,6077
133,6274
133,6350
133,6606
133,6627
133,6628
133,6850
133,6950
133,6964
133,7011
133,7080
133,7087
133,7094
133,7114
133,7195
133,7250
133,7251
133,7371
133,7458
133,7510
133,7591
133,7594
133,7616
133,7638
133,7849
133,7910
133,8089
133,8188
133,8238
133,8282
133,8384
133,8669
133,8702
133,8741
133,8930
133,8943
133,9306
133,9329
133,9360
133,9537
133,9643
133,9654
133,9697
133,9700
133,9779
133,9979
133,10019
133,10057
133,10132
133,10262
133,10323
133,10326
133,10490
133,10577
133,10648
133,10972
133,11730
133,11841
133,12034
133,12098
133,12185
133,12200
133,12226
133,12247
133,12328
133,12346
133,12422
133,12616
133,13068
133,13253
133,13264
133,13289
133,13383
133,13574
133,13749
133,13943
133,14222
133,14492
133,14526
133,14572
133,14651
133,14985
133,15006
133,15279
133,15322
133,15599
133,15732
133,16091
133,16284
133,16428
133,16593
133,16706
133,16863
133,16967
133,17268
133,17736
133,17780
133,18124
133,18354
133,19029
133,19374
133,19454
133,19863
133,20218
165,11
165,18
165,20
165,23
165,25
165,50
165,52
165,53
165,75
165,78
165,81
165,84
165,86
165,98
165,105
165,115
165,133
165,135
165,142
165,146
165,149
165,159
165,180
165,188
165,198
165,202
165,213
165,216
165,221
165,222
165,226
165,229
165,231
165,248
165,256
165,261
165,285
165,287
165,290
165,298
165,303
165,336
165,344
165,383
165,389
165,397
165,403
165,430
165,463
165,472
165,476
165,480
165,490
165,515
165,517
165,521
165,528
165,567
165,592
165,593
165,596
165,612
165,639
165,640
165,647
165,655
165,682
165,696
165,704
165,747
165,750
165,763
165,766
165,772
165,786
165,804
165,806
165,814
165,853
165,855
165,887
165,893
165,902
165,910
165,923
165,970
165,972
165,982
165,997
165,1016
165,1028
165,1051
165,1060
165,1105
165,1109
165,1126
165,1131
165,1139
165,1142
165,1155
165,1158
165,1203
165,1225
165,1227
165,1229
165,1339
165,1348
165,1409
165,1468
165,1497
165,1504
165,1516
165,1540
165,1634
165,1661
165,1689
165,1691
165,1702
165,1719
165,1773
165,1798
165,1878
165,1901
165,1936
165,1988
165,2038
165,2059
165,2079
165,2105
165,2152
165,2159
165,2213
165,2214
165,2250
165,2258
165,2305
165,2381
165,2540
165,2614
165,2629
165,2769
165,2927
165,3044
165,3069
165,3091
165,3106
165,3109
165,3174
165,3226
165,3239
165,3307
165,3317
165,3361
165,3413
165,3425
165,3437
165,3476
165,3498
165,3574
165,3665
165,3764
165,3783
165,3803
165,3878
165,3917
165,3919
165,3979
165,3987
165,4028
165,4047
165,4069
165,4104
165,4201
165,4238
165,4308
165,4355
165,4366
165,4379
165,4395
165,4422
165,4444
165,4492
165,4495
165,4497
165,4594
165,4656
165,4792
165,4838
165,4851
165,4935
165,4955
165,5068
165,5149
165,5175
165,5219
165,5288
165,5353
165,5365
165,5377
165,5411
165,5414
165,5449
165,5485
165,5513
165,5560
165,5638
165,5739
165,5750
165,5834
165,5930
165,5985
165,5999
165,6012
165,6067
165,6085
165,6156
165,6177
165,6396
165,6479
165,6517
165,6522
165,6658
165,6721
165,6736
165,6737
165,6827
165,6836
165,6904
165,7037
165,7120
165,7229
165,7291
165,7298
165,7389
165,7396
165,7414
165,7490
165,7494
165,7499
165,7736
165,7740
165,7763
165,7804
165,7833
165,7839
165,7945
165,7962
165,8038
165,8211
165,8222
165,8226
165,8318
165,8336
165,8385
165,8387
165,8471
165,8632
165,8793
165,8961
165,9050
165,9065
165,9096
165,9354
165,9358
165,9526
165,9721
165,9733
165,9786
165,9809
165,9975
165,10043
165,10052
165,10074
165,10349
165,10495
165,10520
165,10543
165,10569
165,10650
165,10660
165,10812
165,10946
165,11041
165,11208
165,11212
165,11279
165,11384
165,11391
165,11402
165,11456
165,11652
165,11671
165,11745
165,11778
165,11883
165,11905
165,12051
165,12072
165,12090
165,12118
165,12163
165,12283
165,12363
165,12540
165,12615
165,12644
165,12786
165,13037
165,13074
165,13122
165,13143
165,13259
165,13356
165,13453
165,13596
165,13629
165,13671
165,13812
165,13948
165,13998
165,14334
165,14669
165,14730
165,14779
165,14839
165,14840
165,14892
165,14941
165,14944
165,14986
165,15012
165,15022
165,15096
165,15255
165,15285
165,15439
165,15508
165,15537
165,15558
165,15570
165,15861
165,15930
165,15951
165,16141
165,16152
165,16173
165,16296
165,16335
165,16385
165,16459
165,16540
165,16683
165,16705
165,16809
165,16836
165,17107
165,17235
165,17482
165,17559
165,17696
165,17748
165,17772
165,18075
165,18082
165,18137
165,18218
165,18229
165,18233
165,18298
165,18355
165,18404
165,18469
165,18523
165,18548
165,18566
165,18775
165,18794
165,18810
165,18822
165,18898
165,18910
165,18959
165,19033
165,19067
165,19071
165,19149
165,19159
165,19277
165,19343
165,19421
165,19465
165,19502
165,19721
165,19855
165,19867
165,20136
165,20235
924,1
924,2
924,12
924,18
924,48
924,50
924,53
924,55
924,89
924,107
924,143
924,173
924,184
924,206
924,221
924,245
924,268
924,320
924,327
924,367
924,386
924,414
924,469
924,552
924,574
924,611
924,710
924,718
924,796
924,834
924,873
924,886
924,963
924,1017
924,1037
924,1044
924,1097
924,1100
924,1126
924,1246
924,1287
924,1329
924,1359
924,1362
924,1405
924,1407
924,1420
924,1589
924,1594
924,1628
924,1638
924,1685
924,1760
924,1881
924,1909
924,1936
924,2001
924,2029
924,2067
924,2069
924,2077
924,2115
924,2121
924,2127
924,2140
924,2276
924,2302
924,2387
924,2427
924,2453
924,2459
924,2487
924,2506
924,2542
924,2550
924,2730
924,2752
924,2827
924,2903
924,2911
924,2916
924,3006
924,3241
924,3272
924,3279
924,3448
924,3450
924,3462
924,3740
924,3766
924,3834
924,4060
924,4513
924,4863
924,5103
924,5356
924,5370
924,5451
924,5456
924,5537
924,5540
924,5552
924,5865
924,5883
924,6291
924,6427
924,6537
924,6650
924,6706
924,6739
924,6766
924,6826
924,6843
924,6961
924,7190
924,7294
924,7613
924,8187
924,8209
924,8503
924,9184
924,9292
924,9696
924,9943
924,9953
924,10099
924,10126
924,10197
924,10200
924,10418
924,10544
924,10607
924,11024
924,11025
924,11153
924,11336
924,12782
924,13137
924,13378
924,13979
924,14570
924,14976
924,15120
924,15408
924,15744
924,15790
924,16693
924,17265
924,17346
924,19515
924,19522
924,19734
924,20089
925,1
925,3
925,4
925,5
925,11
925,18
925,33
925,35
925,39
925,52
925,59
925,72
925,74
925,75
925,86
925,119
925,135
925,137
925,159
925,160
925,161
925,173
925,184
925,192
925,199
925,201
925,207
925,220
925,225
925,227
925,232
925,246
925,273
925,276
925,309
925,313
925,328
925,356
925,395
925,461
925,471
925,504
925,530
925,552
925,561
925,564
925,627
925,681
925,704
925,725
925,730
925,733
925,748
925,764
925,769
925,780
925,801
925,817
925,836
925,850
925,869
925,1008
925,1041
925,1055
925,1056
925,1126
925,1136
925,1164
925,1200
925,1251
925,1272
925,1286
925,1340
925,1377
925,1439
925,1453
925,1458
925,1459
925,1470
925,1482
925,1594
925,1630
925,1678
925,1720
925,1726
925,1810
925,1829
925,1841
925,1899
925,1936
925,1949
925,1979
925,2036
925,2061
925,2129
925,2170
925,2220
925,2380
925,2393
925,2440
925,2463
925,2530
925,2537
925,2538
925,2583
925,2608
925,2657
925,2670
925,2689
925,2702
925,2770
925,2805
925,2819
925,2881
925,2887
925,2909
925,2917
925,3073
925,3102
925,3104
925,3145
925,3157
925,3232
925,3265
925,3338
925,3391
925,3401
925,3402
925,3448
925,3503
925,3575
925,3608
925,3654
925,3679
925,3800
925,3879
925,3885
925,3970
925,3996
925,4087
925,4129
925,4154
925,4197
925,4198
925,4274
925,4316
925,4409
925,4512
925,4564
925,4643
925,4724
925,4763
925,5069
925,5203
925,5257
925,5281
925,5286
925,5367
925,5699
925,5924
925,5934
925,5950
925,5997
925,6559
925,6643
925,6792
925,6834
925,6895
925,7026
925,7070
925,7559
925,7574
925,7673
925,7701
925,7761
925,7789
925,7826
925,7834
925,7925
925,8082
925,8113
925,8127
925,8205
925,8264
925,8403
925,8551
925,8564
925,8595
925,8882
925,8955
925,8995
925,9057
925,9165
925,9383
925,9386
925,9529
925,9878
925,10041
925,10105
925,10130
925,10167
925,10183
925,10286
925,10668
925,10769
925,11301
925,11633
925,11960
925,11973
925,12258
925,12473
925,13029
925,13288
925,13524
925,13880
925,13910
925,13965
925,13966
925,14011
925,14161
925,14197
925,14348
925,14356
925,14368
925,14531
925,14846
925,14856
925,14931
925,14992
925,15055
925,15469
925,15477
925,15557
925,15592
925,16280
925,16306
925,16494
925,16595
925,16674
925,16755
925,16923
925,16945
925,17223
925,17271
925,17669
925,18050
925,18172
925,18779
925,18973
925,19079
925,19101
925,19102
925,19165
925,19203
925,19758
925,19817
925,19841
925,20222
929,11
929,20
929,21
929,25
929,39
929,49
929,54
929,86
929,107
929,115
929,141
929,142
929,149
929,152
929,177
929,180
929,192
929,213
929,217
929,221
929,222
929,226
929,248
929,272
929,282
929,287
929,293
929,298
929,311
929,330
929,336
929,368
929,372
929,381
929,432
929,433
929,472
929,474
929,548
929,569
929,596
929,609
929,622
929,640
929,641
929,642
929,652
929,675
929,682
929,683
929,715
929,776
929,784
929,790
929,801
929,806
929,823
929,825
929,846
929,891
929,948
929,956
929,985
929,988
929,1007
929,1015
929,1028
929,1035
929,1070
929,1094
929,1108
929,1127
929,1174
929,1189
929,1193
929,1215
929,1229
929,1274
929,1292
929,1298
929,1326
929,1384
929,1389
929,1444
929,1483
929,1516
929,1518
929,1544
929,1553
929,1558
929,1626
929,1633
929,1643
929,1647
929,1656
929,1668
929,1676
929,1691
929,1721
929,1745
929,1763
929,1797
929,1844
929,1878
929,1913
929,1914
929,1936
929,1982
929,1983
929,2027
929,2053
929,2054
929,2097
929,2164
929,2186
929,2249
929,2269
929,2289
929,2302
929,2314
929,2345
929,2372
929,2381
929,2405
929,2420
929,2521
929,2556
929,2586
929,2613
929,2619
929,2628
929,2633
929,2656
929,2767
929,2769
929,2773
929,2812
929,2818
929,2853
929,2877
929,2990
929,3038
929,3080
929,3150
929,3184
929,3211
929,3215
929,3227
929,3344
929,3415
929,3670
929,3712
929,3744
929,3747
929,3755
929,3819
929,3838
929,3865
929,3907
929,3943
929,3945
929,3958
929,3966
929,3969
929,4052
929,4078
929,4081
929,4148
929,4232
929,4359
929,4387
929,4480
929,4520
929,4573
929,4644
929,4671
929,4678
929,4692
929,4693
929,4726
929,4886
929,5006
929,5021
929,5060
929,5101
929,5105
929,5153
929,5251
929,5285
929,5333
929,5461
929,5539
929,5602
929,5648
929,5757
929,5774
929,5834
929,5946
929,6054
929,6259
929,6402
929,6457
929,6474
929,6528
929,6623
929,6624
929,6654
929,6851
929,6861
929,6923
929,6972
929,7131
929,7341
929,7357
929,7473
929,7658
929,7827
929,7901
929,7965
929,7989
929,8017
929,8096
929,8115
929,8194
929,8218
929,8356
929,8482
929,8549
929,8572
929,8684
929,8779
929,8861
929,8914
929,8978
929,9063
929,9371
929,9578
929,9590
929,9614
929,9681
929,9744
929,9827
929,9841
929,9962
929,10250
929,10278
929,10397
929,10434
929,10556
929,10706
929,10724
929,10738
929,10743
929,11179
929,11227
929,11297
929,11360
929,11427
929,11455
929,11543
929,11602
929,11617
929,11702
929,11817
929,11940
929,12090
929,12271
929,12338
929,12387
929,12809
929,12979
929,13056
929,13060
929,13118
929,13484
929,13519
929,13742
929,13881
929,13918
929,13930
929,13946
929,13996
929,14045
929,14152
929,14165
929,14166
929,14314
929,14448
929,14481
929,14482
929,14497
929,14545
929,14681
929,14890
929,14972
929,15071
929,15122
929,15146
929,15257
929,15303
929,15382
929,15516
929,15668
929,16070
929,16184
929,16266
929,16277
929,16397
929,16434
929,16490
929,16629
929,16714
929,16803
929,16871
929,16881
929,16899
929,17054
929,17238
929,17290
929,17449
929,17454
929,17558
929,17587
929,17605
929,17627
929,17853
929,17876
929,17974
929,18020
929,18042
929,18192
929,18311
929,18340
929,18440
929,18471
929,18680
929,18701
929,18831
929,19241
929,19351
929,19428
929,19461
929,19504
929,19796
929,19832
929,19852
929,19858
929,20135
929,20172
939,1
939,10
939,18
939,20
939,24
939,25
939,47
939,49
939,60
939,62
939,79
939,86
939,91
939,97
939,105
939,107
939,110
939,114
939,127
939,142
939,180
939,181
939,187
939,192
939,197
939,199
939,200
939,201
939,203
939,212
939,218
939,221
939,222
939,230
939,253
939,255
939,258
939,263
939,272
939,275
939,287
939,317
939,333
939,343
939,344
939,364
939,369
939,372
939,382
939,386
939,394
939,421
939,422
939,439
939,447
939,449
939,462
939,472
939,494
939,495
939,550
939,557
939,578
939,579
939,605
939,613
939,615
939,621
939,622
939,635
939,641
939,648
939,659
939,667
939,670
939,680
939,716
939,729
939,732
939,738
939,746
939,757
939,778
939,789
939,790
939,791
939,820
939,836
939,839
939,846
939,847
939,851
939,861
939,875
939,876
939,881
939,892
939,896
939,903
939,928
939,932
939,949
939,951
939,963
939,999
939,1001
939,1002
939,1006
939,1015
939,1033
939,1041
939,1059
939,1088
939,1097
939,1106
939,1113
939,1128
939,1154
939,1174
939,1232
939,1242
939,1250
939,1255
939,1284
939,1287
939,1291
939,1298
939,1331
939,1339
939,1356
939,1399
939,1405
939,1410
939,1417
939,1502
939,1532
939,1535
939,1542
939,1566
939,1572
939,1582
939,1610
939,1619
939,1668
939,1737
939,1746
939,1775
939,1776
939,1797
939,1802
939,1806
939,1821
939,1930
939,1936
939,1938
939,1952
939,1966
939,1969
939,1973
939,1983
939,2005
939,2015
939,2041
939,2048
939,2130
939,2177
939,2178
939,2216
939,2241
939,2247
939,2265
939,2302
939,2317
939,2426
939,2452
939,2466
939,2473
939,2499
939,2501
939,2514
939,2532
939,2566
939,2622
939,2668
939,2758
939,2763
939,2832
939,2849
939,2863
939,2870
939,2899
939,2920
939,2964
939,2971
939,2972
939,2985
939,3053
939,3079
939,3144
939,3161
939,3170
939,3319
939,3351
939,3353
939,3368
939,3375
939,3389
939,3404
939,3436
939,3484
939,3487
939,3587
939,3601
939,3640
939,3655
939,3824
939,3871
939,3933
939,4075
939,4115
939,4204
939,4289
939,4309
939,4310
939,4327
939,4366
939,4498
939,4527
939,4536
939,4562
939,4568
939,4613
939,4666
939,4708
939,4712
939,4738
939,4743
939,4764
939,4861
939,4872
939,4879
939,4930
939,4941
939,4956
939,5084
939,5107
939,5114
939,5143
939,5381
939,5426
939,5468
939,5565
939,5578
939,5652
939,5711
939,5753
939,5761
939,5769
939,5779
939,5819
939,5858
939,5913
939,5954
939,6040
939,6090
939,6103
939,6121
939,6193
939,6212
939,6281
939,6293
939,6308
939,6350
939,6439
939,6465
939,6525
939,6576
939,6627
939,6710
939,6802
939,6889
939,6892
939,6922
939,6970
939,6998
939,7011
939,7047
939,7142
939,7704
939,7751
939,7840
939,7899
939,8052
939,8097
939,8102
939,8103
939,8326
939,8596
939,8713
939,8856
939,8894
939,8900
939,8999
939,9133
939,9287
939,9314
939,9360
939,9544
939,9643
939,9657
939,9738
939,9741
939,9913
939,9928
939,9965
939,9977
939,10031
939,10205
939,10489
939,10608
939,10680
939,10755
939,10758
939,10784
939,11003
939,11036
939,11080
939,11289
939,11401
939,11444
939,11471
939,11766
939,11897
939,11945
939,12273
939,12328
939,12422
939,12568
939,12658
939,12819
939,12849
939,12855
939,12907
939,13099
939,13107
939,13141
939,13184
939,13215
939,13391
939,13435
939,13455
939,13533
939,13696
939,13750
939,13754
939,13839
939,13848
939,13867
939,13904
939,14181
939,14236
939,14352
939,14400
939,14486
939,14818
939,14847
939,14970
939,14981
939,15042
939,15055
939,15171
939,15213
939,15222
939,15229
939,15244
939,15252
939,15276
939,15434
939,15620
939,16083
939,16481
939,16514
939,16905
939,16940
939,16974
939,17232
939,17538
939,17615
939,17650
939,17666
939,17805
939,17815
939,17863
939,18124
939,18143
939,18152
939,18253
939,18327
939,18418
939,18457
939,18470
939,18650
939,18705
939,18750
939,18944
939,19117
939,19160
939,19239
939,19914
939,20243
960,2
960,8
960,11
960,18
960,19
960,20
960,22
960,45
960,46
960,50
960,71
960,73
960,75
960,80
960,84
960,86
960,104
960,142
960,146
960,148
960,149
960,216
960,218
960,221
960,222
960,226
960,248
960,258
960,278
960,287
960,289
960,321
960,336
960,349
960,352
960,389
960,445
960,456
960,473
960,476
960,480
960,490
960,515
960,560
960,577
960,592
960,601
960,628
960,639
960,647
960,654
960,655
960,659
960,671
960,704
960,757
960,767
960,772
960,782
960,801
960,806
960,849
960,853
960,861
960,865
960,897
960,898
960,899
960,918
960,938
960,952
960,965
960,982
960,985
960,995
960,1012
960,1015
960,1016
960,1035
960,1039
960,1053
960,1060
960,1177
960,1185
960,1191
960,1193
960,1207
960,1209
960,1216
960,1278
960,1296
960,1298
960,1414
960,1478
960,1540
960,1541
960,1587
960,1626
960,1663
960,1671
960,1675
960,1716
960,1773
960,1778
960,1819
960,1853
960,1888
960,1933
960,1935
960,1936
960,1950
960,1992
960,2047
960,2125
960,2130
960,2136
960,2162
960,2184
960,2188
960,2197
960,2210
960,2213
960,2214
960,2219
960,2222
960,2250
960,2269
960,2271
960,2325
960,2334
960,2621
960,2738
960,2882
960,2987
960,2997
960,2999
960,3002
960,3037
960,3044
960,3061
960,3102
960,3127
960,3130
960,3134
960,3176
960,3219
960,3229
960,3289
960,3324
960,3333
960,3345
960,3358
960,3361
960,3375
960,3396
960,3426
960,3446
960,3559
960,3632
960,3639
960,3710
960,3774
960,3781
960,3839
960,3919
960,3948
960,4006
960,4022
960,4028
960,4132
960,4191
960,4245
960,4252
960,4402
960,4437
960,4444
960,4461
960,4554
960,4595
960,4886
960,5102
960,5494
960,5595
960,5603
960,5606
960,5639
960,5716
960,5721
960,5746
960,5797
960,5806
960,5819
960,5826
960,6047
960,6101
960,6129
960,6130
960,6218
960,6416
960,6466
960,6609
960,6652
960,6701
960,6710
960,6808
960,6833
960,6849
960,6893
960,7003
960,7067
960,7130
960,7199
960,7299
960,7346
960,7431
960,7470
960,7491
960,7661
960,7895
960,8145
960,8154
960,8197
960,8332
960,8518
960,8609
960,8686
960,8850
960,8855
960,8862
960,8981
960,9079
960,9224
960,9251
960,9379
960,9484
960,9627
960,9712
960,9727
960,9752
960,9780
960,9839
960,9925
960,10050
960,10253
960,10306
960,10395
960,10475
960,10543
960,10682
960,10785
960,10820
960,10855
960,10888
960,10911
960,10914
960,11120
960,11256
960,11284
960,11523
960,11598
960,11651
960,11734
960,11774
960,11893
960,11937
960,11983
960,12108
960,12208
960,12421
960,12440
960,12465
960,12594
960,12721
960,12728
960,12744
960,12800
960,13020
960,13214
960,13246
960,13585
960,13632
960,13660
960,13705
960,13723
960,13774
960,13913
960,13969
960,14362
960,14611
960,14702
960,14739
960,14817
960,15024
960,15039
960,15166
960,15235
960,15267
960,15270
960,15337
960,15341
960,15564
960,15574
960,15658
960,15677
960,15811
960,15881
960,16228
960,16256
960,16257
960,16291
960,16324
960,16333
960,16637
960,16641
960,16687
960,16930
960,17099
960,17108
960,17182
960,17406
960,17616
960,17660
960,17713
960,17714
960,17806
960,17879
960,17901
960,17970
960,18082
960,18110
960,18222
960,18374
960,18414
960,18451
960,18684
960,18694
960,18956
960,18981
960,19046
960,19206
960,19334
960,19335
960,19420
960,19763
960,19976
960,19989
960,20079
960,20188
960,20255
