location,location_id
WARDEN STATION,1
KIPLING STATION,2
BROADVIEW STATION,3
OVERLEA AND THORNCLIFF,4
DON MILLS STATION AND EGLINTON,5
ELM AND YONGE,6
BATHURST AND DUNDAS STATION,7
SHUTER AND YONGE,8
RENFORTH STATION,9
FINCH AND MCCOWAN STATION,10
PIONEER VILLAGE STATION STATIO,11
BIRCHMOUNT GARAGE,12
COXWELL AND MORTIMER,13
WOODBINE STATION CASINO,14
MCCOWAN STATION AND STEELES,15
CRESCENT AND YONGE,16
DOCKSIDE AND QUEEN STATION S Q,17
KENNEDY STATION,18
HUMBERWOOD LOOP,19
FINCH STATION,20
BLOOR AND DUFFERIN,21
MARTIN GRO AND STEELES,22
JANE AND WILSON STATION,23
FINCH AND MIDLAND STATION,24
KEELE STATION,25
JANE AND WESTON,26
GERRARD AND ST MATTHEW,27
NORTHOVER AND SHEPPARD,28
FENSIDE AND ROYWOOD,29
JANE AND ST CLAIR STATION,30
ELMHURST AND ISLINGTON,31
BIRCHMOUNT AND L AMORE,32
DON MILLS AND SHEPPARD,33
KINGSTON AND LAWRENCE STATION,34
PEARSON AIRPORT,35
LOCKPO AND SHORNCLIFFE,36
ELLESMERE AND ORTON,37
BRIDLE WALK AND CASTLE,38
EGLINTON STATION,39
DAVENPORT AND DOVERCOURT,40
BROWNS LINE AND COULES,41
LESLIE AND RAVEL,42
BATHURST AND BLOOR,43
BATHURST AND BURTON,44
WELLESLEY STATION,45
BATHURST AND SHEPPARD,46
ISLINGTON STATION,47
MAIN STREET STATION,48
SCARBOROUGH CENTRE STATION,49
CASTLE FRANK STATION,50
DUNDAS AND SHORNCLIFFE,51
DONLANDS STATION,52
VICTORIA PARK STATION,53
SPRINGHURST LOOP,54
STEELES AND VICTORIA PARK,55
LOWER AND QUEEN STATION QUAY,56
COMMISSIONERS AND SAUL,57
HALFWA AND MORNINGSIDE,58
LIPTON AND PAPE,59
BERTRAN AND BIRCHMOUNT,60
FOUR WINDS D AND KEELE,61
STEELES AND YONGE LOOP,62
TERMINAL 3 PEARSON A,63
BLOOR AND GREEN LANES,64
COLLINSGROVE AND LAWRE,65
EGLINTON W STATION,66
DAVISVILLE STATION,67
REI AND WILSON STATION HEIGHTS,68
EGLINTON AND OAKWOOD,69
SENECA AND WESTON,70
ISLINGTON STATION AND STEELES,71
EGLINTON GARAGE,72
SUNNYBROOK HOSPITAL,73
CONNOR AND DON MILLS STATION,74
YORK MILLS STATION,75
CONNER AND DON MILLS STATION,76
JANE AND LAWRENCE STATION,77
YORKDALE STATION,78
KENNEDY STATION AND LAWRENCE,79
HUMBER COLLEGE AND WEST,80
FINCH AND KEELE STATION,81
CASTL AND THEEAST MALL,82
LAWRENCE AND,83
SIGNAL HIL AND STEELES,84
EGLINTON AND JANE,85
WILSON STATION,86
CHRISTIE STATION,87
EGLINTON AND KEELE,88
DANFORTH,89
MILEPO AND THORNCLIFFE,90
SCARBOROUGH TOWN CENTR,91
LAWRENCE AND WARDEN STATION,92
CONNOR AND SUNRISE,93
HUMBER LOOP,94
JANE STATION AND LAWRENCE,95
MILNER AND NEILSON,96
ALNESS AND YORK UNIVER,97
EPIC LANE AND WILSON,98
ST PHILLIPS AND WESTON,99
LAWRENCE STATION AND PHARMACY,100
COXWELL STATION,101
BATHURST AND DAVENPORT,102
COMMISSIONERS,103
PIONNER VILLAGE STATIO,104
DUFFERIN STATION AND FINCH,105
BARRINGTON AND LIMSDEN,106
DUFFERIN AND DUNDAS STATION,107
BLOOR AND SHERBOURNE STATION,108
MILITARY TRAIL AND MOR,109
OAKWOOD AND ST CLAIR,110
ELLESMERE AND MARKHAM,111
GREENHOLM AND MARKHAM,112
MAIN STATION,113
ESTELLE AND FINCH,114
JANE STATION,115
MEADOWVALE AND SHEPPARD,116
LAWRENCE STATION AND PINE,117
JANE AND WOOLNER,118
DON MI AND FRESHMEADOW,119
JANE AND WILLIAM CRAGG,120
LAWRENCE AND PINE,121
COXWELL STATION AND SCARLETT,122
KIPLING STATION AND STEELES LOOP,123
SHEPPARD W AND WIL,124
KENNEDY STATION AND PROGRESS,125
MARKHAM AND STEELES,126
KENNEDY AND LAWRENCE STATION,127
BATHURST AND DREWRY,128
PARLIAMENT AND WELLESLEY,129
OSSINGTON STATION,130
BROADVIEW AND WOLFREY,131
14TH AND MARKHAM,132
CHALKFARM AND JANE,133
ARGYLE AND OSSINGTON,134
LAWRENCE STATION W STATION,135
KITTERY,136
BATHURST STATION AND LAWRENCE,137
WILSON STATION YARD,138
HILLCREST COOMPLEX,139
LAWRENCE AND MCCOWAN STATION,140
DUFFERIN AND EGLINTON,141
STEELES AND YONGE,142
COXWELL STATION AND DANFORTH,143
INGRAM AND KEELE,144
MARTIN GROVE AND THE W,145
JANE STATION AND WILSON,146
ST CLAIR STATION LAYOV,147
SHEPPARD STATION,148
SHEPPARD W STATION,149
MARKHAM EG,150
MARKHAM AND SHEPPARD,151
EGLINTON AND WESTON,152
RIVALDA AND SHEPPARD,153
GRAND AND MANIT,154
HIGH MEADOW AND SIGNET,155
CLEANSIDE AND WARDEN,156
LAWRENCE AND MARKHAM,157
ROYAL YORK STATION,158
ARROW GARAGE,159
DON MILLS AND GATEWAY,160
DON MILLS STATION AND OVERLEA,161
EGLINTON STATION 97,162
SHERBOURNE STATION AND WELLESLEY,163
LONGBOURNE AND WILLOWR,164
SCARBOROUGH CENTRE STATIO,165
KENNEDY AND PERTHSHIRE,166
LAWRENCE STATION MARH,167
CRESCENT AND VICTORIA,168
JOHN AND WESTON,169
PIONEER VILLAGESTATION,170
MILITA AND MORNINGSIDE,171
MILTAR AND MORNINGSIDE,172
ST CLAIR STATION AND WARDEN,173
JANE AND YEWTREE,174
EVANS AND KIPLING STATION,175
LAKE SHORE GARAGE,176
DUFFERIN AND GLENGROVE,177
KINGSTON AND MARKHAM,178
EGLINTON AND ENNERDALE,179
FINCH STATION W STATION,180
MCCOWAN AND NUGGET,181
KINGSTON AND RYLANDER,182
SHERBOURNE STATION,183
WOODBINE STATION,184
EGLINTON AND OLD PARK,185
ELLESMERE AND MEADOWVA,186
MCCOWAN AND MILNER,187
BATHURST STATION AND WILSON,188
DIXON AND SKYWAY,189
LOWE AND THE ESPLANADE,190
BARRINGTO AND DANFORTH,191
DUFFERIN STATION GATE LOOP,192
MCNICOLL AND PHARMACY,193
GATEFORTH AND SHEPPARD,194
EGLINTON AND MARKHAM,195
MCNICOLL AND TAPSCOTT,196
MORNINGSIDE AND NIGHTS,197
BRADSTOCK AND WESTON,198
DON MILLS AND FINCH STATION,199
MORNINGSIDE AND PASSMO,200
MCCOWAN STATION AND SHEPPARD,201
MURRAY AND WILSON,202
FINCH AND KENNEDY STATION,203
PHARMACY AND PRINCEWAY,204
HENRIETT AND RUNNYMEDE,205
SURR AND VICTORIA PARK,206
LAWRENCE AND WESTON,207
HEDGEWOOD,208
BAYVIEW AND STEELES,209
AIRPORT AND ALBION,210
MURRAY ROSS AND S,211
BATHURST AND FINCH STATION,212
BAY AND FRONT,213
ROGERS AND WESTON,214
CROW TRAIL AND NEILSON,215
EGLINTON AND YONGE,216
PRINCESS GATE,217
FINCH AND YONGE,218
AUKLAND AND DUNDAS STATION,219
BATHURST AND LAWRENCE STATION,220
STEELES LOOP,221
QUEEN STATION QUAY AND YONGE,222
MEADOWVALE LOOP,223
STEELES AND WARDEN STATION LOOP,224
OVERLEA AND THORNCLIFFE,225
WILSON STATION GARAGE,226
DON MILLS STATION,227
MORNINGSIDE AND STAINE,228
BARMAC AND ORMONT,229
BATHURST STATION AND FINCH,230
RIDLEY AND WILSON,231
PAPE STATION,232
DOLLY VA AND ELLESMERE,233
EVANS AND ISLINGTON STATION,234
ON RAMP AND TERMINAL 3,235
BLOOR AND SHERBOURNE,236
MORNINGSIDE AND SHEPPARD,237
MARKHAM AND PROGRESS,238
MILL LOOP,239
DEAUVILL AND ST DENNIS,240
BLOOR AND MILL,241
BANNATYNE AND RIDERWOO,242
NEILSON AND SEWELLS,243
FAYWOOD AND SHEPPARD,244
SHEP AND VICTORIA PARK,245
LAWRENCE AND SCARLETT,246
MARKHAM AND NUGGET,247
KEELE STATION AND WILSON,248
TAPSCOTT AND WASHBURN,249
BRIAN AND VAN HORNE,250
LAWRENCE AND SHERMOUNT,251
ELLESMERE AND MCCOWAN STATION,252
SCARBOROUGH CENTRE,253
GRANGEWAY AND PROGRESS,254
ELLESMERE AND KENNEDY STATION,255
EVANS AND KIPLING,256
PARK AND WESTON,257
YONGE,258
JANE AND SHOREHAM,259
HOLGATE AND ISLINGTON,260
ALBION AND WALSH,261
BRIAN DRI AND SHEPPARD,262
MCNICOLL GARAGE,263
MORNINGVIEW TRAIL,264
FORTUNE CR AND ROYWOOD,265
CARRIER AL,266
BELMONT AND DAVENPORT,267
VAN AND VICTORIA PARK,268
KIPLING AND THE QUEEN STATION,269
DUNDAS STATION AND RUNNYMEDE,270
OAKWOOD AND VAUGHAN,271
DUFFERIN AND LAWRENCE STATION,272
DON MILLS AND LEITH HI,273
BAYVIEW STATION,274
MCCOWAN AND SANDHURST,275
DON MIL AND YORK MILLS,276
FARMVIEW CRESCENT,277
BEECROFT AND SHEPPARD,278
CNE LOOP EASTERN ENTRA,279
ST CLAIR STATION,280
ST CLAIR AND TWEEDSMUI,281
DUFFERIN AND SPRINGHUR,282
DUNDAS STATION W STATION,283
NEW GALE GATE AND TAPS,284
BATHURST AND WILSON STATION,285
O CONNOR AND ST CLAIR,286
STEELES LOOP AND YONGE,287
CHAPLIN AND YONGE,288
MARTIN GROVE AND STEELES,289
WILLIAM CARS AND YONGE,290
UNIVERITY OF TORONTO,291
BATHURST AND GLENCAIRN STATION,292
BOWIE AND DUFFERIN,293
ROYAL YORK AND YORKLEI,294
LAKE SHORE AND SAULTER,295
LONSDALE AND SPADINA,296
BIRCHMOUNT AND SADLER,297
DUFFERIN AND WILSON STATION,298
DANFORTH AND WARDEN,299
LAWRENCE AND RALPH,300
BELLAMY AND ELLESMERE,301
BATHURST AND DUPONT STATION,302
ARROW AND FINCH STATION,303
PHARMACY AND SHEPPARD,304
MARILYN AND ST CLAIR,305
SCUNTHORP AND SHEPPARD,306
FIREBRACE AND STEELES,307
DUNDAS STATION AN E MALL,308
DON MILLS STATION AND STEELES,309
NUGGET AND TRANSFER,310
DAVENPORT AND DUFFERIN,311
HAGERVILLE AND RANGOON,312
BROADVIEW AND DON VALL,313
ALBION AND HUMBERLINE,314
AUCKLAND AND DUNDAS,315
KEELE STATION AND ROGERS,316
SCARBOROUGH TOWN CENTE,317
ANNETTE AND DUNDAS,318
BLOOR AND JANE,319
COXWELL AND DANFORTH,320
DUNDAS STATION AND YONGE,321
FINCH STATION AND HUMBERLINE,322
LESLIE STATION AND YORK MILLS,323
COLONEL SAMUEL SMITH P,324
COLONEL SAMUEL LOOP L,325
DYNAMIC AND MCNICOLL,326
MEAD AND VICTORIA PARK,327
COMSTOCK AND WARDEN,328
ALBION AND LUND,329
CALEDONIA AND LAWRENCE,330
LAKESHO AND PARLIAMENT,331
CALEDONIA AND EGLINTON,332
FINCH AND MILLIKEN,333
KIPLING STATION AND RATHBURN,334
COPRORATE AND LEE,335
TRANSIT AND WILSON STATION,336
MARKHAM AND TUXEDO,337
DUNDAS AND THOMAS RILE,338
GUILDWOOD AND KINGSTON,339
CONBURN AND PAPE,340
CENTENNIAL COLLEGE STATION,341
HAMBLY AND QUEEN STATION,342
EGLINTON AND KENNEDY STATION,343
UNKNOWN,344
OAKWOOD AND ST CLAIR STATION W,345
LUMSDEN AND WOODBINE STATION,346
ELLESMERE AND MILITARY,347
LAWRENCE STATION AND WESTON,348
SIGNAL HILL AND STEELES,349
ST CLAIR STATION W STATION,350
ALBION AND KIPLING,351
STEELES AND STEINWAY,352
COLLEGE STATION AND OSSINGTON,353
KENNEDY AND SHEPPARD,354
JANE AND MAPLE LEAF,355
O CONNOR AND PAPE,356
ALBION AND ELMHURST,357
MILVAN AND PENN,358
OAKWOOD AND ROGERS,359
EGLINTON AND LASCELLES,360
CULFORD AND LAWRENCE,361
CHESSWOOD AND FINCH STATION,362
DON MILLS AND SENECA H,363
ELLESMERE STATION AND MIDLAND,364
CHESSWOOD AND FINCH,365
ISLINGTON STATION AND WESTWAY,366
BLOOR AND ISLINGTON STATION,367
BAY STATION AND FRONT,368
MCCOWAN AND SHEPPARD,369
FINCH AND SENTINEL,370
DANFORTH AND HUNTINGTO,371
MOUNT DENNIS GARAGE,372
SPADINA STATION,373
MORNINGSIDE AND OLD FI,374
BATHURST STATION AND GREENWIN,375
QUEENSWAY GARAGE,376
KINGSTON AND WOODBINE,377
QUEENSWAY DIVISION,378
LANSDOWNE AND ST CLAIR STATION,379
QUEEN STATION PARK CIRCLE,380
MOUNT DENNIS DIVISION,381
LAWRENCE STATION AND MIDLAND,382
JANE STATION AND SHEPPARD,383
HOLLYHEDGE AND MCCOWAN,384
BATHURST STATION,385
LAWR AND VICTORIA PARK,386
HUMBERWOOD AND MORNING,387
BERING AND KIPLING,388
FINCH STATION AND YONGE,389
HUMBER COLLEGE STATION,390
MORNINGSIDE AND STEELES,391
KINGSTON AND ST CLAIR,392
BLOOR AND INDIAN,393
FINCH AND TAPSCOTT,394
ST CLAIR AND WARDEN STATION,395
FIRGROVE CRES AND JANE,396
ORMONT AND WESTON,397
KENNEDY STATION A PL,398
MIDLAND STATION AND STEELES,399
GERRARD STATION AND ST MATHEWS,400
BEE AND HUMBER COLLEGE,401
MORNINGSIDE AND OASIS,402
WALSH AND WILSON,403
BATHURST AND COVINGTON,404
MORNINGSIDE AND PASSMORE,405
SHERWAY GARDENS,406
CHAPLIN EGLINTON R,407
LANSDOWNE STATION AND ST CLAIR,408
FENMAR AND ORMONT,409
CHAPLIN BETWEEN EGLINTON,410
ST CLAIR AND WELLAND,411
CONSUMERS AND VICTORIA,412
EGLINTON AND ROYAL YORK,413
CONS AND VICTORIA PARK,414
CASTLEMORE AND MCCOWAN,415
DUNAD AND GILMOUR,416
EGLINTON AND HOYLE,417
ALLEN AND EGLINTON,418
LANSDOWNE AND SEAFORTH,419
HIGH AND THE QUEENSWAY,420
KENNEDY STATION PLAT,421
FINCH STATION AND KENNEDY,422
LAWRENCE STATION AND MARKHAM,423
BAYVIEW STATION AND YORK MILLS,424
GREENBRAE AND MARKHAM,425
KENNEDY AND PROGRESS,426
EGLINTON AND,427
BING AND VICTORIA PARK,428
MAPLE AND SHERBOURNE,429
ARROW AND SHEPPARD,430
IAN MACDONALD AND POND,431
KEELE AND LAWRENCE STATION,432
DUFFERIN AND KEYWEST,433
CARLAW AND COLGATE,434
DAN LECKIE AND QUEEN STATION,435
JANE STATION AND TRETHEWEY,436
HORNER AND JUDSON,437
DOWNSVIEW AND JANE,438
KENNEDY STATION DROP,439
EGLINTON AND MOUNT PLE,440
BLACKCREEK AND JANE,441
BIRCHMOUNT AND NEWLAND,442
ALLINGHAM AND BATHURST,443
DONWAY AND LAWRENCE,444
FINCH AND MILVAN,445
FINCH STATION AND MARKHAM,446
BRIMLEY AND TRITON,447
KIPLING AND RATHBURN,448
MARKHAM AND MCNICOLL,449
COMMANDER AND MCCOWAN STATION,450
PEARSON AIRPORT TERMIN,451
JANE STATION AND ST CLAIR,452
EARLSCOURT LOOP,453
SENTINEL AND STREAMDAL,454
HAREWOOD AND KINGSTON,455
FINCHDEN AND FINCHDENE,456
KINGSTON AND MORNINGSIDE,457
HUMBER COLLEGE AND HWY,458
KIPLING AND THE WESTWA,459
KNOB HILL D AND WESTON,460
DON MILLS STATION AND WYNFORD,461
FINCH AND MORNINGSIDE,462
BLOOR AND MALL,463
AYLMER AND YONGE,464
INDUSTRY AND RAY,465
LA AND THE DONWAY W,466
MALVERN GARAGE,467
BLOO AND THE W MALL,468
BRIMLEY AND EGLINTON,469
ESNA PARK LOOP,470
CARLINGVIEW AND DIXON,471
YONGE AND YORK MILLS STATION,472
CUMMER AND YONGE,473
KEELE STATION AND LAWRENCE,474
RICHGR AND WILLOWRIDGE,475
BATHURST STATION AND STEELES,476
HARBORD AND SPADINA,477
GALLOWAY AND KINGSTON,478
PEARSON TERMINAL 3,479
ALBION AND WESTON,480
BURNHAMT AND MALL,481
KING STATION AND PARLIAMENT,482
AMAZON FUFILLMENT CENT,483
EGLINTON AND MARLEE,484
AND BEECR AND SHEPPARD,485
LESMILL AND VALLEYBROO,486
DAVENPORT AND DUPONT STATION,487
HARRISO AND YORK MILLS,488
PARLIAMENT AND SHUTER,489
STEELES W,490
BRAECREST AND THE W,491
WARDEN STATION BETWEEN EGLINTON,492
GREENWIN VILLAGE AND R,493
EGLINTON AND MIDLAND,494
EGLINTON AND KENNEDY,495
MARKLAND AND MILL,496
ROUGE HILL GO STATION,497
BIRCHM AND HUNTINGWOOD,498
DON MILL AND OVERLEA,499
GERRARD STATION AND SHERBOURNE,500
MIDLAND AND STEELES,501
LAWRENCE AND LITTLE,502
ATLANTIC AND KING STATION,503
DON MILLS AND WYNFORD,504
CHURCH AND WELLESLEY,505
BAYVIEW STATION AND EGLINTON,506
COSBURN AND GLEDHILL,507
DUNDAS STATION AND SHORNCLIFFE,508
LAWRENCE AND SCARBOROUGH,509
BRADOAKS AND KEELE,510
EGLINTON AND KINGSTON,511
ESPLANADE AND SHERBOURNE STATION,512
LAKESHORE GARAGE,513
MANHATTAN AND WARDEN,514
STEELES AND WESTON,515
ANCASTER AND POWELL,516
TORYORK AND WESTON,517
MORNING SIDE AND SHEPP,518
RUNNYMEDE STATION,519
HARBORD AND OSSINGTON,520
GARRATT AND WILSON,521
BLOOR AND CLENDENAN,522
GLENLAKE AND KEELE,523
LANSDOWNE STATION AND QUEEN,524
DUPONT AND ST GEORGE STATION,525
DUNDAS STATION AND PARLIAMENT,526
HEPBOURN AND OSSINGTON,527
KING STATION HIGH AND WILSON,528
AND MELROSE,529
EGLINTON AND PHARMACY,530
SHEPPARD AND SHORTTING,531
DUNDAS AND E MALL,532
AIRPORT AND AMERICAN D,533
BLOOR AND PARLIAMENT,534
EGLINTON AND WINCOTT,535
BATHURST AND GREENWIN,536
AVON LOOP,537
YONGE ADELAIDE,538
DAVENPORT AND LANSDOWNE,539
BRIMLEY AND STEELES,540
MARTIN GROVE AND TOLLI,541
LANSDOWNE AND QUEEN STATION,542
ALBION AND ARCOT,543
LANSDOWNE AND RIDEAU,544
AUKLAND AND DUNDAS,545
BISHOP ACROSS,546
KENNEDY STATION AND STC,547
DUNDAS STATION AND KEELE,548
FINCH AND YORK GATE,549
FINCH AND MARKHAM,550
BATHURST AND SOUTHBOUR,551
DANFORTH AND ST CLAIR STATION,552
KEELE AND SHEPPARD W,553
BATHURST AND CLARK,554
G AND THORNCLIFFE PARK,555
KIPLING AND MT OLIVE,556
EGLINTON AND KEELE STATION,557
MORNINGSIDE AND NETHER,558
HAMSTEAD AND WESTLAKE,559
KEELE STATION AND STEELES,560
SHEPPARD AND WARDEN,561
CHURCH AND WESTON,562
SHEPPARD AND WARDEN STATION,563
JANE AND TRETHEWEY,564
ATTINGTON AND SHEPPARD,565
TERMINAL 1,566
YONGE AND YORK MILLS,567
BAYVIEW STATION AND CUMMER,568
KEELE AND SHEPPARD,569
BLOOR AND OSSINGTON,570
BELLAMY AND LAWRENCE,571
COLBECK AND RUNNYMEDE,572
HWY 27 AND REXDALE,573
BIRCHMOUNT AND SHEPPARD,574
CHESSWOOD AND STEEPROC,575
FALSTAFF AND JANE,576
KIPLING AND STEELES,577
EGLINTON AND MIDLAND STATION,578
MORNINGSIDE AND NEILSON,579
QUEEN STATION AND SHAW,580
ALBION AND ISLINGTON,581
FINCH AND YORK GATE BL,582
LAWRENCE AND MARLEE,583
QUEEN STATION S PL AND REXDALE,584
GREENHOLM AND LAWRENCE,585
UNIVERSITY OF TORONTO,586
ELMHURST AND ISLINGTON STATION,587
GIBBS AND MALL,588
BRADSTOCK AND WESTERN,589
EASTERN AND QUEEN STATION,590
ROYAL YORK AND THE WEST,591
BARMAC AND STEELES,592
HIGHVIEW AND WILSON,593
DONLEA AND EGLINTON,594
BELFIELD AND KIPLING STATION,595
DUFFERIN STATION AND WILSON,596
BATHURST STATION AND NEPTUNE,597
STEELES AND WAGGONERS,598
CELEST AND THE WESTWAY,599
DUNDAS AND PAULART,600
SIGNAL HILL AND STEINW,601
DUND AND THE W MALL,602
WARDEN STATION LOOP,603
MCCOWAN AND MILLIKEN WEST,604
ELLESMERE AND MIDLAND STATION,605
AND ST CLEMENTS,606
DUNDAS STATION AND JANE,607
BARRINGTON AND SEACORD,608
WIL AND WILSON STATION HEIGHTS,609
MEDULLA AND QUEEN,610
BIRCHMOUNT AND DANFORTH,611
AGATE AND WILSON,612
HUMBER COLLEGE STATION LOOP,613
QUEEN STATION AND SHERBOURNE,614
FINCH AND JANE STATION,615
CONNOR AND WOODBINE STATION,616
CARRIER LOOP,617
THRONCLIFFE PARK,618
SH AND SHERWAY GARDENS,619
AND GLEN,620
ELLESMERE STATION AND KENNEDY,621
DUFFERIN AND ST CLAIR STATION,622
EGLI AND TRANSWAY CRES,623
BROWNS LINE AND EVANS,624
BILLINGHAM AND DUNDAS,625
BATHURST AND ROSELAWN,626
OAK AND WESTON,627
HILDA AND STEELES,628
MALL AND QUEENSWAY,629
FROST AND REXDALE,630
BERRY AND GREENMOUNT,631
CENTENNIAL COLLEGE STATION LOO,632
16TH AND WARDEN,633
BAY AND SCOLLARD,634
FINCH AND WILFRED,635
HARRISON AND OSSINGTON,636
BRIMLEY AND KINGSTON,637
GUILDWOOD,638
OLD WESTON AND STEELES,639
TRANSIT AND WILSON,640
DUPONT STATION AND LANSDOWNE,641
DUFFERIN AND ROGERS,642
AND EVA AND BROWNSLINE,643
BATHURST AND VIEWMOUNT,644
AUGUST AND DANFORTH,645
EDEN VALL AND EGLINTON,646
SCHOLES AND STEELES,647
FINCH AND TANGIERS,648
GRENOBL AND SPANBRIDGE,649
AVON LOOP WESTON,650
ROXBOROUGH AND YONGE,651
WELLESLEY STATION AND YONGE,652
COLBECK AND JANE,653
LAWRENCE STATION AND YONGE,654
BLOOR AND YONGE,655
BATHURST AND CEDARCROF,656
KINGSTON AND SOUTHWOOD,657
DANFORTH AND WARDEN STATION,658
FINCH STATION AND FINCHDENE,659
ISLINGTON AND RATHBURN,660
BURNHAMTHORPE AND RENF,661
ONTARIO AND PRINCES,662
AND ST CLAIR STATION WEST STATION,663
BRIDGEPOINT HOSPITAL,664
CELESTINE AND DIXON,665
ALLEN AND WILLIAM,666
FINCH STATION AND MORNINGSIDE,667
WILLIAMS ABND WINEVA,668
DENISON AND MCCOWAN,669
EGLI AND SERVICE,670
ISLINGTON AND STEELES,671
NAIRN AND ROGERS,672
FINCH AND W DON MILLS STATION,673
KIDRON VAL AND KIPLING,674
EXHIBITION LOOP,675
GLENRID AND YORK MILLS,676
CONSILIU AND CORPORATE,677
CARLAW AND DUNDAS STATION,678
CONSILIUM AND CORPORAT,679
BRIMLEY AND ELLESMERE STATION,680
PAPE AND SAMMON,681
WILSON STATION UPPER,682
DUFFERIN AND DUFFERIN STATION P,683
ELLESM AND MORNINGSIDE,684
BAYVIEW AND EGLINTON,685
OAKWOOD AND ST CLAIR STATION,686
ELLESMERE AND VICTORIA,687
COSBURN AND PAPE STATION,688
BATHURST AND GLENGROVE,689
EGLINTON AND LAIRD,690
CHERRY AND COMMISIONER,691
KING STATION AND VICTORIA PARK,692
BATHURST AND BAYCREST,693
COSBURN AND WOODBINE STATION,694
BAKERSFI AND ST REGIS,695
LAWRENCE STATION AND MCCOWAN,696
CARLINGVIEW AND INTERN,697
BLEECKER AND WELLESLEY,698
BERGAMOT AND REXDALE,699
BROADVIEW STATION AND GERRARD,700
MCCOWAN AND STEELES,701
KINGSTON AND MEADOWVAL,702
B AND GREENWIN VILLAGE,703
SHEPPARD AND YONGE,704
BUSHBY AND MCCOWAN,705
DONCLIFFE LOOP,706
CLENDENAN AND DUNDAS,707
EGLINTON AND MARTIN GR,708
MC N AND VICTORIA PARK,709
TEMP AND VICTORIA PARK,710
ISLINGTON AND LAKESHOR,711
MARLEE AND WHITMORE,712
THE E MALL AND VALH,713
TEMPO AND VICTORIA,714
DUNDAS AND RONCESVALLE,715
MILLIKEN,716
BLOOR AND ISLINGTON,717
DRAY AND VICTORIA PARK,718
BAMBURG AND WARDEN,719
SHERBOURNE AND SHUTER,720
COMMISSIONER AND SAULT,721
BERGAMOT AND ISLINGTON,722
MA AND THE BRIDAL WALK,723
DUPONT STATION AND OSSINGTON,724
BATER AND BROADVIEW,725
EGLINTON AND LESLIE,726
ST CLAIR STATION AND VAUGHAN,727
BINGHAM LOOP,728
FINCH AND TORRESDALE,729
BROADVIEW AND PRETORIA,730
BATHURST STATION AND ST CLAIR,731
MIDLAND AND ROMULUS,732
MILLWOOD AND OVERLEA,733
AUCKLAND AND DUNDAS STATION,734
GLAMORGAN AND KENNEDY,735
MARTIN GROVE AND REXDALE,736
EMBLEM AND MIDLAND,737
BRIMLEY AND ELLESMERE,738
LAKE SHORE AND MIMICO,739
KIPLING AND WARNICA,740
LAWRENCE AND ROUGE HIL,741
CARLAW AND COMMISSIONE,742
DIXON AND ROYAL YORK STATION,743
NEWTON AND YONGE,744
DUNDAS STATION ST W AND EAST,745
ALNESS AND FINCH,746
NORTHGATE D AND WILSON,747
DON MIL AND FRESHMEDOW,748
ISLINGTON STATION STATIOM,749
FINCH AND WESTON,750
TORONTO TRANSIT COMMIS,751
MARTIN GROVE AND RACIN,752
HWY 27 AND QUEEN STATION S,753
EGLINTON AND MALL,754
HUMBER AND HUMBER COLLEGE,755
EGLINTON AND WARDEN STATION,756
FINCH AND ISLINGTON STATION,757
DANFO AND EGLINTON,758
HUMBER AND HWY 27,759
KENNEDY AND ST CLAIR STATION,760
DOCKSIDE AND QUEEN STATION QU,761
FOURTEENT AND MCCOWAN,762
CLYDE AND WILSON,763
OVERLEA AND THORNECLIF,764
BARKDENE HILLS AND BRO,765
FINCH STATION AND WESTON,766
PLEASANT AND YONGE,767
HURONIA AND MCCOWAN,768
DON MILLS AND LAWRENCE STATION,769
DUPLEX AND LAWRENCE,770
FINCH AND PEARLDALE,771
WALSH AND WESTON,772
SHEPPARD AND WILSON STATION HE,773
MARKHAM AND MILNER,774
SANDOVE AND YORK MILLS,775
DUFFERIN AND ROWAN,776
ELLESMERE AND PARKINGT,777
DORCOT AND MIDLAND,778
BLOOR AND KENNEDY,779
DON MILLS AND FRESHMEA,780
DANFORTH AND GREENWOOD,781
HWY 400 AND STEELES,782
ST CLAIR STATION WEST STATION,783
MCCORMACK AND WESTON,784
LANSDOWNE AND WADE,785
EVANS,786
LAWRENCE AND VIA BAGNA,787
EGLINTON AND SCARLETT,788
BAYVIEW AND FINCH STATION,789
DUFFERIN AND GLENCAIRN STATION,790
SCARBOROUGH CENTER STATION,791
EGLINTON AND KIPLING,792
HARTFIE AND ROYAL YORK,793
HARBOARD AND OSSINGTON,794
AVON AND WESTON,795
STEELES AND WARDEN,796
MARTIN AND THE WESTWAY,797
BLOOR AND CLENDERMAN,798
MARTIN AND TOLLINGTON,799
LESLIE AND YORK MILLS STATION,800
LAWRENCE STATION,801
FERNDALE AND ST CLAIR,802
MARTIN GROVE AND W H,803
KEELE AND WILSON STATION,804
IVOR AND YONGE,805
WILSON STATION DIVISION,806
PEARSON AIRPORT TERMINAL,807
KIPLING STATION AND QUEENSWAY,808
BIRCHMOUNT AND ST CLAI,809
ALLIANC AND ROCKCLIFFE,810
ROE LOOP,811
HIGH PARK STATION,812
BICKNELL AND ROGERS,813
FINCH AND MARTIN GROVE,814
CAMERON AND QUEEN,815
KIPLING AND REXDALE,816
PAPE AND RIVERCOURT,817
AND OTTER CRES,818
FINCH STATION AND NORFINCH,819
FINCH AND PHARMACY,820
DUPLEX AND EGLINTON,821
LAWRENCE AND ROYAL YOR,822
DUFFERIN STATION KING STATION,823
BELFIELD AND KIPLING,824
DUFFERIN AND HOPE,825
CASTILLE AND WARDEN,826
ISLINGTON AND NORSEMAN,827
BATHURST AND MELROSE,828
PARKWOODS VILLAGE,829
BETRAND AND KENNEDY,830
BRENYON AND SEWELLS,831
KENNEDY AND MEWBURN,832
MIDDLEFIELD LOOP,833
SLOA AND VICTORIA PARK,834
BIRCHMOUNT AND MCGREGO,835
DON MILLS STATION AND FINCH,836
EMPRINGHAM AND SEWELLS,837
CODECO AND RAILSIDE,838
BRIMLEY AND FINCH,839
DUNDAS STATION AND SHERBOURNE,840
DUFFLAW AND LAWRENCE,841
DUNDAS AND MABLLE,842
STEELES AND WAGGON WEL,843
THE LIN AND TOURNAMENT,844
EGLINTON AND REDPATH,845
DUFFERIN AND KING STATION,846
FINCH AND HEATHVIEW,847
DANFORTH AND KINGSTON,848
DUFFERIN AND STANSTEAD,849
DON MILLS AND YORK MIL,850
EGLINTON AND FALMOUTH,851
KINGSTON AND SCARBOROUGH,852
KING STATION AND YONGE,853
IRWIN AND YONGE,854
AND WILSON STATION,855
LESTER B PEARSON AIRP,856
CEDAR AND EGLINTON,857
DRIFTWOOD AND TOPCLIF,858
ALBION AND MARTIN GROVE,859
LAWRENCE STATION W,860
QUEEN STATION AND YONGE,861
FIN AND HUMBER COLLEGE,862
METR AND VILLAGE GREEN,863
BATHURST AND SHERBOURNE STATION,864
JANE AND STEELES,865
CENTENNIAL COLLEGE STATION BUS,866
HUMBER COLLEGE STATION BUS,867
FINCH STATION AND NEILSON,868
BROADVIEW AND MORTIMER,869
BUSHBY D AND GRANGEWAY,870
COULTE AND WESTON,871
BATHURST AND YORKVIEW,872
BIRCHMOUNT AND EGLINTON,873
SHE AND WILSON STATION HEIGHTS,874
FOUR WINDS AND TANGIER,875
SCARBOROUGH CTR STATIO,876
KENNEDY AND PASSMORE,877
CLAYSON AND HUXLEY,878
DUNDAS AND E,879
DRIFTWOOD AND YORKWOOD,880
FINCH AND NEILSON,881
ANNETTE AND JANE STATION,882
ARROW RO AND SHEPPARD,883
BLOOR AND RUNNYMEDE STATION,884
GLEN EVER AND KINGSTON,885
MCNICOLL AND WARDEN,886
ST BASIL SCHOOL,887
DANFORTH AND HART,888
COXWELL STATION AND JANE,889
BATHURST AND FISHERVIL,890
DUFFERIN AND JANE STATION,891
MCCOWAN AND PITFIELD,892
LEXFIELD AND WILSON,893
FALSTAFF AND KEELE,894
NORTHWESTG AND STEELES,895
BOROUGH AND TRITON,896
ALNESS AND STEELES,897
MURRAY ROSS AND STEELES,898
MURRAY ROS AND STEELES,899
HARBORD AND SHAW,900
NCNI AND VICTORIA PARK,901
KEELE STATION AND SHEPPARD,902
ELMHURST AND YONGE,903
BELLAMY AND KINGSTON,904
DANFORTH AND HIGHVIEW,905
KENNEDY STATION AND STEELES,906
CONNOR AND YARDLEY,907
LONG BRANCH LOOP,908
DAWES AND FERRIS,909
WILLIAM CRA AND WILSON,910
KEWBEACH AND WOODBINE,911
EGLINTON AND HEDDINGTO,912
BATHURST STATION AND EGLINTON,913
CERAMIC AND LEPAGE,914
EGLINTON AND MASON,915
FERRIS AND REXLEIGH,916
8TH AND LAKESHORE,917
DUFFERIN STATION AND STEELES,918
CALEDONIA AND LAWRENCE STATION,919
O CONNO AND ST CLAIR,920
KIPLING AND LAKW SHORE,921
EGLINTON AND IONVIEW,922
ARROW AND FINCH,923
EXBURY N AND JANE,924
MARTIN GROVE AND WESTH,925
AIRPORT AND MORNINGSTAR,926
JARVIS AND WELLESLEY,927
BRIGSTOCK AND KENNEDY,928
FULFOR AND THE WESTWAY,929
DOWNSVIEW SUBSTATION,930
BIRCHMOUNT AND CAMCAST,931
MARCOS AND MIDLAND,932
SLOANE AND SWEENEY,933
HIGHVIEW AND KENNEDY,934
BURNHAMTHO AND KIPLING,935
FINCH AND HWY 27,936
CARLTON AND SHERBOURNE,937
BATHURST AND ST CLAIR STATION,938
EMDAABIIMOK AND QUEEN STATION,939
KINGSTON AND VICTORIA,940
BLOOR AND RUNNYMEDE,941
BATHURST AND COVINGSTO,942
CLONMORE AND QUEENSBUR,943
BERMONDSEY AND SUNRISE,944
AMAZOON LOOP,945
ALL AND ROCKCHIFF,946
GERR AND VICTORIA PARK,947
DUFFERIN STATION AND EGLINTON,948
FINCH AND SENECA HILL,949
LILLIAN AND STEELES,950
OLD MILL STATION,951
SIGNAL HILL AND STEIRW,952
FORDWICH AND ISLINGTON,953
THE QUEENSWAY,954
NORTHLAND AND WESTON,955
DUFFERIN AND SHANLY,956
BATHURST AND EGLINTON,957
BOND AND ST CLAIR,958
JANE AND TROUTBROOKE,959
EGLINTON AND ISLINGTON,960
ASHCOTT AND STEELES,961
CURL AND VICTORIA PARK,962
MCNICOLL AND VICTORIA,963
LOCHINV AND YORK MILLS,964
NEW W M AND STEELES,965
EMPRESS AND YONGE,966
BLOOR AND LANSDOWNE,967
CHURCH AND YONGE,968
MC MCNICOLL GARAGE,969
JANE STATION AND WESTON,970
QUEENSWAY AND WINDERMERE,971
OLD WESTON AND ROCKWEL,972
EGLINTON AND SCOTT,973
GRANGEWAY,974
STEELES AND WILLOWDALE,975
401 AND KIPLING,976
HWY 401 AND ISLINGTON,977
CONLINS AND SHEPPARD,978
ROYAL YORK AND WILGAR,979
ROYAL AND THE WESTWAY,980
KING AND SHAW ST,981
SIGNET AND STEELES,982
CORBETT AND ROCKCLIFFE,983
DYNAMIC AND NASHDENE,984
DUFFERIN AND STEELES,985
LIBERTY LOOP,986
KINGSTON AND RIDGEMOOR,987
ST CLAIR STATION AND WESTON,988
GATE AND SHEPPARD E,989
HUMBER BLCD AND LUVINE,990
DANFORTH AND MONARCH,991
KEELE AND W TORONTO,992
THE QUEENSWAY AND WIND,993
FINCH AND HUMBER COLLE,994
BATHURST STATION AND FISHERVILLE,995
ANTIBES AND BATHURST,996
WENDEIL AND WILSON,997
MALL CRESCENT,998
LAWRENCE AND MIDLAND STATION,999
DAVENPORT AND OSSINGTON,1000
EGLINTON AND TRANSWAY,1001
MIDDLEFIEL AND STEELES,1002
JARVIS AND LAKESHORE,1003
ALBION AND CARRIER,1004
MIDLAND STATION AND SHEPPARD,1005
LITTLES AND SEWELLS,1006
DUFFERIN STATION GATE,1007
DANFORTH AND PAPE,1008
FINCH AND TOBERMORY,1009
MORNINGSIDE AND PAN AM,1010
ISABELL AND SHERBOURNE,1011
GERRY FITZ AND STEELES,1012
ALEXDON AND FINCH,1013
CHESSWOOD AND SHEPPARD,1014
BISHOP AND YONGE,1015
WILSON AND YONGE,1016
STEELES AND WARDEN STATION,1017
CALEDONIA AND NORMAN,1018
HOWARD AND PARLIAMENT,1019
DAWES AND GOWER,1020
HUMBER AND HUMBERLINE,1021
KEELE AND ST REGIS,1022
LAWRENCE AND STARSPRAY,1023
EGLINTON AND ROYAL YOR,1024
BIRCHMOUNT AND KINGSTON,1025
DUNDAS AND KEELE STATION,1026
AND EGLINTON,1027
TRANSIT ROAD AND WILSON,1028
ELLESMERE AND MILIARY,1029
STARSPRAY LOOP,1030
NEILSON AND SHEPPARD,1031
GREYAB AND MORNINGSIDE,1032
FINCH AND MIDDLEFIELD,1033
MARTIN GROVE AND W,1034
DUFFERIN STATION,1035
BLUE R AND JACK LAYTON,1036
DENT AND VICTORIA PARK,1037
MORNINGVIEW AND OLD FI,1038
MARKBROOK AND STEELES,1039
THE W MALLE AND WEST,1040
SHEPPARD E,1041
BRIMLEY AND LAWRENCE STATION,1042
CHURCH AND WELLESLEY STATION,1043
CRAI AND VICTORIA PARK,1044
BAY AND WELLINGTON,1045
BRIMLEY AND KENNEDY STATION,1046
ELLESMERE AND MORNINGSTAR,1047
CROMWELL AND KINGSTON,1048
EGLINTON AND FAIRLEIGH,1049
SANDRA AND ST CLAIR STATION,1050
FENMAR AND WESTON,1051
FINCH AND GLENDOWER,1052
SOUDAN AND YONGE,1053
QUEEN AND SHAW,1054
TORONTO ZOO,1055
COSBURN AND PAPE,1056
BOWOOD AND YONGE,1057
JARVIS AND WELLESLEY STATION,1058
NIGHTSTAR AND POGONIA,1059
SHEPPARD AND WESTON,1060
CHISWICK AND LAWRENCE,1061
DUNFIELD AND EGLINTON,1062
BRIMORTON AND DALEHURS,1063
SANDFIE AND YORK MILLS,1064
CROHAM AND EGLINTON,1065
BLACK CRE AND LAWRENCE,1066
KAWREBCE AND PHARMACY,1067
BIRCHMOUNT AND HIGHVIE,1068
KINGSTON AND LAWRENCE,1069
LAWRENCE AND SAGE,1070
PAPE STATION FLOYD M,1071
MILL AND RATHBURN,1072
EDILOU AND HORNER,1073
BAY AND KING STATION,1074
STEELES LOOP 27 STEELES,1075
BROWNLINE AND HORNER,1076
ST ALBANS AND W SER,1077
DRIFTWOOD AND FINCH STATION,1078
LAKESHORE AND MIMICO,1079
PARKWOOD AND VICTORIA,1080
DEAN PAR AND MEADOWALE,1081
MEADOWVAL AND SHEPPARD,1082
COLLI AND COLLINSGROVE,1083
OLD MILLS STATION,1084
EASTERN AND QUEEN,1085
GRENOBLE AND SPANBRIDG,1086
DOWNSVIEW PARK STATION,1087
BIRCHMOUNT AND FINCH,1088
BATHURST AND QUEEN STATION,1089
MILITARY TRAIL,1090
KNOB HILL AND WESTON,1091
FLEMINGTON AND VARNA,1092
KIPLING STATION AND ST ALBANS,1093
DUFFERIN AND DUPONT STATION,1094
KING AND SHAW,1095
JANE AND STANLEY,1096
FINC AND VICTORIA PARK,1097
COXWELL STATION AND MORTIMER,1098
FERRIS AND SQUIRES,1099
STEELES AND VICTORIA P,1100
FRANK FAU AND LAWRENCE,1101
CHIMN AND IAN MCDONALD,1102
CHIM AND IAN MACDONALD,1103
DANFORTH AND HILLINGTO,1104
ANCASTER AND WILSON,1105
MORNINGSTAR AND NIGHTSTAR,1106
FLORENCE AND YONGE,1107
DUFFERIN STATION AND LAWRENCE,1108
ARROW AND LIDO,1109
BAMBURGH AND WARDEN,1110
AND ELM,1111
EVANS AND ISLINGTON,1112
SCARBOROUGH TOWN CENTRE STATION,1113
EGLINTON AND TORRANCE,1114
WARDEN STATION STATAION,1115
ATLANTIC AND LIBERTY,1116
BAY AND COLLEGE STATION,1117
DOCKSIDE AND LAKESHORE,1118
FINCH STATION AND JANE,1119
EGLINTON AND FORMAN,1120
JARVIS AND QUEEN STATION QUAY,1121
AND DOUGLAS,1122
DUNDAS AND WILMAR,1123
LAWRENCE STATION AND MORNINGSIDE,1124
DONLANDS AND SAMMON,1125
SHEPPARD AND VICTORIA,1126
BANK AND DUFFERIN,1127
MCCOWAN AND TRITON,1128
BRENYON AND TRAIL,1129
ISLINGTON AND OVERBRO,1130
BRADST AND WESTON,1131
LAWRENCE STATION AND PORT UNION,1132
MACK AND WARDEN,1133
LAWRENCE AND PORT UNIO,1134
EGLINTON AND GERVAIS,1135
LAWRENCE AND YONGE,1136
DOWNSVIEW PARK AND,1137
LAUGHTON AND ST CLAIR,1138
FINCH STATION AND MARTIN GROVE,1139
MARKHAM AND PASSMORE,1140
KENNEDY AND STEELES,1141
DALLNER AND WILSON,1142
BAYVIEW AND BLYTHWOOD,1143
HWY 27 AND QUEEN,1144
DAVENPORT AND YONGE,1145
LAKESHORE AND STRACHAN,1146
IAN MACDONALD AND THE,1147
MALVERN DIVSION,1148
ALBION AND FINCH,1149
BRAECR AND THE WESTWAY,1150
MARTIN GROVE AND THE WEST,1151
HULLRIC AND HUMBERWOOD,1152
EARLSDALE AND OAKWOOD,1153
KENNEDY AND RADNOR,1154
JULIAN AND WILSON,1155
QUEENSWAY AND ROYAL YORK,1156
BAMBERGH AND WARDEN,1157
BELGRAVE AND WILSON,1158
AND BOMBAY,1159
BEDFORD AND DUPONT,1160
HUMBER AND WESTON,1161
ANGUS GLEN AND MAJOR M,1162
MARTIN G AND WATERBURY,1163
DON MILLS AND EGLINTON,1164
PARLIAMENT AND QUEEN STATION,1165
BATHURST AND VAUGHAN R,1166
SILVERSTAR AND STEELES,1167
JANE AND SAN ROMANOWAY,1168
EDINBOROU AND SCARLETT,1169
NORTHUMB AND OSSINGTON,1170
ELLESMERE AND MILITAR,1171
KODIAK AND SHEPPARD,1172
CHESSWOOD AND STEPROCK,1173
DUFFERIN STATION LOOP,1174
LOMA AND THE QUEENSWAY,1175
EGLINTON AND SUTHERLAN,1176
CARPENTER AND STEELES,1177
KINGSTON AND SHEPPARD,1178
DUNDAS AND JANE STATION,1179
EDDYSTONE AND JANE,1180
BAYVIEW STATION AND STEELES,1181
DON MILLS STATION AND MCNICOLL,1182
BETHRIDGE AND KIPLING,1183
LAWRENCE AND MOSSBANK,1184
BROWN S LINE AND EVANS,1185
LAKE AND MARINE PARADE,1186
M AND STEELES W LOOP,1187
ELLESMERE AND MUIRBANK,1188
ALLEN AND TRANSIT,1189
WOODBINE STATION RACETRACK,1190
FUTURITY G AND STEELES,1191
DON MILL AND YORK MILL,1192
TRANSIT,1193
KEELE STATION AND TORONTO,1194
BEVERLY AND JANE,1195
HUMBER COLLEGE STATION BY FIN,1196
LAWRENCE AND RAILSIDE,1197
KENNEDY AND MCNICOLL,1198
BLOOR AND OLD MILL STATION,1199
EGLINTON AND LEBOVIC,1200
BRENTWOOD AND SHEPPARD,1201
ROYAL YORK AND W WA,1202
EASTVALE AND STEELES,1203
SPADINA STATION 195,1204
BRIMLEY AND ST CLAIR STATION,1205
DRIFTWOOD AND JANE STATION,1206
AL AND HUMBERLINE LOOP,1207
FENN AND YORK MILLS,1208
MARTIN GROV AND STEELES,1209
KIPLING AND LAKESHORE,1210
UPPER HIGHLAND CREEEK,1211
COMMISSIONERS STRE,1212
HEATHROW AND JANE,1213
BAY AND GROSVENOR,1214
PRINCESS GATES,1215
IRONDALE AND STEELES,1216
EARL AND SHERBOURNE,1217
DUNDAS STATION AND HIGH PARK,1218
ISLINGTON STATION ADN ELMHURST,1219
BAY AND BLOOR,1220
IRVING AND THRETHWAY,1221
MILNER AND PROGRESS,1222
LAWRENCE STATION E AND ROU,1223
BOROUGH AND TRITION,1224
BRADSTOC AND WESTON,1225
KENNEDY STATION STAITON,1226
GARRETT AND WILSON,1227
MARTIN GROVE AND SILVE,1228
BILLY BISHO AND WILSON,1229
CURLEW AND LAWRENCE,1230
SPADINA AND ST CLAIR STATION,1231
HUNTINGWOO AND KENNEDY,1232
REDLEA AND STEELES,1233
KIPLING AND LAKE SHORE,1234
QUEEN STATION AND SHORNCLIFFE,1235
BATHURST AND MARKDALE,1236
FORTIET AND LAKE SHORE,1237
GERRARD AND VICTORIA P,1238
CORPORATE AND PROGRESS,1239
BELLAMY AND PROGRESS,1240
DUNDAS STATION AND OSSINGTON,1241
SCARBOROUGH TOWN CENT,1242
HUMBER AND K,1243
HUPFIELD T AND SEWELLS,1244
WESTWOOD MALL,1245
MCNI AND VICTORIA PARK,1246
KINGSTON AND SANDDOWN,1247
HEDGE END AND SHEPPARD,1248
EGLINTON AND MT PLEASA,1249
BIRCHMOUNT AND FINCH STATION,1250
DON MILLS AND GODSTONE,1251
DEEFRORD AND DON MILLS,1252
KINGSTON AND QUEEN,1253
DONWAY AND OVERLAND,1254
BEECROFT AND FINCH,1255
BIRKDALE AND ELLESMERE,1256
JARVIS AND QUEEN STATION QUAT,1257
AND ROSELAWN,1258
CARL AND COMMISSIONERS,1259
F AND HUMBERLINE,1260
LAWRENCE AND RIDGEWOOD,1261
LAWRENCE AND TOWNLEY,1262
EASTERN AND WOODFIELD,1263
LAXTON,1264
BATHURST AND TIMBERLAN,1265
PARK AND THE QUEENSWAY,1266
DUPONT AND KENDAL,1267
RAAB AND WELLNESS WAY,1268
DANFORTH AND LI,1269
ANGLESEY AND ISLINGTON,1270
SANTAMONI AND ST CLAIR,1271
DON MILLS AND ESTERBRO,1272
E AND GREENWIN VILLAGE,1273
PRINCES GATE,1274
ARBORWO AND HUMBERWOOD,1275
JANE AND KING STATION,1276
LAURENT AND YORK MILLS,1277
WELLINGTON AND YONGE,1278
COL SAMUEL SMITH LOOP,1279
KIPLING STATION LOOP AND LAKES,1280
CLUNY AND CRESCENT,1281
CONR AND VICTORIA PARK,1282
FAIRFAX AND WARDEN,1283
HIG AND HUMBER COLLEGE,1284
GERRARD STATION AND JONES,1285
DON MILLS STATION AND LAWRENCE,1286
EGLI AND VICTORIA PARK,1287
LOWER JARVIS AND QUEEN STATION,1288
TOWNLEA LOOP,1289
KEELE AND LEPAGE,1290
KENNEDY AND STRATTON,1291
BENTWORTH AND DUFFERIN,1292
SENLAC AND SHEPPARD,1293
KINGSTON AND WARDEN STATION,1294
CARLAW AND QUEEN STATION,1295
FINCH AND HUMBERLINE,1296
ENTERPRISE AND WARDEN,1297
DUFFERIN AND FINCH STATION,1298
BELLAMY AND LAWRENCE STATION,1299
SCARBOROUGH GOLF CLUB,1300
BROADVIEW AND DUNDAS STATION,1301
HUNTINGWOOD AND MIDLAND STATION,1302
LORD AND UPPER CANADA,1303
COLVILLE AND KEELE,1304
BURHAMTHORPE AND OLD B,1305
DUDLEY AND STEELES,1306
HUNTINGWOO AND MIDLAND,1307
GRANDRAVINE AND KEELE STATION,1308
BALDOON AND FINCH STATION,1309
ALGI AND THE QUEENSWAY,1310
BEDFORD AND BLOOR,1311
GROSVENOR AND YONGE,1312
GREENCREST CIRCUIT,1313
LOLA AND YONGE,1314
IAN MACDONALD,1315
CUMMER AND PINEWAY,1316
E MALL AND QUEEN,1317
LESLIE STATION,1318
CRAIGTON AND RANNOCK,1319
DANFORTH AND DAWES,1320
HUNTINGWOOD AND WARDEN,1321
BAY STATION AND BLOOR,1322
CALEDONIA AND INNES,1323
BUSHBY AND MCCOWAN STATION,1324
HWY 7 AND WARDEN,1325
DUFFERIN AND GIBSON,1326
DAVISVILLE AND PAILTON,1327
BAYVIEW STATION AND LAWRENCE,1328
LAWRENCE AND VICTORIA,1329
DAVISVILLE AND YONGE,1330
FINCH AND SANDHURST,1331
FINCH AND ROMFIELD,1332
METRO TORONTO ZOO,1333
EGLINTON AND RENFORTH STATION,1334
ARMSTRONG AND DUFFERIN,1335
DANFORTH AND GREENWOOD STATION,1336
BROADVIEW AND DANFORTH,1337
ALCORN AND YONGE,1338
BELLAMY AND EGLINTON,1339
DON MILLS AND ST DENNI,1340
MARINE PARADE AN,1341
LAKESHORE AND ROYAL YO,1342
WOODBINE STATION RACE TRACK,1343
COLONEL SAM SMITH,1344
GILTSPUR AND JANE,1345
ST GEORGE STATION,1346
HWY 409 BELFIELD EXPR,1347
BURNHAMTHORPE AND THE,1348
VAUGHAN METROPOLITAN C,1349
RATHBURN AND THE E,1350
COXWELL AND DUNDAS STATION,1351
D AND SPRING HURST LOOP,1352
BLOOR AND DUNDAS,1353
BLOOR AND DUNDAS STATION,1354
TOWNSLEY LOOP,1355
FINCH STATION AND WARDEN,1356
MARTING AND WESTHUMBER,1357
MANITOBA AND NOVA S,1358
DANFORTH AND MAIN,1359
ST CLAIR AND WALMER,1360
QUEEN STATION S QUAY W,1361
DANF AND VICTORIA PARK,1362
FINCH STATION AND WILLOWDALE,1363
DUFFERIN AND SASKATCHE,1364
BRADSTOCK AND RIVALDA,1365
BLOOR AND SPADINA,1366
BROOKMERE AND ELMHURST,1367
KIPLING AND ROWNTREE,1368
KEELE AND WANDLE,1369
PEARSON AIRPORT TERM,1370
HENDERSON AND STEELES,1371
SPADINA STATION DN ST CLAIR STATION,1372
CHIPSTE AND YORK MILLS,1373
LAWRENCE AND PHARMACY,1374
EGLINTON W AND ISLI,1375
BLOOR AND CASTLEFRANK,1376
EGLINTON DIVISION,1377
GUESTVILLE AND LAMBTON,1378
BRADSTOCK AND WESTON R,1379
MALVERN GATE,1380
BATHURST AND WOBURN,1381
ANGLESEY AND ISLINGTON STATION,1382
DENVALE AND ST CLAIR STATION,1383
BLACK CREEK AND WESTON,1384
DUNDAS AND SHORNCLIFF,1385
GREENBRAE AND LAWRENCE,1386
JESMOND AND OAKWOOD,1387
SCARBOROUGH COLLEGE STATION LO,1388
ST CLAIR STATION W,1389
PROGRESS AND SHEPPARD,1390
WARDEN STATION LOOP WARDEN STATION NORTH,1391
MOON VA AND WESTHUMBER,1392
KIRKHAMS AND PARK,1393
SHEPPARD W,1394
COMMISSIONERS AND LOGA,1395
COMMISIONERS AND LOGAN,1396
GREENCEDAR AND MARKHAM,1397
MIDLAND AND SHEPPARD,1398
BLACKBIRD GA AND FINCH,1399
BROWN S LINE AND COULE,1400
N WOO AND ST CLAIR,1401
SHER AND THE W MALL,1402
ALBION AND HWY 27,1403
FINCH STATION AND ISLINGTON,1404
FINCH AND VICTORIA PAR,1405
PARLIAMENT AND QUEEN,1406
DANFORTH AND VICTORIA,1407
DUNDAS AND STEELES,1408
CLAYSON AND WILSON,1409
FINCH STATION AND MIDLAND,1410
KIPLING AND OLIVEWOOD,1411
BATHURST AND TICHESTER,1412
MEADOWVALE BUS LOOP,1413
KIPLING STATION AND STEELES,1414
EDGEHIL AND ROYAL YORK,1415
CALE AND LAWRENCE STATION W,1416
BRAHMS AND FINCH,1417
BATHURST AND JOICEY BL,1418
KIPLING AND TORLAKE,1419
LANS AND VICTORIA PARK,1420
KIPLING STATION AND WESTHUMBER,1421
CLEADON AND MCNICOLL,1422
MILEPO AND THORMCLIFFE,1423
GLENCAIRN AND MARLEE,1424
GLENCAIRN STATION AND MARLEE,1425
MCLEVIN AND TAPSCOTT,1426
SHOREHAM,1427
ADELAIDE AND BAY STATION,1428
ISLINGTON AND SUMMITCR,1429
LAWRENCE AND MEADOWVAL,1430
CRAIGTON AND PHARMACY,1431
CARL HALL AND SHEPPARD,1432
BIRCHMOUNT AND GLEN DO,1433
BLOOR AND DOVERCOURT,1434
BATHURST AND PATRICIA,1435
EGLINTON AND TRETHEWEY,1436
SHEPPARD AND TUSCAN GATE,1437
MIDLAND AND VERDUN,1438
DON MILLS AND HELEN LU,1439
BAYLAWN AND MIDLAND,1440
BURHANTHORPE AND RENFO,1441
GERRARD STATION AND RIVER,1442
FINCH AND MILADY,1443
BRANDON AND DUFFERIN,1444
SHEPPARD AND TUSCAN,1445
MARTIN AND ST PHILLIPS,1446
ST PHILLIPS MARTIN G,1447
KENNEDY STATION AND MCNICOLL,1448
OLD YON AND YORK MILLS,1449
MIDLAND AND SALOME,1450
BELLAMY AND CORPORATE,1451
SENTINEL AND SHEPPARD,1452
DON MILLS STATION AND SHEPPARD,1453
DON MILLS AND THE DON,1454
HARDING AND JANE,1455
E LIBE AND STRACHAN,1456
BROADOAKS AND KEELE,1457
OVERLEA AND WILLIAM MO,1458
DON MILLS AND GREEN BE,1459
C AND PARKWOOD VILLAGE,1460
BERMONDSE AND EGLINTON,1461
SHEPPARD AND YUKON,1462
BEN STANT AND LAWRENCE,1463
ASHTONBEE AND WARDEN,1464
DAVENPORT AND OAKWOOD,1465
COSBURN AND LOGAN,1466
ARDWICK AND FINCH,1467
WILSON AND,1468
MARTIN GROVE AND WATER,1469
DIXON AND MARTIN GROVE,1470
ANNETTE AND RUNNYMEDE,1471
BATHU AND VILLAGE GATE,1472
CALEDONIA AND GLENCAIRN,1473
VALD AND VICTORIA PARK,1474
MARKHAM AND STEVENWOOD,1475
GRAYDON HALL,1476
AND GLENVIEW,1477
MARTI AND STEELES W,1478
AND LAWRENCE STATION,1479
HUMBERLINE AND RUTHMAR,1480
EGLINTON AND GILGORM,1481
DON MILLS AND GRAYDON,1482
ST CLAIR STATION AND YONGE,1483
KINGSGR AND ROYAL YORK,1484
MALL AND ROBINGLA,1485
FINCH STATION AND WESTMORE,1486
ELLESMERE STATION AND NEILSON,1487
LAWRENCE AND W HILL,1488
GRENOBLE AND VENDOME,1489
EGLINTON AND ISLINGTON STATION,1490
ATLANTIC AND KING STATION W,1491
SUN ROW AND WESTWAY,1492
KINGSTON AND WESTLAKE,1493
ANGUS GLEN COMMUNITY C,1494
COUGAR AND MARKHAM,1495
OLD WESTON AND ROCK,1496
WILSON AND WILSON STATION HEIG,1497
FALLLSTAFF AND KEELE,1498
BELFIELD AND MARTIN GR,1499
EGLINTON AND OLD FORES,1500
SELECT AND TAPSCOTT,1501
BRIMLEY AND SHEPPARD,1502
DRIFTWOOD AND FINC,1503
GARYRAY AND WESTON,1504
KIPLING AND N HEIG,1505
DAVENPORT AND SYMINGTO,1506
MARLEE ARCH AND WARDEN,1507
HATHERTO AND UNDERHILL,1508
PHARMACY AND SHERWOOD,1509
KINGSTON AND MIDLAND STATION,1510
BELLAMY AND PAINTED PO,1511
BARDS WAL AND SHEPPARD,1512
MORNINGSTAR AND OLD FINCH,1513
OLD KENNEDY STATION AND STEELES,1514
BLOOR AND MONTROSE,1515
LADY YORK AND WILSON,1516
BIRCHMOUNT AND HIGHVIEW,1517
PRINCES GATES,1518
ROUGE HILL GO,1519
AND DELORAINE,1520
DUPONT AND SHAW,1521
SHERBOURNE STATION QUEEN STATION S,1522
HUPFIELD AND SEWELLS,1523
BRAECREST AND W WAY,1524
FINCH AND SCOTTFIELD,1525
COOPER AND QUEEN STATION QUAY,1526
29 87 DIRECTOR,1527
CORONATION AND WALLSEN,1528
KIPLING STATION AND LAKESHORE,1529
MARKHAM AND MCLEVIN,1530
HOSPITAL AND RAAB,1531
BERTRAND AND KENNEDY,1532
JANE AND JOHN BEST,1533
FRESHMEADOW AND YELLOW,1534
MCNICOLL,1535
ARLETA AND SHEPPARD,1536
HUNTING RI AND KIPLING,1537
HICKORY T AND LAWRENCE,1538
PARLIAMENT AND ST JAME,1539
HENDON AND YONGE,1540
ATHABASKA AND YONGE,1541
KENNEDY AND WICKWARE,1542
CLAREMORE AND KINGSTON,1543
RAY AND WESTON,1544
MANTIS AND POPPY,1545
THE E MALL CRESCENT,1546
KINGSTON AND OLD KINGS,1547
LAKESHORE AND MARINE P,1548
ESNA AND STEELES,1549
LESLIE AND QUEEN STATION,1550
BUSHBY AND GRANGEWAY,1551
EVAN AND THE E MALL,1552
DANE AND DUFFERIN,1553
YONGE AND YONGE BLV,1554
SCANTHORP AND SHEPPARD,1555
LAIRD AND LEA,1556
AIRPORT AND JET LINER,1557
DUFFERIN AND QUEEN STATION,1558
DANFORTH AND KENNEDY,1559
ISLINGTON AND THE QUEE,1560
MARTIN GROVE AND ROYAL,1561
DOVERCOURT AND NORTHUM,1562
BRIMLEY AND DANFORTH,1563
KEELE AND YPRES,1564
DUNDAS STATION W,1565
FINCH AND WILLOWDALE,1566
COMPAS AND MIDDLEFIELD,1567
BLOOR AND KIPLING,1568
AND BLOOR,1569
BLOOR AND QUEEN STATION PARK,1570
HUMBERSIDE AND KEELE,1571
BIRCHMOUNT AND STEELES,1572
MERIDIAN AND SKYWAY,1573
DEFOREST AND RUNNYMEDE,1574
E AND LAWRENCE,1575
BIRCHMOUNT AND FOX RID,1576
DENISON AND WESTON,1577
DRIFTWOOD AND LASKAY,1578
SHERBOURNE AND WELLESLEY STATION,1579
HUMBERWOOD AND VIEW GR,1580
LEXIN AND MARTIN GROVE,1581
FINCH AND GORDON BAKER,1582
ISLINGTON AND JUDSON,1583
GAMBLE AND PAPE,1584
DANFORTH AND WOODMOUNT,1585
GREENCRES AND LAWRENCE,1586
ROCKBANK CRES,1587
ELLESMERE AND PHARMACY,1588
BIRCHMOUNT DIVISION,1589
STEEPRO AND WHITEHORSE,1590
KIPLING AND PENLEA,1591
BAYVIEW AND MOORE,1592
GOOD SHEP AND LAWRENCE,1593
ELLE AND VICTORIA PARK,1594
BROWN S LINE AND HORNE,1595
KINGSTON AND MASON,1596
GLENROY AND ROYAL YORK,1597
BATHURST AND NINA,1598
EMMETT AND VERONA,1599
EGLINTON AND EMMETT,1600
CACTUS AND PECKHAM,1601
MILLWOOD AND RANDOLPH,1602
LAKESHORE AND TWENTY S,1603
ISLINGTON AND REXDALE,1604
EGLINTON AND JONESVILL,1605
BATHURST AND FAIRLAWN,1606
BATHURST AND BRIAR HIL,1607
DUPONT AND LANSDOWNE STATION,1608
EGLINTON AND HUNTINGTO,1609
KENNEDY AND TREVERTON,1610
EASTCOURT LOOP,1611
FINCH AND WESTMORE,1612
FINCH AND NORFINCH,1613
404 AND SHEPPARD,1614
EGLINTON AND ORIOLE,1615
AMAZON FULFILLMENT CEN,1616
GARAMOND AND WYNFORD,1617
CRESCENT AAND MOUNT PL,1618
BAYVIEW STATION AND FINCH,1619
DUFFERIN AND PRINCESS,1620
LAWRENCE STATION AND STARSPRAY,1621
NEWCAST AND ROYAL YORK,1622
EVANS AND QUEENSWAY,1623
FINCH AND GRACEDALE,1624
BLOOR AND DUNDAS STATION W,1625
DREWRY AND YONGE,1626
LAWRENCE AND RODDA,1627
DANFORTH AND SIBLEY,1628
MORNINGSIDE AND SEWELLS,1629
DIXON AND KIPLING STATION,1630
ELVA AND VICTORIA PARK,1631
KENNEDY STATION AND SHEPPARD,1632
JUNCTION AND KEELE,1633
BAINBRIDG AND BATHURST,1634
ISLINGTON AND QUEENSWAY,1635
BRIMLEY AND ST CLAIR,1636
DUNDAS AND FISKEN,1637
CRES AND VICTORIA PARK,1638
MEADOWVALE LOOP AND SH,1639
KINGSTON AND WARDEN,1640
L AND MURRAY ROSS,1641
MORNINGSIDE AND STAINES,1642
DUFFERIN AND GORDON,1643
MILLWAY AND NEW PA,1644
BLOOR AND KIPLING STATION,1645
AIRPORT AND JETLINER,1646
DUFFERIN AND EVERSFIEL,1647
FINCH AND JAYZEL,1648
PETMAN AND SOUDAN,1649
MAJOR MACKE AND WARDEN,1650
PRINCESS GATE CANADA,1651
BATHURST AND HEATHDALE,1652
CALEDONIA AND CORBY,1653
DRIFTWOOD AND YEWTREE,1654
BLAKEMANOR AND MARKHAM,1655
CASTLEFIE AND DUFFERIN,1656
AVON LOOP AND WESTON,1657
HISEY AND HUMBERLINE,1658
ELMHURST AND HINTON,1659
MARTIN GROVE AND PORTE,1660
APEX AND WILSON,1661
HWY 7 AND MCCOWAN,1662
BATHURST AND CODSELL,1663
EGLINTON AND MCCOWAN STATION,1664
KENNEDY AND VILLAGE GR,1665
CAN AND PRINCES GATES,1666
ALLIANCE AND JANE,1667
COLLEGE STATION AND DUFFERIN,1668
ADELAIDE AND YONGE,1669
BEECHGROV AND LAWRENCE,1670
PETROLIA AND STEELES,1671
BURNVIEW AND LAWRENCE,1672
MCNICOLL AND WARDEN STATION,1673
ECOPARK G AND SHEPPARD,1674
BATHURST STATION AND SHEPPARD,1675
DUFFERIN AND GLEN BELL,1676
BIRCHMOUNT AND ST CLA,1677
DON MILLS STATION AND GATEWAY,1678
STEELES LOO AND WARDEN,1679
ATTWEL AND CARLINGVIEW,1680
KENNEDY STATION AND ST CLAIR,1681
ATWELL AND CARLINGVIEW,1682
MCNICOLL AND MIDDLEFIE,1683
HWY 7 AND QUEEN STATION S,1684
TERR AND VICTORIA PARK,1685
HARRISFAR AND SHEPPARD,1686
SWABWICK AND VICTORIA,1687
DOLPHIN AND PHARMACY,1688
400 AND WILSON,1689
HOLSWADE AND PHARMACY,1690
FINCH AND SIGNET,1691
MAXWE AND WILMININGTON,1692
RIVENDELL AND STAINES,1693
ST ALBANS,1694
CHATSWORT AND LAWRENCE,1695
DENTON AND VICTORIA PA,1696
BATHURST AND RIDGE HIL,1697
HEDGEWO AND YORK MILLS,1698
YORK AND YORKLAND,1699
OAKWOOD LOOP,1700
YORKLAND,1701
FAYWOOD AND WILSON,1702
MILNER AND MORNINGSIDE,1703
MARKHAM AND NASHDENE,1704
EASTERN AND LESLIE STATION,1705
EGLINTON AND GLENHOLME,1706
CONSUMERS AND YORKLAND,1707
BRIMLEY AND SEMINOLE,1708
YORK ACRES,1709
BRENYON AND WICKSON,1710
BEACHELL AND EGLINTON,1711
LANSDOWNE STATION PAT,1712
GLEN AME AND SOUTHWOOD,1713
COLLINSGR AND LAWRENCE,1714
CELESTE AND KINGSTON,1715
BARTON AND BATHURST,1716
SENTINEL AND THE POND,1717
NOVA SCOT AND PRINCESS,1718
ST CLAIR AND YONGE,1719
LAWRENCE STATION E,1720
BERWICK AND YONGE,1721
FINCHDENE AND NEWGATE,1722
BAYVIEW STATION AND SHEPPARD,1723
LAWRENCE STATION W AND W,1724
MORNINGSIDE AND RUNNYMEDE STATION,1725
DON MILLS AND OVERLEA,1726
HARBORD AND MANNING,1727
BOMBAY LOOP,1728
DIANA AND KEELE,1729
CHERRY AND LAKE SHORE,1730
EGLINTON AND ORIOLE PA,1731
ELLESMERE AND PRINCIPA,1732
QUEEN STATION S AND WELLESLEY,1733
ALLIANCE AND JANE STATION,1734
DANFO AND DANFORTH,1735
N QU AND QUEENSWAY,1736
BRIDLETOWNE AND FINCH,1737
ISLINGTON AND PRINCE G,1738
DOVERCOURT AND GEARY,1739
DON MILLS STATION STYATION,1740
KINGSTON AND SHARPE,1741
MIDDLEFIELD AND RICHMO,1742
MARTIN GR AND REDGRAVE,1743
MACDONELL AND QUEEN STATION,1744
MT DENNIS GARAGE,1745
LORD ROBER AND MIDLAND,1746
DRIFTWOOD AND TOPCLIFF,1747
SHEPPARD AND TUSCAN GA,1748
O CONNOR AND WOODBINE,1749
BURN AND THE W MALL,1750
BERRY AND STEPHEN,1751
MIDLAND AND WOLFE,1752
GRANGEWAY AND MCCOWAN STATION,1753
DONLANDS AND MORTIMER,1754
EGLINTON AND HANNA,1755
DAVISVILLE STATION AND YONGE,1756
CONWAY AND OAKWOOD,1757
BATHURST AND TOWNSGATE,1758
WOODBINE STATION RACE TRACK LO,1759
DANFORTH AND EGLINTON,1760
ST CLAIR STATION STAQTION,1761
F AND FINCHDENE SQUARE,1762
WILSON STATION HEIGHTS,1763
FINCH STATION AND MILVAN,1764
MIDDLEFIELD AND STEELES,1765
PAPE AND TORRENS,1766
FINCH AND OAKDALE,1767
MORNINGSIDE AND RUNNYM,1768
CHAMPAGNE AND FINCH STATION,1769
CORONA AND MORNINGSIDE,1770
LAMBERTON AND SENTINEL,1771
EGLINTON AND HAKIM,1772
BATHURST AND STEELES,1773
STANLEY GREENE AN,1774
SEASONS AND STAINS,1775
SEASONS AND STAINES,1776
BLACK CREEK AND LAWRENCE STATION,1777
HOWARD MOS AND STEELES,1778
DAWES AND PHARMACY,1779
FLINT AND MARTIN ROSS,1780
16TH AND MARKHAM,1781
COLONELS SAMUELS LOOP,1782
DON M AND GATEWAY,1783
BREMINER AND SPADINA,1784
COLONEL SAMUEL PARK AN,1785
BATHURST AND DEWBOURNE,1786
BR AND JACK LAYTON WAY,1787
BATHURST AND DON LAKE,1788
SERVICE AND ST AL,1789
BURHAMTHORPE AND KIPLING STATION,1790
COUNTRY AND ROYAL YORK,1791
ADELAIDE AND BAY,1792
MCNEIL H S AND NEIL,1793
KENNEDY AND STRATTON A,1794
COSBURN AND COXWELL,1795
ALBION AND WESTMORE,1796
DUFFERIN STATION AND ST CLAIR,1797
YORK MILLS STATION STATON,1798
THE QUE AND WINDERMERE,1799
CARLAW AND EASTERN,1800
LITTLE AND WESTON,1801
AU LARGE AND FINCH,1802
ELLESMERE AND STONETON,1803
OLD WESTON AND ST CLAIR,1804
MARTIN GROVE AND RICHG,1805
BRIMLEY AND MCCOWAN,1806
CALEDONIA PARK AND ST,1807
MCCOWAN AND MCNICOLL,1808
BAYVIEW AND STEELES LO,1809
LAWRENCE STATION AND WARDEN,1810
BATHURST STATION AND NEPTURE,1811
BLOOR AND CONCORD,1812
KIPLING AND TABER,1813
COLONEL SAMUEL PARK,1814
ANTIBES AND TORRESDALE,1815
DANFORTH AND MIDLAND,1816
HUMBERLINE AND SHOREHAM,1817
IDAGROVE AND SHEPPARD,1818
LANSDOWNE STATION,1819
WELLESLEY AND YONGE,1820
FINCH AND LESLIE STATION,1821
KENNEDY STATION SOUT,1822
MORTIMER AND PAPE STATION,1823
KIPLING AND ST ALBANS,1824
ROGUE HILL GO STATION,1825
NOVA SCOTIA,1826
COMMISSIONERS AND SHUT,1827
BAIRD AND JONES,1828
BROADVIEW AND COSBURN,1829
LAWRENCE AND MORNINGSIDE,1830
MT PLEASANT BOULEVA,1831
RATH AND THE E MALL,1832
GUILDWOOD AND ROWATSON,1833
DANFORTH AND ST CLAIR,1834
DREWRY AND HILDA,1835
EGLINTON AND GABIAN WA,1836
BATHURST AND STRATHEAR,1837
CULFORD R AND LAWRENCE,1838
BATHURST AND GREEN VIL,1839
EGLINTON STATION 925,1840
CONNOR AND PAPE STATION,1841
FENWOOD H AND KINGSTON,1842
CARLTON AND YONGE,1843
DUNDAS STATION AND LANSDOWNE,1844
BLOOR AND OSSINGTON STATION,1845
DANFORTH AND WOLFE,1846
DUFFERIN AND MARTIN RO,1847
DRIFTWOOD AND STONG,1848
BARTONVILLE AND RAY,1849
SCARBOROUGH LOOP,1850
CALVINGTON AND RODING,1851
NUGGEST AND TRANSFER,1852
NORTHWEST AND STEELES,1853
BROOKVIEW AND LAWRENCE,1854
LAURA AND SHEPPARD,1855
INGLEWOOD AND ST CLAIR,1856
CONNOR AND HOPEDALE,1857
LESMILL AND YORK MILLS STATION,1858
MCRAE AND MILLWOOD,1859
ROYAL YORK AND VAN DUS,1860
ATLANTIC,1861
BIRCHMOUNT AND MACK,1862
ELVASTON AND SLOANE,1863
BIRMINGHAM AND KIPLING,1864
WILSON STATION ANDF BATHURST STATION,1865
LESLIE AND LONGWOOD,1866
RUNN AND ST CLAIR STATION W,1867
BELL ESTATE AND WARDEN,1868
CON AND CONCORDE PLACE,1869
HIGHWA AND ROYAL CREST,1870
KING STATION GEO AND TRETHEWEY,1871
RUSCICA AND SLOANE,1872
SHEPPARD AND WASHBURN,1873
ROUGE RIV AND SHEPPARD,1874
401 AND WESTON,1875
MA AND MAJOR MACKENZIE,1876
BROOKERS LANE AND LAKE,1877
JANE AND SHEPPARD,1878
CONFERE AND PORT UNION,1879
BROADVIEW STATION AND DANFORTH,1880
BLOO AND THE E MALL,1881
BURNHAMTHO AND HWY 427,1882
BAYVIEW AND PARKHURST,1883
LANSDOWNE AND WHYTOCK,1884
ELLESMERE STATION AND ORTON PARK,1885
AND KIRKDENE,1886
BIRCHMOUNT AND HOLLIS,1887
NORFINCH AND STEELES,1888
MALVERN AND SHEPPARD,1889
KINGS AND OLD KINGSTON,1890
HUMBERWOOD AND MO,1891
HAMBLY AND QUEEN,1892
EGLINTON AND THE E,1893
KIPLING AND NORSEMAN,1894
DUND AND THE E MALL,1895
KEELE STATION N,1896
KING AND STRACHAN,1897
SHEPPARD-YONGE STATION,1898
FRESHMEAD AND TOWNSEND,1899
QUEEN STATION S PLATE AND R,1900
ARROW DIVISION,1901
QUEEN STATION QUAY AND RICHAR,1902
DRIFTWOOD AND FINCH,1903
LONSDAL AND SPADINA,1904
COL AND LAKESHORE,1905
CARLAW AND GERRARD STATION,1906
KIPLING STATION ROWNTREE P,1907
KINGSTON,1908
ASHTONB AND BIRCHMOUNT,1909
STR CLAIR W STATION,1910
COSBURN AND TODMORDEN,1911
KINGSTON AND MAIN,1912
DUFFERIN AND HOLMESDAL,1913
BRIAR HIL AND DUFFERIN,1914
DANFORTH AND MONARCH P,1915
NEWF AND PRINCES,1916
AND COTTINGHAM,1917
DUNELM AND MARKHAM,1918
MORNIN AND MORNINGSIDE,1919
COXWELL STATION AND QUEEN,1920
FINCH STATION W AND HWY,1921
MILLIKEN AND STEELES,1922
LAMBTON AND ROCKCLIFFE,1923
BATHURST AND CARIBOU,1924
GERVAIS AND WYNFORD,1925
GOLDWIN AND JANE,1926
CHAPLIN AND DUPLEX,1927
YORK MILLS STATION STATOIN,1928
HUMBERWOOD AND REXDALE,1929
FINCH AND FINCHDENE,1930
BLOOR AND S KINGSW,1931
BLOOR AND BROCK,1932
QUEEN STATION QUAY,1933
COXWELL STATION AND GERRARD,1934
MARTIN GROVE LOOP,1935
ENTIRE ROUTE,1936
HUMBER AND LOUVAIN,1937
HUNTINGWOO AND MCCOWAN,1938
KENNEDY STATION PLATFO,1939
EASTDALE AND GOODWOOD,1940
ELLESMERE AND ORTON PA,1941
BLOOR AND MARKLAND,1942
BEAVERDALE AND GRAND,1943
PACHINO AND PHARMACY,1944
SILDERDALE AND YORK MILLS STATION,1945
CROSLAND AND PENWORTH,1946
COMMERCIAL AND LAIRD,1947
ALLIANCE AND ROCKCLIFF,1948
LESMILL AND YORK MILLS,1949
FINCH STATION BUS PL,1950
MCLEVIN AND MORNINGSIDE,1951
FORBES AND KENNEDY,1952
KIPLING STATION BUS BA,1953
WELLESLEY STATION ST E WEST,1954
JUTLAND AND KIPLING,1955
DONCASTER AND MAIN,1956
OLD WESTON AND ROGERS,1957
BYWOOD AND KIPLING,1958
DREWRY AND NORWIN,1959
GLENHURST AND OAKWOOD,1960
NEILSON AND TOWN CE,1961
JANE STATION AND YORKGATE,1962
LA ROSE AND ROYAL YORK,1963
LAKES AND LOWER JARVIS,1964
PEARSON TERMINAL 3 ARR,1965
BALDOON AND FINCH,1966
OLD MILL STATION STATOIN,1967
FINCH STATION AND NEWGALE GATE,1968
FINCH STATION AND MIDDLEFIELD,1969
CENTENNNIAL COLLEGE STATION BU,1970
AND OLD ORCHARD,1971
DUFFERIN STATION AND ORFUS,1972
SERVICE,1973
COSBURN AND COXWELL STATION,1974
ISLINGTON AND OATES,1975
BIRCHMOUNT ND CITIZEN,1976
OV AND THRNCLIFFE PARK,1977
BELMONT AND ROXBOROUGH,1978
BROADVIEW STATION AND ERINDALE,1979
SHEPPARD AND WILMINGTO,1980
BERGAMOT AND ISLINGTON STATION,1981
DUFFERIN AND DUFFERIN STATION,1982
FINCH STATION AND MCCOWAN,1983
HOWARD MOS AND NW GATE,1984
GERRARD AND SHERBOURNE STATION,1985
COLIN AND EGLINTON,1986
DUNDAS AND THE W MA,1987
FINCH STATION AND KEELE,1988
BROOKHAVE AND LAWRENCE,1989
YORKDALE STATION GO TERMINAL,1990
RIVALDA DEAD END,1991
SINGAL HILL AND STEELES,1992
GERRARD AND MUNRO,1993
CARL HALL AND CENTENNI,1994
LAKE SHORE BOULVER,1995
HERONS HI AND SHEPPARD,1996
AMAZON LOOP,1997
BLOOR AND THE E MAL,1998
LAWRENCE AND MT PLEASA,1999
BIRCHMOUNT AND WINTERMUTE,2000
HYMUS AND WARDEN,2001
ST PHILIPS AND WESTON,2002
VILLAGE GREEN SQUARE,2003
JEWELL AND STEELES,2004
MCCOWAN STATION AND TRITON,2005
CLIFFSIDE AND KINGSTON,2006
FINCH STATION AND OAKDALE,2007
NORTHEY AND WOODSWORTH,2008
HOTSPUR AND NEPTUNE,2009
BRIA AND PLEASANT VIEW,2010
CASTLEFRANK STATION,2011
EGLINTON AND MCCOWAN,2012
SHADLOCK AND STEELES,2013
BRIMLEY AND LAWRENCE,2014
CANOE AND SEASONS,2015
CAST AND EGLINTON W,2016
KEELE AND PAXTONIA,2017
COURCELET AND KINGSTON,2018
KENNEDY AND SUMMER,2019
DUFFERIN AND SYLAN,2020
BROADVIEW AND GERRARD STATION,2021
BRIMORTON AND MARKHAM,2022
MIDLAND AND PARK,2023
MALLE AND TALGART,2024
FINCH AND RUMIKE,2025
KINGSWAY AND KIPLING,2026
401 AND DUFFERIN,2027
KIPLING AND THE KINGSW,2028
DANFORTH AND ELWARD,2029
BRENYON WA AND SEWELLS,2030
TERMINAL 3,2031
ALLEN AND RIMROCK,2032
OXBOW AND YORK MILLS,2033
AIRPORT AND HWY 42,2034
NORSEMA AND ROYAL YORK,2035
DONLANDS AND PAPE STATION AT,2036
DVP AND YORK MILLS,2037
ARROW AND DEERHIDE,2038
WILSON STATION TRAFFIC OFFICE,2039
KIPLING AND QUEEN STATION,2040
FINCH STATION AND TAPSCOTT,2041
OLD WESTON AND ST CLAI,2042
HURONIA GA AND MCCOWAN,2043
EGLINTON AND EMMITT,2044
MERRILL AND WOODBINE,2045
BELFIELD MARTI,2046
BATHURST AND PRINCE CH,2047
MIDLAND STATION,2048
GILDER AND MIDLAND,2049
THORNCLIFFE PARK AN,2050
KINGSTON R AND MARKHAM,2051
DANTON AND MACEY,2052
DUFFERIN STATION AND ROGERS,2053
DUFFERIN AND LIBERTY,2054
MILLIKEN AND PASSMORE,2055
GRIFFEN AND WASHBURN,2056
ESNA PARK AND STEELES,2057
KEELE AND WILLIAM HEAR,2058
COTTON AND DANFORTH,2059
ARNPRIOR AND BRIMLEY,2060
DON MILLS STATION STATOIN,2061
ONTAR AND PRINCES,2062
EASTMALL AND N QUE,2063
BATHURST AND OLIVE,2064
BERWICK,2065
CLARENS,2066
DAWE AND VICTORIA PARK,2067
SAMTAMONI AND ST CLAIR,2068
ST C AND VICTORIA PARK,2069
CONNOR AND ST CLAIR STATION,2070
GREENWOOD STATION,2071
LAWRENCE AND ORTON PAR,2072
CHRISTIE STATION AND DUPONT,2073
HARCOURT AND PAPE,2074
COXWELL AND SAMMON,2075
CLAIREV AND HUMBERLINE,2076
PATR AND VICTORIA PARK,2077
ESPLANADE AND SHERBOURNE,2078
OLD WESTON AND ST,2079
CONACHER AND STEELES,2080
CARLINGVIEW AND DISCO,2081
MCCOWAN STATION AND MILNER,2082
CARLTON AND PARLIAMENT,2083
DAVENPORT AND,2084
HUMBER AND QUEENSWAY,2085
DURIE AND MORNINGSIDE,2086
EVANS AND GAIR,2087
DONCLIFFE LOOP MT PLE,2088
BROWNS LINE AND JELLIC,2089
ROPER AND WARDEN,2090
PARLIAMENT AND RICHMON,2091
DANFORTH AND WOODBINE STATION,2092
LINKWOOD AND ST DENNIS,2093
EASTDALE AND SECORD,2094
DON MILLS AND O CONNER,2095
CALEDONIA AND SUMMIT,2096
BLACK CREEK AND TRETHE,2097
PEARSON AIRPORT T3,2098
DUNDAS AND HUMBER HILL,2099
WOODBINE STATION RACETRACK LOO,2100
W AND WINDERMERE PLAZA,2101
WIN AND WINDERMERE,2102
GLENORCHY AND SUNCR,2103
DOWLING AND KING,2104
BARTOR AND CLAYSON,2105
JAMESON AND KING,2106
BROADVIEW AND CHESTER STATION,2107
PAULSON AND TRETHEWEY,2108
BAYVIEW AND POTTERY,2109
AND OLD ORCH,2110
AND DAVENPORT,2111
MORNINGSTAR AND WINDEMERE,2112
DANFORTH AND EASTWOOD,2113
TERMINAL 3 AIRPORT,2114
DANFORTH ND COXWELL STATION,2115
MURRAY RO AND SENTINEL,2116
BANBURY AND YORK MILLS,2117
KIPLING AND RONSON,2118
BAYVIEW AND YORK MILLS STATION,2119
ISLINGTON AND THE KING STATION,2120
MIDLAND AND ST CLAIR STATION,2121
BIRCHMOUNT AND MCNICOLL,2122
DAVISVILLE AND THE BRI,2123
GREENWOOD AND IVY,2124
PIONEER VILLAGE STATION,2125
BROOKBANKS AND UNDERHI,2126
BLOOR AND JARVIS,2127
SILVER STATION AND STEELES,2128
CONNOR,2129
NEW WESTMI AND STEELES,2130
GALLOWAY KINGSTON,2131
GERRARD STATION AND MUNRO,2132
HUMBERWOOD LOOP AND VI,2133
AVOCA AND PLEASANT,2134
ISLINGTON AND SHEPPARD,2135
FOUNDERS AND STEELES,2136
JANE STATION AND SHEPPARD W,2137
CALEDONIA AND LANSDOWNE,2138
CEDARWO AND YORK MILLS,2139
BIRCHMOUNT AND ST CLAIR,2140
BRIDGELAND AND CALEDONIA,2141
COTTON AND ST CLAIR,2142
HUDDLESTON,2143
BATHURST AND WELLS,2144
MACDONELL AND SEAFORTH,2145
EGLINTON AND LESLIE STATION,2146
OF T SCARBOROUGH LOO,2147
ALLANFORD AND SHEPPARD,2148
FENSIDE AND YORK MILLS STATION,2149
HORNER AND TUPPER,2150
BURNHAMTHORPE AND MILL,2151
WESTON,2152
EGLINTON AND PETMAN,2153
BLACKTHORN AND ROGERS,2154
ROSELAWN AND,2155
HWY 401 AND JANE,2156
QUEENSWAY GARAEG,2157
KIPLING AND PANORAMA,2158
BIDFORD AND WILSON,2159
DIXON AND ISLINGTON,2160
ISLINGTON AND KINGSVIE,2161
HOWARD MOSCOE WAY,2162
ELLESMERE STATION AND MARKHAM,2163
APEX AND LAWRENCE,2164
DE BOERS AND OLD TORON,2165
LESLIE AND MCNICOLL,2166
BURHAMTHORPE AND THE W,2167
EGLINTON AND RENFORTH,2168
DUFFERIN AND FITZGERAL,2169
FENEL AND GRAYDON HALL,2170
MAPLE LEAF ANF JANE STATION,2171
DUNDAS AND OLD DUNDAS STATION,2172
EGLINTON AND GLENARDEN,2173
BOULTBEE AND JONES,2174
WESTON LAWRENCE STATION,2175
BRIDGELA AND CALEDONIA,2176
WILSON STATION AND YONGE,2177
MCCOWAN AND MIDDLEFIEL,2178
MC COWNA AND STEELES,2179
MC COWNAN AND STEELES,2180
BAYLAWN AND FINCH STATION E,2181
BLOOR AND MT PLEASANT,2182
HUMBERWOOD AND VAUGHAN,2183
DOLOMITE AND DUFFERIN,2184
DYNAMIC AND PASSMORE,2185
CANNON JACKS AND KEELE,2186
CANON JACKSO AND KEELE,2187
LORD SEATON AND YONGE,2188
FOUR WINDS AND KEELE,2189
HAMBLY AND WILLIAMSON,2190
BRANDON AND LANSDOWNE,2191
EGLINTON AND JANE STATION,2192
LUPIN AND WARDEN,2193
CENTENNIAL BUS TERMINAL,2194
GREENWOOD AND QUEEN STATION,2195
REDGRAVE AND WATERBURY,2196
FRONT AND YONGE,2197
BARRINGTON AND LUMSDEN,2198
KINGSTON AND POPLAR,2199
MAIN AND SOUTHWOOD,2200
DUPONT STATION AND SYMINGTON,2201
KEELE STATION STATIO N,2202
BATHURST AND BRIDGEMAN,2203
BATHURST AND HORSHAM,2204
LANSDOWNE AND PATON,2205
ANSFORD AND FAYWOOD,2206
PORTLAN AND ROYAL YORK,2207
ELLESMERE STATION AND MORRISH,2208
BRIDLETOWN AND WARDEN,2209
ALBION AND KIPLING STATION,2210
QUEEN STATION QUAY AND RICHARD,2211
KING AND SHERBOURNE STATION,2212
DUBRAY AND WILSON,2213
KLONDIKE AND STEELES,2214
KIPLING AND W HUMBER,2215
COMMANDER AND MCCOWAN,2216
ELM AND SHERBOURNE STATION,2217
EVANS AND OURLAND,2218
SIGNOT AND STEELES,2219
STEELES AND TOWNSEND,2220
BIRCHMOUNT AND LAWRENCE,2221
STEELES AND VILLAGE GATE,2222
DOMINGTO AND ELLESMERE,2223
FINCH AND KIPLING STATION,2224
LIVINGSTON AND MARLEE,2225
CAPRI AND MALL,2226
GARFE AND MARTIN GROVE,2227
STARS SPRAY LOOP,2228
BELLAMY AND NEILSON,2229
ALBION AND CALSTOCK,2230
GOLDBERRY AND LAWRENCE,2231
MOTIMER AND PAPE,2232
DANFORTH AND VICTO,2233
MARTIN GROVE LOOP AT,2234
EGLINTON W,2235
YORK GENERAL HOS,2236
MAJOR MACK AND MARKHAM,2237
SIDNEY BELS AND WESTON,2238
HUMBER COLLEGE AND JOH,2239
CHRISTIE AND ST CLAIR STATION,2240
KENNEDY STATION BD STATION,2241
BLEECKER,2242
DOUGLAS AND GLEN,2243
JANE AND ROYAL YORK STATION,2244
CONNOR AND COXWELL STATION,2245
SPADINA AND SULLIVAN,2246
KENNEDY STATION BEFORE ELLESMERE STATION,2247
MASSIE AND SHEPPARD E,2248
LESLIE STATION AND QUEEN,2249
FINCH STATION W,2250
BAY AND EDWARD,2251
BATHURST STATION AND DUPONT,2252
ARMADALE AND BLOOR,2253
BAY AND DUNDAS STATION,2254
MEADOWVALE AND ZOO,2255
WELLESLEY STATION TO AND YONGE,2256
MCNICOLL AND MIDLAND,2257
WILSON STATION LOWER,2258
KING STATION AND RIVER,2259
GLENCAIRN STATION,2260
ALBI AND THRISTLE DOWN,2261
WELLESLEY STATION COMMUNITY CE,2262
LAWRENCE STATION HARRIS SQUARE A,2263
FREDERICK TISDALE,2264
EGLINTON AND S SER,2265
JONE AND QUEEN STATION,2266
WOOD AND YONGE,2267
ROUGEHILL GO STATION,2268
FLEET AND STRACHAN,2269
BAY AND QUEEN STATION QUAY,2270
MCGLASHAN AND YONGE,2271
HO AND YORK ACRES,2272
GRAND AND PORTLAND,2273
CONNOR AND VICTORIA,2274
MEADOWVAL AND ZOO,2275
ST CLAIR AND VICTORIA,2276
AVA AND BATHURST,2277
UNIVERISTY OF TOROTNO,2278
GREER AND LAWRENCE,2279
PAPE AND SELKIRK,2280
MILTON AND PORTLAND,2281
CRAIGTON AND VICTORIA,2282
PRECISION AND REXDALE,2283
LAW AND MOUNT PLEASANT,2284
DANFORTH AND JONES,2285
DON MILLS AND HELEN,2286
COXWELL AND PLAINS,2287
BREMMER AND SPADINA,2288
AUBURN AND DUFFERIN,2289
KINGSWAY AND ORM,2290
MCCOWAN AND PITTFIELD,2291
BROOKB AND VALLY WOODS,2292
JANE STATION AND WILLIAM CRAIG,2293
EMMETT AND JANE STATION,2294
GRENOBL AND STANBRIDGE,2295
MURRAY ROSS AND SENTINEL,2296
LAKESHOR AND PARK LAWN,2297
MARTIN GRO AND REXDALE,2298
BIRCHMOUNT AND OPPOSIT,2299
LAWRENCE AND UNDERHILL,2300
EGLINTON AND FALCON,2301
BLOOR AND DUFFERIN STATION,2302
EGLINTON,2303
BANNOCKBU AND BATHURST,2304
RIDGE AND WILSON,2305
BETTE AND MARTIN GROVE,2306
LAWRENCE STATION W STATIONB,2307
ARROW GARAGE BUS LAN,2308
BEARDMORE AND CUMMER,2309
GENERAT AND MEADOWVALE,2310
EGLINTON AND GABIAN,2311
HUDDERSFIELD AND HUMBER,2312
ST REGIS AND TUSCAN,2313
DUFFERIN AND GEARY,2314
E S AND MARKHAM,2315
KINGSTON AND RAVINE,2316
NIGHTSTAR AND WHARNSBY,2317
KINGSTON AND LAKESIDE,2318
FINCH STATION W AND SENTINEL,2319
BRIMORTON AND MCCOWAN,2320
BLACK CR AND TRETHEWEY,2321
BAKERSFIE AND SHEPPARD,2322
PARKLAWN LOOP,2323
BELSIZE AND MT PLESANT,2324
KIPLING AND STEELES LO,2325
FINCHDENE AND NEWGALE,2326
LAKESHORE AND YONGE,2327
LAWRENCE STATION E A,2328
DUND AND OLD DUNDAS,2329
CHALK FARM AND JANE,2330
ALLIANCE AND CLIFF,2331
MORNING AND MORNINGSIDE,2332
MACDONELL AND QUEEN,2333
STEELES AND VILLAGE GA,2334
HUDDLESTON CRESCENT,2335
BERNICE AND SCARLETT,2336
COSBURN AND GREENWOOD STATION,2337
BLOOR,2338
THE W MALL AND WELL,2339
KINGSTON AND MEADOWVALE,2340
MARTIN GROVE AND SILVER,2341
BURNAMTHORPE AND OLD B,2342
BLACKSTON AND LAWRENCE,2343
DRIFTWOOD,2344
PRINCESS GATE LOOP,2345
COLONEL SAMUEL SMIT,2346
BROADVIEW AND WITHROW,2347
16TH AND MCCOWAN,2348
CLARKHI AND FINCH STATION W,2349
BELLAMY AND MCCOWAN,2350
CARLAW AND DINGWALL,2351
GREENWOOD STATION AND MORTIMER,2352
D AND GERRY FITZGERALD,2353
ALMORE AND FAYWOOD,2354
ROUGE HIL GO STATION,2355
CARLAW AND LAKESHORE,2356
COLLEG AND QUEEN STATION PARK,2357
JACK LAYTON WAY AND ST,2358
SENTINEL AND STILECROF,2359
MILL AND PARLIAMENT,2360
DUFFERIN AND LANE N PE,2361
ARROW AND JANE,2362
BELLAMY AND BRAEBURN,2363
DIXON AND RIVERVIEW,2364
DEAUVILLE AND ST DENNI,2365
WILLIAMSON AND WINEVA,2366
EGLINTON AND SLOAN,2367
BARRINGTON AND SECORD,2368
CANLISH AND LAWRENCE STATION,2369
QUEEN STATION PLA AND REXDALE,2370
STEELES LOOP ON YONGE,2371
BLOOR AND PARKSIDE,2372
HARBORD AND ST GEORGE STATION,2373
BYNG AND DANFORTH,2374
EGLINTON AND SPADINA STATION,2375
401 AND JANE,2376
LITTLE AND SEWELLS,2377
BUSBY AND MCCOWAN STATION,2378
HIGHLAND CREEK TRAIL,2379
OVERLEA AND THRONCLIFF,2380
KEELE AND ST CLAIR STATION,2381
GLENCAIRN STATION AND LANSDOWNE,2382
CONSUMERS AND SHEPPARD,2383
PARLIAMENT AND WINCHES,2384
KING STATION AND SHAW,2385
GLENCAIRN AND LANSDOWN,2386
VICTORIA PARK STATION LOOP,2387
KENNEDY STATION AND WARDEN,2388
OSSINGTON AND PENDRITH,2389
CENTRAL AND ISLINGTON,2390
PARKWOO AND YORK MILLS,2391
JOHN DRUR AND SHEPPARD,2392
BIRCHMOUNT AND ELLESMERE,2393
HALLAM AND OSSINGTON,2394
MCDONELL AND QUEEN STATION,2395
BERTRAND AND WARDEN,2396
ARDMORE AND BATHURST,2397
GLENFOREST AND YONGE,2398
LANSDOWNE AND LAPPIN,2399
GERRARD STATION AND MAIN,2400
HILL GARD AND SCARLETT,2401
GREENWIN VILLAGE AND V,2402
RENFORTH STATION AND SILVER DART,2403
BRIMLEY AND PROGRESS,2404
DUFFERIN AND SYLVAN,2405
HWY 40 AND MARKHAM,2406
IRONSIDE AND MCNICOLL,2407
JANE AND LAMBTON,2408
DALE AND KINGSTON,2409
ATWELL AND DISCO,2410
CARLAW AND RIVERDALE,2411
ISLAND AND PORT UNION STATION,2412
BATHURST AND DANBY,2413
GALLOWAY AND LAWRENCE,2414
ALTON AND QUEEN,2415
FINCH AND TALBOT,2416
BIRCHMOUNT AND HUNTING,2417
EGLINTON AND GLIDER,2418
EASTDALE AND LUMSDEN,2419
DUFFERIN AND HALLAM,2420
BERLELEY AMD FRONT,2421
EGLINTON AND WESTOVER,2422
PHARMACY AND ST CLAIR STATION,2423
HUMBERLINE AND PETER KAIS,2424
AUDLY AND NEW CASTLE,2425
LAWRENCE AND UNDERWRIT,2426
MEIG AND VICTORIA PARK,2427
NESS AND YORK MILLS STATION,2428
DORMINGT AND ELLESMERE,2429
CASTFLE FRANK STATION,2430
ASHLEY AND ROYAL YORK,2431
FINCH STATION AND STEELES,2432
DUNDAS AND HWY 427 RAMP,2433
HWY AND ROYALCREST,2434
KELLE AND ST CLAIR STATION,2435
BRENTCL AND VANDERHOOF,2436
RATHBURN AND W MALL,2437
GREENCREST AND MARKHAM,2438
BATHURST AND HILLHURST,2439
EGLINTON AND WYNFORD,2440
DANFORTH AND DONLANDS STATION,2441
EGLINTON W AND WESTON,2442
MO AND WESTWOOD SQUARE,2443
MCNICOLL AND MIDLAND STATION,2444
ISLINGTON AND WARDLAW,2445
FINCH STATION W AND YONGE,2446
BRIMLEY AND HEATHER,2447
BURMINGHAM AND KIPLING,2448
DANFORTH AND PAPE STATION,2449
ELMHURST AND SENLAC,2450
MIDLAND AND STANSBURY,2451
MIDLAND AND MIDWEST,2452
HUDDLESTON CT,2453
OAKWOOD EGLINTON TO,2454
DOVERCOURT AND DUPONT STATION,2455
ELLESMERE AND NEILSON,2456
F AND SHEPPARD,2457
FNCH AND WARDEN,2458
VICTORIA PARK AND YORK,2459
KIPLING AND N QUEE,2460
OVERLEA MILLWOOD TO,2461
INDUST AND TODD BAYLIS,2462
MILLWOOD OVERLEA DO,2463
MIMICO AND ROYAL YORK,2464
CONLINS AND ELLESMERE,2465
SENECA COLLEGE STATION LOOP,2466
MORNINGV AND OLD FINCH,2467
KEELESDALE AND OAKWOOD,2468
ELLESMERE AND WARDEN STATION,2469
KENNEDY STATION AND PASSMORE,2470
BAY STATION,2471
MARTIN GROOVE AND RACI,2472
FINCH AND WARDEN STATION,2473
EGLINTON W AND ENNE,2474
COULTER AND WESTON,2475
HWY AND HWY 27,2476
VERSAIL AND YORK MILLS,2477
LAWRENCE AND RENFORTH STATION,2478
KEANE AND MALL,2479
BARRINGT AND DONCASTER,2480
QUEEN STATION AND WOODBINE,2481
FELBRIG AND YONGE,2482
ISLINGTON STATION ANF FINCH STATION,2483
JESMOND AV AND VAUGHAN,2484
KEELE AND THE POND,2485
CULFORD AND HARROW,2486
BIRCHMOUNT,2487
BAUDINA AND HIGHVIEW,2488
CHERRY AND COMMISSIONE,2489
JONES AND QUEEN STATION,2490
SILVERD AND YORK MILLS,2491
REXLEIGH AND ST CLAIR STATION,2492
FOUN AND IAN MACDONALD,2493
GREENSBORO AND KIPLING,2494
BLOSSOMFI AND LAWRENCE,2495
MILTON AND QUEENSWAY,2496
DANFORTH AND WOODINGTO,2497
GREENTRE AND TRETHEWEY,2498
DUFFERIN AND YORK UNIV,2499
MALL AND RATHBURN,2500
MIDLAND STATION AND PROGRESS,2501
BURHAMTHOR AND KIPLING,2502
DAVIES AND QUEEN,2503
FELSTEAD AND GREENWOOD,2504
ROYA AND THE QUEENSWAY,2505
ST AND VICTORIA PARK,2506
BIRMINGH AND ISLINGTON,2507
CHERRY AND POLSON,2508
DOCKSIDE AND KNAPP,2509
KELLYVALE AND PHARMACY,2510
COXWELL AND FAIRFORD,2511
ROUTE,2512
ETO AND HUMBER COLLEGE,2513
HEATH AND YONGE,2514
KEELE AND WHITBURN,2515
HACKBERRY AND WOODBINE STATION,2516
FINC AND MARTIN GROOVE,2517
DUFFERIN AND THORNBURN,2518
BATHURST AND HOTSPUR,2519
DUNDAS STATION AND HUMBER HILL,2520
DUFFERIN AND ORFUS,2521
MAPELWOOD AND VAUGHN,2522
ACORN AND DUNDAS,2523
MARTINGR AND RICHGROVE,2524
EGLINTON AND MT PLEASENT,2525
LAWRENCE STATION ANED JANE STATION,2526
H AND WOODBINE STATION HEIGHTS,2527
OVERLEA AND THRONECLIF,2528
FINCH AND JOHN GARLAND,2529
DON MILL STATION,2530
SETTLERS AND SHEPPARD,2531
SCARBOROUGH CENTRE STAT,2532
LAWRENCE AND PARK LANE,2533
ST CLAIR AND WYCHWOOD,2534
ISLINGTON AND THE W,2535
DUNDAS STATION AND MABELLE,2536
BROADVIEW AND ERINDALE,2537
DON MILLS AND THE DONW,2538
OSSINGTON AND QUEEN STATION,2539
MAINSHEP AND WESTON,2540
EGLINTON STATION WEST,2541
PEAR AND VICTORIA PARK,2542
COLLEGE STATION AND LANSDOWNE,2543
DON MILLS AND MC NICOL,2544
KING STATION AND SHERBOURNE,2545
BETWEEN KINGSTON AND D,2546
COXWELL AND WOODROW,2547
TRENTON AND WOODBINE,2548
LAWSON AND MEADOWVALE,2549
BIRCHMOUNT AND SILVER,2550
HILTZ AND QUEEN,2551
BRIMLEY AND HUNTINGWOOD,2552
MCNICOLL AND SHADY HOL,2553
JAMES AND PARLIAMENT,2554
GLEN BELLE CRESCENT,2555
DUFFERIN AND WHITMORE,2556
AND GLEN R,2557
KINGSTON AND PINE,2558
GLE AND MOUNT PLEASANT,2559
FINCH STATION AND SENLAC,2560
CARLAW AND GERRARD,2561
WOODBINE STATION LOOP,2562
QUEENSWAY AND RONCY,2563
OSSINGTON STATION ROUTE,2564
DON MILLS STATION ROUTE,2565
FINCH STATION EXPRESS ROUT,2566
PAPE STATION ROUTE,2567
LAWRENCE STATION E EXPR,2568
LEASIDE ROUTE,2569
DAWES ROUTE,2570
YORK MILLS STATION ROUTE,2571
EGLINTON W ROUTE,2572
GLENDORA AND YONGE,2573
GUNNS AND KEELE,2574
KENNEDY STATION TOR,2575
BROCKLEY AND LAWRENCE,2576
DOWNVIEW PARK AND KEEL,2577
SPADINA AND THELMA,2578
ELLESMERE STATION AAND MARKHAM,2579
PHARMACY AND SUNDRIDG,2580
CAVENDIS AND SOUTHWOOD,2581
JONES AND QUEEN,2582
DON MILLS AND KERN,2583
ISLINGTON STATION AND QUEENSWAY,2584
DUNCANWOODS AND FINCH,2585
BILLY BIS AND DUFFERIN,2586
HILLCREST AND YONGE,2587
TORONTO ZOO LOOP,2588
COLONIAL SAMUEL SMITH,2589
ARROW ROAD AND SHEPPARD,2590
CITY VIEW AND DIXON,2591
GLENDALE AND KEELE,2592
DUNDAS AND W MALL,2593
BIRCHMOUNT AND BONNIEW,2594
LAURENTIDE AND THREE V,2595
QUEEN STATION QUA AND SPADINA,2596
RI AND WILLIAM R ALLEN,2597
MT PLEASANT AND TEDDIN,2598
BATHURST AND DELAWARE,2599
BAGOT AND VARNA,2600
GERRY FITZGERALD AND S,2601
EGLINTON AND EMMERDALE,2602
MARKHAM AND ST CLAIR,2603
PHARMACY AND TEESDALE,2604
KENWOOD AND VAUGHAN,2605
CENTENNIAL COLLEGE STATION P,2606
ANTRIM AND KENNEDY,2607
PHARMACY AND ST CLAIR,2608
COMMISSIONER AND LESLIE STATION,2609
KING STATION,2610
HIGH AND RONCESVALLES,2611
DONLANDS AND ELMSDALE,2612
DUFFERIN AND RANEE,2613
OLD YOR AND YORK MILLS,2614
AIRPORT AND JETIINER,2615
COXW AND UPPER GERRARD,2616
MORNINGVIEW AND RANGEL,2617
COXWELL AND EASTWOOD,2618
DUFFERIN AND LAPPIN,2619
DOVERCOURT AND HALLAM,2620
JANE STATION AND STEELES,2621
MANTIS AND STAINES,2622
EGLINTON AND KIPLING STATION,2623
CHESTWOOD AND STEEPROC,2624
DANFORTH AND RHODES,2625
COXWELL AND GERRARD STATION,2626
OLD W AND ST CLAIR,2627
DUFFERIN AND ROSELAWN,2628
HUMBER RIVE AND WILSON,2629
LESLIE STATION BEWTEEN STONEDA,2630
COSBURN AND DONLANDS STATION,2631
SYMINGTON ROUTE,2632
DUFFERIN STATION ROUTE,2633
BRUNELL AND MARTIN GROVE,2634
FORT YOR AND LAKESHORE,2635
MARLEE,2636
BONIS AND KENNEDY,2637
PLEWES,2638
CORPORATE AND LEE CENT,2639
PETER KAISER GATE,2640
KEELE STATION AND ST REGIS,2641
ISLINGTON AND LAKE SHO,2642
HUMBERWOOD,2643
DON VALLE AND EGLINTON,2644
HIGHLAND CREEK AND KIN,2645
RUNNYMEDE STATION AND ST CLAIR,2646
DUNDAS STATION AND EDNA,2647
HORNER AND KIPLING STATION,2648
HAINFORD AND MANSE,2649
AMEER AND RANEE,2650
RAJAH AND RANEE,2651
COLLEGE STATION AND DUNDAS,2652
FINCH AND HALESIA,2653
FINCH AND WOODBINE STATION DOW,2654
EGLINTON AND TIMES,2655
DUFFERIN STATION AND DUNDAS,2656
BEECHWOOD AND CONNOR,2657
BLOOR W,2658
LAWRENCE AND THE DON W,2659
GLOUCESTER AND OAKWOOD,2660
JESMOND AND VAUGHAN,2661
JESMOND AND VAUHGHAN,2662
BRAIN AND VAN HORNE,2663
CARLUKE AND FIFESHIRE,2664
401 RA AND MORNINGSIDE,2665
FRONT AND SPADINA,2666
GERRARD STATION AND GREENWOOD,2667
INVERGORDO AND MCCOWAN,2668
LIBERTY AND STACHAN,2669
DON MILLS AND,2670
CALED AND CASTLE FIELD,2671
GLENFIELD AND ST CLAIR,2672
CARLAW AND LAKE SHORE,2673
BISC AND VICTORIA PARK,2674
BOUC AND COMMISSIONERS,2675
QUEEN AND SHERBOURNE STATION,2676
JOHN GARLAND AND MARTI,2677
LANSDOWNE AND WALLACE,2678
BEDFORD AND PEARSON,2679
BROOKBAN AND PARKWOODS,2680
KENDAL AND SPADINA,2681
MILL AND TRINITY,2682
BROADBENT AND MIDLAND,2683
RENFORTH STATION METROLINX STATION,2684
BAY STATION AND HARBOUR,2685
FINCH STATION AND KIPLING,2686
EARLS LOOP,2687
REDLEA CUL DE SAC,2688
DON MILLS AND STEELES,2689
ANGLESEY AND THE KINGS,2690
WEDGEWOOD AND YONGE,2691
DANFORTH AND ROSEHEATH,2692
BATHURST STATION AND BLOOR,2693
HILLMOUNT AND MARLEE,2694
ESTHER SHINER AND OLD,2695
QUEEN AND WHITE SQUIRR,2696
EMMET AND VERONA,2697
WINEVA,2698
DUNDAS AND ROYAL YORK STATION,2699
BAIN AND BROADVIEW,2700
BRACEBRID AND WOODBINE,2701
DON MILLS AND MCNICOLL,2702
KENGATE AND SEWELLS,2703
ELMHURST AND GENTHORN,2704
ST CLAIR AND WOODROW B,2705
STEELES AND TAPSCOTT,2706
BATHURST AND VESTA,2707
MAGELLAN AND SHEPPARD,2708
BAY AND YORKVILLE,2709
SWEENEY AND VICTORIA P,2710
ADVANCE AND ISLINGTON,2711
CEDRIC AND VAUGHAN,2712
CHISHOLM AND ORLEY,2713
INWOOD AND MORTIMER,2714
FREDRICK TISDALE AND L,2715
ZENITH,2716
PHARMACY AND SURREY,2717
PRINCE S GATE LOOP,2718
SHO AND SHOREHAM,2719
DOVERCOURT AND SHANLEY,2720
GRANDRAVINE AND KEELE,2721
CHRISTIE AND DAVENPORT,2722
BETWEEN 401 AND MA,2723
DUNDAS AND REGENT PARK,2724
CANARCTIC AND PETROLIA,2725
PRINCES GATE LOOP,2726
GUNNS AND WESTON,2727
LAKESHORE AND WINNER S,2728
CHURCH AND JANE,2729
VICTOAI PARK STATION,2730
CROSLAND D AND REDDINS,2731
HAROLD EVANS AND TEMPO,2732
BELFIELD AND BROCKPORT,2733
FINCH AND RUMFEILD,2734
ELM AND UNIVERSITY,2735
PINCES GATES,2736
COLLINGSG AND KINGSTON,2737
MOORE AND YONGE,2738
LOWER JARVIS AND THE E,2739
ANNETTE AND KEELE STATION,2740
MARIN GROVE AND ROYALC,2741
PHARMACY AND VERNON,2742
EASTERN,2743
GERRARD STATION,2744
KEELE AND W,2745
COLONEL AND LAKESHORE,2746
EGLINTON AND HILLTOP,2747
JANE AND PRITCHARD,2748
KINGSTON AND SCAR GOLF,2749
EGLINTON AND FLANDERS,2750
COXWELL STATION ADN COSBURN,2751
BIRCHMOUNT AND ELLESMERE STATION,2752
EGLINTON AND MONTCALM,2753
CALEDONIA AND ST CLAIR,2754
CONEY AND ROYAL YORK,2755
LAKESHORE B AND MIMICO,2756
ELINOR AND LAWRENCE,2757
OASIS AND SEASONS,2758
BARKDENE H AND BRIMLEY,2759
BAMBLETTE AND WARDEN,2760
HIGHWAY27 AND QUEEN STATION P,2761
COXWELL AND ROBINS,2762
MCCOWAN STATION AND MCNICOLL,2763
CENNTENIAL COLLEGE STATION,2764
KEELE AND TORO,2765
ASQUITH AND WESTON,2766
MOUNT DENNIS,2767
MIDLAND AND PROGRESS,2768
QUEEN STATION S QUAY AND YONGE,2769
DON M AND DUNCAN MILLS,2770
MASSIE AND SHEPPARD,2771
BELLEFIELD AND MARTIN,2772
CELT AND DUFFERIN,2773
STEELES AND WOODBINE STATION,2774
SCARBOROUGH TOWNE CENT,2775
EVANS ANBD N CARSON,2776
ANTIBES AND BATHURST STATION,2777
MARTIN G AND RICHGROVE,2778
AMBLESID AND ISLINGTON,2779
STEELES LOOP VICTORIA,2780
SHEPPARD SHORT,2781
BROADVIEW STATION DON M,2782
LUMSDEN AND MAIN,2783
DUNDAS AND JARVIS,2784
BLOOR ISLINGTON STATION,2785
FALLINGBROOK AND WINDS,2786
CALEDONIA AND PLAYFI,2787
YONGE ATHABASKA M,2788
BATHURST AND NEPTUNE,2789
GERRARD STATION AND PARLIAMENT,2790
MORNINGSIDE AND TAMS,2791
RUNNYMEDE AND ST JOHNS,2792
ST CLAIR AND VAUGHAN,2793
ROYAL YORK AND STRATH,2794
BATHURST STATION AND CLARK,2795
ELLESMERE AND GANDER,2796
BLOOR AND MONTGOMERY,2797
GRACE AND HARBORD,2798
BATHURST STATION AND HARBORD,2799
OSSINGTON STATION AND SHERBOURNE,2800
LEEDS AND OSSINGTON,2801
BRIDGELAND AND DUFFERIN STATION,2802
LIFE AND WELLNESS WAY,2803
FORTUNE AND LAWRENCE,2804
CHIPPING AND DON MILLS,2805
VAUGHAN AND WINONA,2806
BLOOR AND SYMINGTON,2807
COSBURN AND DURANT,2808
LAWRENCE AND UNDER HIL,2809
AND FAIRLAWN,2810
QUEENSWAY AND WINDMERE,2811
DOVERCOURT AND DUPONT,2812
BLOOR AND JANE STATION,2813
PROGRESS AND SHEPPARD E,2814
KILDONAN AND KINGSTON,2815
DUNDAS AND MUNRO,2816
BIRCHMOUNT AND CASS,2817
MANITOBA AND NOVA SCOT,2818
MORTIMER AND PAPE,2819
HER AND SHEPPARD E,2820
MARKHAM AND VERNE,2821
BOGERT YO AND YONGE,2822
CONCORDE PLACE,2823
BLOOR AND CHRISTIE,2824
DRIFT AND GRAND RAVINE,2825
GERRARD AND MALVERN,2826
DANFORTH AND PHARMACY,2827
GEORGE APPLE AND KEELE,2828
NEW GATE AND TAPSCOTT,2829
CHURCH AND UPHILL,2830
SCARBOROUGH CENTER,2831
MORNINGSTAR AND NIGHTS,2832
NEILSON AND NEILSON PA,2833
PHARMACY AND RANNOCK,2834
HEATHROW AND JANE STATION,2835
COMMISSIONERS AND LESL,2836
CUMMER AND WILLOWDALE,2837
CUMMER AND LESLIE STATION,2838
THORNBECK,2839
ELL AND MILITARY TRAIL,2840
NASSAU AND SPADINA,2841
CENTENNIAL AND LAWSON,2842
ONTARIO AND WELLESLEY,2843
MILITARY TRAIL AND PAN,2844
LAKE AND LOWER JARVIS,2845
DAWES AND GOODWOOD PAR,2846
HAGERSVILL AND RANGOON,2847
EGLINTON E,2848
FINCH AND PAGE,2849
HART HOUSE CIRCLE,2850
CAVELL AND ROYAL YORK,2851
OLD FOREST AND SPADINA,2852
LAWRENCE AND PIMLICO,2853
EGLINTON AND FALSMOUTH,2854
BAYVIEW AND BYLTHWOOD,2855
OVERLEA AND THRONCLIFFE,2856
HUPFIELD AND MCLEVIN,2857
GLA AND MILITARY TRAIL,2858
BRENYON AND WICKSTON T,2859
HUMBERWOOD AND WESTON,2860
BATHURST AND MASCOT,2861
GEN AND MORNINGVIEW TR,2862
MORNINGSIDE,2863
COMMISISIONERS STRE,2864
ISLINGTON AND ST ANDRE,2865
BATHURST AND CODSELL A,2866
BROAD AND ERINDALE,2867
QUEEN STATION AND UNIVERSITY,2868
BELLFIELD AND KIPLING,2869
FINCH AND RAVEL,2870
GERRARD STATION AND ST MATTHEWS,2871
LAWRENCE STATION AND STAWRSPRAY,2872
JARVIS AND YONGE,2873
AND LYTTON,2874
OLD ENGLIS AND STEELES,2875
DAVENPORT AND SPADINA,2876
DAVENPORT AND DUFFERIN STATION,2877
CONVAI AND SILVER DART,2878
SEELEY AND SHEPPARD,2879
SHEPPARD STATION PI,2880
DON MILLS AND DUNCAN M,2881
MORNING GR AND STEELES,2882
DAVENPORT AND DOVERCOU,2883
EASTERN AND LESLIE,2884
CENTENNIA AND PROGRESS,2885
DUPONT AND SPADINA STATION,2886
DON M AND GRAYDON HALL,2887
CUMMER AND FLEMING,2888
UPPER HIGHLAND AND YOR,2889
CHAPLIN AND DUNCANNON,2890
CHAPLIN AND EGLINTON,2891
LAWRENCE STATION AND MT PLEASANT,2892
LAWRENCE AND MC MCCOWAN STATION,2893
LAIRD AND MILLWOOD,2894
NORTHWOOD AND SHEPPARD,2895
MIDLAND AND WILKIE,2896
WESTON AND WRITE,2897
LAVINI AND MORNINGSIDE,2898
FINCH AND TRUDY,2899
BRENTCLIF AND EGLINTON,2900
BEL AND MOUNT PLEASANT,2901
CLANSMAN AND MCNICOLL,2902
O CO AND VICTORIA PARK,2903
MEADOW OAK AND OAK,2904
BRIDLEPATH AND LAWRENCE STATION,2905
BAMFORD AND HALLMAR,2906
EGLINTON AND KANE,2907
MORNINGSIDE AND WINDER,2908
DON AND EGLINTON,2909
CENTENARY HOSIPTAL LOO,2910
BIRCHMOUNT AND COMSTOC,2911
QUEEN STATION E,2912
CASSANDRA AND UNDERHIL,2913
LAIRD AND MCRAE,2914
GRENOBLE,2915
GORD AND VICTORIA PARK,2916
ERINDALE,2917
BAYVIEW AND LAWRENCE STATION,2918
GREENLAND AND LAWRENCE,2919
HWY 40 AND MCCOWAN,2920
EGLINTON AND PLEASANT,2921
BURNAMTHORPE AND DUNDAS STATION,2922
EVANS AND WICKMAN,2923
SHEPPARD AND WILLOWDALE,2924
BOURDON AND MAPLE LEAF,2925
BATHURST AND BLUE FLAG,2926
BREYON WAY AND SEWELLS,2927
BANFF AND EGLINTON,2928
QUEEN AND THE QU,2929
CACTUS AND DREWRY,2930
HORNER AND KIPLING,2931
ELMHURST AND HAREFIELD,2932
TERMINAL 3 PEARSON INT,2933
MARTIN GROVE LOOP AND S,2934
GIBB AND THE E MALL,2935
TORONTO PEARSON AIRPORT,2936
CHURCH AND PELMO,2937
BATHURST STATION AND FLEET,2938
HOWARDS MOSCOE WAY OU,2939
MILTARY TR AND NEILSON,2940
DAVENPORT AND LANSDOWN,2941
BROWNS LINE AND WOODBU,2942
THORNCLIFFE PARK,2943
INGRAM AND SHEFFIELD,2944
CARLAW AND MORTIMER,2945
LAKE SHORE,2946
COLONEL SAMUEL SMIH PA,2947
KINGSTON AND WHITECAP,2948
EGLINTON AND RUMSEY,2949
BE AND NEW WESTMINSTER,2950
GERTRUDE AND PAPE,2951
EGLINTON AND HENNING,2952
LEAHURST AND PHARMACY,2953
KEELE STATION BUS PLAT,2954
YORK REGIONAL ROAD,2955
COXWELL AND QUEEN STATION,2956
RUNNYMEDE STATION BUS PLATFORM,2957
FOLKES AND JANE,2958
MUSG AND VICTORIA PARK,2959
MIDLAND STATION AND ST CLAIR,2960
BAYVIEW AND FIFE,2961
GO TE AND YORKDALE,2962
CONCORD PLACE AND WYNF,2963
FINCH STATION W STATIOB,2964
DUNDAS AND PACIFIC,2965
GEOFFREY AND PARKSIDE,2966
ESQU AND VICTORIA PARK,2967
BANTING AND SHEPPARD,2968
CHAPLIN AND ROSELAWN,2969
ERNEST AND SYMINGTON,2970
FINCH AND SANDHURST CI,2971
BROADWAY AND YONGE,2972
BOOTH AND EASTERN,2973
PAPE AND RIVERDALE,2974
DANFORTH AND GLENSHEPH,2975
HWY 401 AND HWY 427,2976
PRINCES AND STRACHAN,2977
GILTSPUR AND JANE STATION,2978
ECOPARK AND SHEPPARD,2979
BERWICK AND EGLINTON,2980
DIXON,2981
LAWRENCE STATION AND SCARLETT,2982
KINGSTON R AND MCCOWAN,2983
DUNDAS AND SUBWAY CRES,2984
CORPORATE AND MCCOWAN,2985
DANFORTH AND MACK,2986
NW GATE AND STEELES,2987
BROWNSLINE AND SHELDON,2988
DUNCANNON AND EGLINTON,2989
DUFFERIN AND MCADAM,2990
CHERRY AND FRONT,2991
BAY STATION AND WELLESLEY,2992
DANFORTH AND HOLLYHEDG,2993
SAULTER,2994
GATEWAY AND GRENOBLE,2995
KNOB AND WESTON,2996
MARTIN GROVE,2997
BERRY AND PRINCE ED,2998
BELSIZE AND YONGE,2999
BARRYMORE AND DANFORTH,3000
GREENWIN VILLAGE,3001
COLLEGE STATION AND YONGE,3002
ARBORETUM AND POND,3003
AMAZON CENTER,3004
ALLEN AND FAYWOOD,3005
INNI AND VICTORIA PARK,3006
PARK LANE AND STAINES,3007
CHAPLIN AND SPADINA STATION,3008
ANGLESEY AND ROYAL YOR,3009
CURITY AND O CONNOR,3010
CARLAW AND LANGLEY,3011
PAPE STATION AND RIVERDALE,3012
BATHURST AND KING STATION,3013
INNISDALE AND PHARMACY,3014
CROMWALL AND KINGSTON,3015
BAY AND DAVENPORT,3016
BISCAYNE AND PHARMACY,3017
MCCOWAN AND TOWN CENTR,3018
HWY 401 AND MCCOWAN,3019
BAY STATION AND YORKVILLE,3020
BROOKMERE AND KIPLING STATION,3021
FENSIDE AND SLIDELL,3022
ELLESMERE AND OAKLEY,3023
AIRPORT LOOP ALBION,3024
YONGE ANDE WILLIAM CAR,3025
CARDELL AND WESTON,3026
BATHURST AND BAYCRST,3027
KIPLING STATION LOOP,3028
JAMES PARK SQUARE,3029
TRETHEWEY,3030
BRIMLEY AND MCNICOLL,3031
BLACK CREEK,3032
FINCH AND MARTIN GROOV,3033
ELLESMERE AND MORNINGSIDE,3034
DAVISVILLE AND MOUNT P,3035
AMEER AND BAYCREST,3036
GLENGROVE AND YONGE,3037
HWY 427 AND RATHBURN,3038
BATHURST AND VAUGHAN,3039
BRUCEWOOD AND LAWRENCE,3040
CANNIFF AND STRACHAN,3041
BRIDLETOWN CIRCLE,3042
EGLINTON AND LAWRENCE,3043
HABITANT AND WESTON,3044
WALSH,3045
BIRCHMOUNT AND RANSTON,3046
CONNOR AND SANDRA,3047
401 AND KENNEDY,3048
KEELE AND ST CLAIR STATION WEST STATION,3049
ISLINGTON AND VANHILL,3050
QUEEN AND QUEEN STATION,3051
DAVENPORT AND LAUGHTON,3052
MIDLAND AND MILLBRIDGE,3053
KINGSTON AND MANSE,3054
GUILDW AND MORNINGSIDE,3055
GLEN AND MAPLE,3056
QUEEN STATION ST W,3057
FINCH AND YORKGATE,3058
BLOOR AND KEELE,3059
GOREWA AND MORNINGSTAR,3060
MOORE PARK AND YONGE,3061
ISLINGTON STATION AND REXDALE,3062
MARTIN GROVE AND NOTTI,3063
THE AND THE QUEENSWAY,3064
CRAWFORD AND HARBORD,3065
E AND HUMBER COLLEGE,3066
GLENORCHY AND SUNCREST,3067
VICTORIA PARK STATION STAION,3068
WELSH AND WILSON,3069
COSBURN AND WOODMOUNT,3070
KINGSTON LOOP,3071
CENNTENNIAL COLLEGE STATION,3072
DON M AND FRESH MEADOW,3073
DONLANDS STATION AND MORTIMER,3074
WILLIAM ALLEN ROAD,3075
ELLESMERE STATION AND MEADOWVALE,3076
MARSH AND ST CLAIR,3077
MARKLAND,3078
MORNINGSIDE AND NIGHST,3079
DUFFERIN AND WINGOLD,3080
CAPR AND THE E MALL,3081
DENTON AND ST DUNSTAN,3082
DOVERCOURT AND NORTHHU,3083
VAUGHAN,3084
BABY P AND JANE,3085
EGLINTON W AND JANE STATION,3086
QUEEN STATION AND WINEVA,3087
ELM AND SHERBOURNE,3088
ACACIA AND DAVISVILLE,3089
ANNETTE AND RUNNYMEDE STATION,3090
INGLESIDE AND WILSON,3091
SCARLETT AND SHEPPARD,3092
COLLINGWOO AND KENNEDY,3093
BAY AND CUMBERLAND,3094
KEELE AND ROGERS,3095
JUNCTION R AND KEEL,3096
DUNCAN,3097
RICHMOND WEST,3098
BLOOR AND KEELE STATION,3099
SHERWOOD AND YONGE,3100
ELM AND GLEN,3101
MARTIN AND STEELES LOOP,3102
BROOKHAV AND TRETHEWEY,3103
BROADVIEW AND HILLSIDE,3104
FUTURA AND GRANDRAVINE,3105
OAKLAND AND WILSON,3106
FENSIDE AND YORK MILLS,3107
TOWNSEND,3108
WALSH AND WILSON STATION,3109
SHERWAY D AND WESTMALL,3110
BERRYMAN AND DAVENPORT,3111
DIXON AND HWY 27,3112
ATTWELL AND DIXON,3113
NEPTUNE AND RAJAH,3114
AIRPORT AND BRESLER,3115
LEEMILL AND YORK MILLS,3116
HUMBER COLLEGE STATION TERMINAL,3117
CINEMA AND MORNINGSIDE,3118
ROYAL YORK AND YORK VI,3119
GREEN BUSH AND HILDA,3120
ALBION AND GOLFDOWN,3121
EGLINTON AND ELMSTHORP,3122
EVANS AND SHERWAY,3123
PARKLAWN,3124
FENELON,3125
GERRARD AND OSBORNE,3126
HWY 27 AND STEELES,3127
BATHURST STATION AND DREWRY,3128
DIXON AND ISLINGTON STATION,3129
GIHON SPRI AND STEELES,3130
BRIDGEPOR AND LAWRENCE,3131
EGLINTON AND GILDER,3132
RED LEA CUL DE SAC,3133
SIGNAL HILL,3134
AIRPORT R AND JETLINER,3135
MORNINGSIDE AND TEFFT,3136
HUNTINGWOOD AND WARDEN STATION,3137
BL AND JACK LAYTON WAY,3138
LAWRENCE AND MANSE,3139
ONTA AND PRINCESS,3140
LIBERTY VILLAGE,3141
CONLINS AND ELLESMERE STATION,3142
ELLESMERE AND MEADVALE,3143
FINCH STATION AND PHARMACY,3144
ELLESMERE STATION AND WARDEN,3145
SHERWAY GARDENS LOOP,3146
DELAHAYE,3147
BURLINGTON AND OAKWOOD,3148
MCLEVIN AND SEWELLS,3149
CALEDONIA AND ROGERS,3150
KENNEDY AND MILLIKEN,3151
CALEDONIA AND TYCOS,3152
BEECHGROV AND KINGSTON,3153
AND GLENN,3154
CARLINGVIEW AND RENFORTH STATION,3155
ROUGH HILL GO STATION,3156
FENELON AND UNDERPASS,3157
BELSI AND MT PLEASANT,3158
ELLESMERE AND HELICON,3159
THE QUEEN STATION QUAY E A,3160
MARKHAM,3161
400 AND FINCH STATION W,3162
CREDIT UN AND EGLINTON,3163
CALVERLE AND ELLESMERE,3164
MARINE PARADE AND SILV,3165
MANOR AND YONGE,3166
DANCY AND KENNEDY,3167
KANE AND OLD WESTON,3168
COLONEL SAMUEL SMITH L,3169
DUPONT STATION AND STEELES,3170
PEARSON AND YONGE,3171
QUEENSWAY AND SMITH CR,3172
EGLINTON AND FOREST HI,3173
WILSON AND WINSTON PAR,3174
JONES BETWEEN GERRARD STATION,3175
STEELES LOOP SIGNAL,3176
BATHURST AND DEWBORNE,3177
OVERLEA AND THORNECLIFFE,3178
ADELAIDE AND SHERBOURNE STATION,3179
DUNDAS AND E MALL C,3180
ISLINGTON AND SANHILL,3181
BULLOCK AND MCCOWAN,3182
KINGSTON AND MANDER,3183
DUFFERIN AND SAMOR,3184
DUNDAS AND THE E MA,3185
PROGRESS,3186
FOURTEEN AND LAKESHORE,3187
KENNEDY STATION SATION,3188
BROA AND BROOKLAWN,3189
DIXON AND MCMANUS,3190
DOVEHOUSE AND KEELE,3191
BINGLEY AND OLD FINCH,3192
BROWNS LINE AND HORNER,3193
MIDLAND STATION AND PARK,3194
CHELSEA AND DUNDAS,3195
MEADOWVALE LOOP MEAD,3196
ELLESMERE STATION AND PHARMACY,3197
VALLEY WOODS AND YORK,3198
SPADINA STATION AND ST CLAIR,3199
BLOOR AND,3200
CARLINGVIEW AND FASKIN,3201
COMMONS AND SHEPPARD,3202
DUNDAS AND ST JOHN,3203
BARBADOS AND EGLINTON,3204
ATHOL AND ISLINGTON,3205
CASLTEFRANK STATION,3206
ALLEN AND LAWRENCE,3207
BRIMLEY AND GROVELEAF,3208
CRAIGMONT AND CUMMER,3209
HERON AND ST CLAIR,3210
DUFFERIN AND MELBOURNE,3211
ETOBI AND MARTIN GROVE,3212
BELLAMY AND BENLEIGH,3213
DUVAL AND LAWRENCE,3214
DUFFERIN AND JANE STATION OSLE,3215
SAMUEL SMITH LOOP,3216
DEERFOOT AND ISLINGTON,3217
PRESLEY AND ST CLAIR,3218
PATRICIA AND YONGE,3219
COMMISSION AND SAULTER,3220
ISABELLA AND WELLESLEY,3221
CORVETTE AND KENNEDY,3222
BRIMLEY AND CHARTLEY,3223
MARKHAM AND SELECT,3224
LAW AND STARSPRAY LOOP,3225
BEVERLY HIL AND WILSON,3226
DAVENPORT AND OSLER,3227
MURRAY RO AND SHOREHAM,3228
TURNBERRY AND YONGE,3229
DIXON AND KIPLING,3230
OAKWOOD,3231
DON MILLS AND VAN HORN,3232
MAIN STEEET STATION,3233
ELLESMERE STATION AND MCCOWAN,3234
BRIMHORTON AND MCCOWAN,3235
LAKESHORE WEST,3236
DENNIS AND WESTON,3237
SILVER STAR AND STEELES,3238
WENDELL AND WILSON,3239
MCNICOLL AND SILVER,3240
LAWRENCE STATION AND VICTORIA,3241
PORT AND WINDERM,3242
AND HILLHURST,3243
STAINES AND STEELES,3244
KEELE AND TAUISTOCK,3245
E MALL AND RATHBURN,3246
PRINCES S GATE,3247
BRUCE PAR AND EGLINTON,3248
CHESSWOO AND STEEPROCK,3249
EGLINTON AND GLEN SIDE,3250
DREWRY AND GRANTBROOK,3251
BAY STATION MIL AND BIRCHMOUNT,3252
DUPONT AND OSSINGTON STATION,3253
KIPLING STATION AND THE WESTWAY,3254
HIGHVALE AND ST CLAIR,3255
LAKESHORE AND PARKSIDE,3256
QUEE AND THE QUEENSWAY,3257
DEANS AND WARDEN,3258
CONSILLIUM PL AND PROG,3259
MARINE PARADE AND PARK,3260
CONNOR AND SAMMON,3261
SHEPPARD W STATIN,3262
ALTON AND QUEEN STATION,3263
HWY 400 AND HWY 401,3264
DON MILLS AND SHADBERR,3265
QUEEN STATION PLAT AND REXDALE,3266
CEASAR AND ROCKCLIFFE,3267
HWY 427 AND RATHBU,3268
DOWNSVIEWS PARK STATIO,3269
FINCH AND WALKWAY,3270
DUPONT STATION AND SPADINA,3271
401 AND BIRCHMOUNT,3272
BRENTCLI AND WICKSTEED,3273
ARLET AND GRAND RAVINE,3274
BRICKWORKS AND DON VAL,3275
DAVENPORT AND OLD W,3276
COMM AND EGLINTON W,3277
BERRY AND PARK LAWN,3278
ROWE AND VICTORIA PARK,3279
CARL AND INTERNATIONAL,3280
DURNESS AND DURNFORD,3281
DELL PARK AND MARLEE,3282
DUNDAS AND HWY 427,3283
ABERFOYLE AND BLOOR,3284
HECTOR AND ROCKCLIFFE,3285
SYDNEY DELS AND WESTON,3286
CALEDONIA AND RAITHERM,3287
HUMBERVIEW AND WESTON,3288
BATHURST AND LAURELCRE,3289
ELLINS AND SCARLETT,3290
EGLINTON AND LLYOD MAN,3291
MANITOBA AND PRINCESS,3292
BABY POINT AND JANE,3293
JANE AND WRIGHT,3294
AMAZON FULFILMENT CENT,3295
HUNTINGWOOD AND VICTORIA PARK,3296
CHURCHHILL AND SENIAC,3297
NORTHCLIF AND ST CLAIR,3298
HUMBER COLLEGE STATION AN,3299
MICHAEL POWER SCHOOL,3300
EGLINTON STATION BUS PL,3301
DUNDAS STATION ST W AND OLD,3302
ATKINSON AND ROSEDALE STATION,3303
AMAZON LOOP MORNINGSIDE,3304
COMSTOCK AND PHARMACY,3305
LAWRENCE AND PAULANDER,3306
VEROBEACH AND WESTON,3307
BAY AND LAKESHORE,3308
BARRYMORE AND LAWRENCE,3309
ELMWOOD AND WILLOWDALE,3310
JANE AND YORK GATE,3311
COURAGE AND JANE,3312
MORNINGSIDE AND WARNSW,3313
DONLANDS AND O CONNOR,3314
BATHURST AND STAFFORD,3315
REXLEIGH LOOP,3316
NORTHGATE AND WILSON,3317
AIRPORT AND HWY 427,3318
CORNWALLIS AND KENNEDY,3319
HOLYWOO AND WILLOWDALE,3320
E MALL AND EVANS,3321
BIRCHCLIF AND KINGSTON,3322
HUMBER COLLEGE STATION TEMINAL,3323
MARTIN AND STEELES,3324
EVANS AND HORNER,3325
ALLEN AND SHEPPARD,3326
DREWRY AND GRANDBROOKE,3327
GREENBORO AND KIPLING,3328
ST GEORGE STATION BUS,3329
SHEPPARD AND WILLIAM A,3330
FINCH AND KISKADEE,3331
KING STATION GE AND ROYAL YORK,3332
MURRY ROSS AND STEELES,3333
BARKWIN AND ISLINGTON,3334
DAVENPORT AND OSSINGTON STATION,3335
GOODWOOD PARK AND NEWM,3336
PRINCESS GATES LOOP,3337
SHEPPARD AND YORKLAND,3338
MIMICO AND ROYAL YORK STATION,3339
KINGSTON AND VALHALLA,3340
DELORAINE AND YONGE,3341
BATHURST AND RANEE,3342
EGLINTON BUS DIVISION,3343
INDUSTRY AND TODD BAYL,3344
HOWARD MOSCOE,3345
DANFORTH AND TRUDELLE,3346
HULLMARK AND SHOREHAM,3347
EASTERN AND FRONT,3348
BURNHAMTHORPE AND DUND,3349
RUNNYMEDE AND ST CLAIR STATION,3350
FINCH AND SENLAC,3351
WILLIAM R ALLEN ROAD,3352
BAYLAWN AND FINCH,3353
GULLIVER AND KEELE,3354
O CONN AND ST CLAIR STATION W,3355
KEELE AND RUSTIC,3356
DUNDAS STATION WEST STATION,3357
FINCH STATION BUS PLAT,3358
LESLIE AND STEELES,3359
ISLINGTON AND WESTWAY,3360
STEELES WEST,3361
JANE STATION AND WRIGHT,3362
HUNTINGWOOD AND VICTORIA,3363
CROW TRAI AND TAPSCOTT,3364
YORKDALE AND YORKDALE STATION,3365
ANNETTE AND HIGH PARK,3366
BLOOR AND WINDERMERE,3367
BRIMLEY,3368
LAKE SHORE LOOP,3369
PAPE AND WROXTERE,3370
ANGLESLE AND ISLINGTON,3371
EG AND EGLINTON SQUARE,3372
DOURO,3373
DIXON MARTIN G,3374
FINCH STATION E,3375
LAWRENCE STATION AND MARLEE,3376
LAKE SHORE BOULEVARD,3377
KEEL STATION,3378
DYNAMIC,3379
BIRCHMOUNT AND PINEGRO,3380
BATHURST AND MASCOT PL,3381
VICTORIA AND WESTON,3382
BURNHAMTHORPE AND OLD,3383
CONCOR AND CONCORDE PL,3384
FORT YORK AND SPADINA,3385
KING AND SUDBURY,3386
ARLINGTON AND VAUGHAN,3387
LAKESHORE AND PARLIAMENT,3388
FINCH AND GOLDFINCH,3389
KING AND ONTARIO,3390
DANFORTH AND MIDLAND STATION,3391
DUNDAS AND SHAVER,3392
NORTHUMBERLAND AND OSS,3393
DUNDAS STATION AND JONES,3394
IVOR AND VICTORIA PARK,3395
STEELES AND WALKWAY,3396
CONSILLIUM AND MCCOWAN,3397
KEELE STATION AND ST CLAIR,3398
BICKNELL AND EGLINTON,3399
INDEX AND QUEEN,3400
MILLWOOD AND PAPE,3401
O AND THORNCLIFFE PARK,3402
DAVENPORT AND SHAW,3403
CHEROKEE AND FINCH,3404
CUMMER AND FINCH,3405
BALMORAL AND YONGE,3406
BATHURST AND COLLEGE STATION,3407
RICHMOND AND YONGE,3408
LAKE SH AND PARLIAMENT,3409
COMMISSIONER AND LOGAN,3410
CONCORDE AND WYNFORD,3411
BROWNS L AND LAKESHORE,3412
ELMHURST AND MUNCEY,3413
BLACK AND HWY 400,3414
DUFFERIN AND PRESTON,3415
COLONOL AND LAKE SHORE,3416
DON VAL AND YORK MILLS,3417
GREENWOOD AND OAKVALE,3418
BRIMLEY AND STEELES LO,3419
BIRMINGHAM AND ISLINGTON STATION,3420
CEDAR S AND ISLINGTON,3421
BLACKTHOR AND EGLINTON,3422
PIONEER VIILLAGE STATI,3423
FINCH AND GOLD FINCH STATION C,3424
LOVILLA N AND WESTON,3425
NEWTON AND WILLOWDALE,3426
KEELE AND VINE,3427
CHRISTIE STATION AND PHARMACY,3428
LAWKESHORE GARAGE,3429
FGX AND PARK LAWN,3430
400 AND FINCH,3431
ISLINGTON STATION AND RATHBURN,3432
PRIN AND THE ESPLANADE,3433
COMMISIONE AND SAULTER,3434
401 AND MC MCCOWAN,3435
MCNICOLL AND MILLIKEN,3436
SIGNET,3437
HUMBER AND KIPLING STATION,3438
QUEEN AND WINEVA,3439
DANFORTH AND TYNE,3440
DANFORTH AND WESTON,3441
401 AND ISLINGTON,3442
METROPOLITA AND WARDEN,3443
BLOOR AND ROSEDALE STATION,3444
CONNOR AND PAP,3445
STEELES EA,3446
LAWRENCE AND VALPARAIS,3447
EGLINTON AND VICTORIA,3448
DUFFERIN STATION AND DUPONT,3449
BIRCHMOUNT AND LAWRENCE STATION,3450
BOMBAY LOOP AND,3451
SCARBOROUGH CENTRA STATION,3452
AIRPORT AND NORTHWEST,3453
FINCH AND WAYSIDE,3454
THE W MALL,3455
ALDERCREST AND HORNER,3456
KENMARK AND KENNEDY,3457
DAVEAN AND WOODSWORTH,3458
ALBION NORTH AND CARRIER,3459
GERRARD AND MATTHEWS,3460
BLACKBURN AND GERRARD,3461
VICTORIA PARK AND YARD,3462
ISLINGTON STATION AND NORSEMAN,3463
ALLEN AND WILSON STATION,3464
DUPONT STATION AND LANSDOWMNE,3465
OXFORD AND WESTON,3466
KENNARD AND WILLIAM R,3467
OAKWOOD AND VAUGHN,3468
GATEWAY AND OVERLEA,3469
BROWN S AND LAKESHORE,3470
BLOOR E,3471
ADO AND ST ALBANS,3472
CACTUS AND MOORE PARK,3473
DENTON AND MACEY,3474
EGLINTON AND ELHURST,3475
CORNELIUS AND WILSON,3476
FRONT AND SHERBOURNE,3477
FEISTEAD AND GREENWOOD,3478
LINDEN AND ST CLAIR,3479
BROWN S LINE AND JELIC,3480
MIDLAND AND TARA,3481
EGLINTONSTATION,3482
JANE STATION AND MAPLE LEAF,3483
STAINES,3484
CHARLE AND QUEEN STATION PARK,3485
CHRISTIE STATION AND ST CLAIR,3486
FINCH AND LONGMORE,3487
ANNETTE AND JANE,3488
JANE STATION BUS PLA,3489
LAWRENCE STATION A AND MIDLAND,3490
CRAIGHTON AND PHARMACY,3491
KING AND YONGE,3492
KIPL AND THE QUEENSWAY,3493
STEELES AND VICTORIA PA,3494
AVENU AND DAVENPORT,3495
EGLINTON SQUARE AND VI,3496
MELROSE AND YONGE,3497
ARROW,3498
COOKFIELD AND WILMINGH,3499
DANFORTH AND MAIN STREET,3500
HUMBER COLLEGE STATION BUS TE,3501
MEADOWVALE LOOP AND SHE,3502
EGLINTON AND WARDEN,3503
BATHURST AND MILNER GA,3504
BUSHBEE AND GRANGEWAY,3505
KINGSTON AND WOODBINE STATION,3506
LAKESHORE GARAGE LOOP,3507
YORK MILLS AND YORK RI,3508
HORNER AND THIRTIETH,3509
EGLINTON AND RUSSELL,3510
ISLINGTON STATION STAION,3511
BURROWS HAL AND MILNER,3512
ISLINGTON AND KINGSMOO,3513
DVP AND ST DENNIS,3514
DUNDAS STATION ST W AND NEILSON,3515
VALLEY AND YORK MILLS,3516
DUNDAS STATION AND LANDOWNE,3517
LAMBTON AND WESTON,3518
BROOKBANKS AND VALLEY,3519
ESPLANADE AND PRINCESS,3520
DENTON AND PHARMACY,3521
ALBION AND ARMEL,3522
HARLANDALE AND YONGE,3523
MERTON AND YONGE,3524
COXWELL AND EASTERN,3525
HUMBER COLLEGE STATION BUS T,3526
PASSMORE AND TAPSCOTT,3527
PRITCHARD,3528
BROADV AND JACK LAYTON,3529
OLD MILL STATION TRAIN,3530
DUFFERIN STATION AND SHEPPARD,3531
LAWRENCE AND LOVERS LA,3532
KING AND MASSEY,3533
KIPLING AND QUEENSWAY,3534
GERRARD AND MAIN,3535
ALLEN AND EGLINTON W,3536
ADELAID AND PARLIAMENT,3537
BRIMLEY AND DENNETT,3538
ELLESMERE AND MORRISH,3539
BATHURST STATION AND DAVENPORT,3540
FIRVALLEY AND WARDEN,3541
BAY AND QUEEN STATION,3542
BATHURST AND STRATHALL,3543
DUNDAS STATION AND LANSDOWN,3544
ROSEDAL AND SHERBOURNE,3545
EGLINTON STATON,3546
ALBION AND CLAIREPOINT,3547
HWY 27 AND QUEEN STATION PLAT,3548
BROWNS LINE,3549
BAYVIEW AND MILLWOOD,3550
LEEWARD GLENWAY,3551
SLOANE AND TINDER,3552
BEDFORD AND LOWTHER,3553
MIDDLEFIELD,3554
MCINTOSH,3555
JOHN STONER AND MORNIN,3556
CALEDONIA AND KEITH,3557
WARDEN STATION STATYION,3558
RANLEIGH AND YONGE,3559
BLOOR AND CALEDONIA,3560
EGLINTON AND NAIRN,3561
WHEEL TRANS DIVISION,3562
BAYVIEW AND MANOR,3563
MCNAUGHTON AND VICTORY,3564
MEA AND VICTORIA PARK,3565
BARKER AND ISLINGTON,3566
AND MABERLEY,3567
EASTERN AND EMDAABIIMO,3568
FLOYD AND PAPE,3569
FENWOOD AND KINGSTON,3570
ALBION AND ELMHURSRT,3571
BATHURST STATION AND DON LAKE,3572
FINCH AND GREENVIEW,3573
YONGE AND YORK MILL,3574
ST CLAIR STATION E,3575
BLANTYRE AND GERRARD,3576
AVONDALE AND YONGE,3577
DUNDAS AND POPLAR,3578
JOHN AND MORNINGSIDE,3579
JOHN S AND MORNINGSIDE,3580
MCNICOLL AND PICOLA,3581
WILLIAM,3582
CUMMER AND MAXOME,3583
ABBOTSFIE AND SHEPPARD,3584
CONCORD AND WYNFORD,3585
LAWRENCE STATION E AND MOSS,3586
ALAMOSA AND FINCH,3587
DRESDEN AND FAYWOOD,3588
EGLINTON AND LITTLE,3589
ISABELLA AND YONGE,3590
GIBSON AND WRIGHT,3591
ISLINGTON AND MARKET G,3592
KENNEDY AND PURCELL,3593
WICKMAN,3594
FORTIETH AND LAKESHORE,3595
BAYVIEW AND DAWLISH,3596
RICHVIEW AND SCARLETT,3597
PHARMACY AND STEELES,3598
KENDLETON,3599
LANE E PAPE STATION N R,3600
QUEEN STATION QUAY E,3601
BLOOR AND W MALL,3602
HOLI AND THE W MALL,3603
OF T SCARBOROUGH,3604
SAN VITO WAY,3605
HUMBER COLLEGE STATION BUS TERM,3606
CARSLAKE AND DANFORTH,3607
COMSTOCK,3608
VICTORIA PARK AND WAKE,3609
CARLINGVIEW,3610
NEILSON,3611
MAPLE LEAF AND VENICE,3612
COXWELL AND SCARLETT,3613
GUILDWOOD AND PRINCE P,3614
GORDON BAKER,3615
ALMEDA AND EGLINTON,3616
HUMBERLINE LOOP,3617
CLIFFWOO AND DON MILLS,3618
DON MILLS STATION EX,3619
EGLINTON AND GENHOLME,3620
LAWRENCE STATION W AND VAR,3621
JANE AND PAGE,3622
BATHURST STATION AND ROSELAWN,3623
LOWER JARVIS AND WILTO,3624
LAKESHORE AND LOWER JA,3625
PRINCESS MARGARET,3626
CORDOVA AND ISLINGTON STATION,3627
CAVELL AND ROYAL YORK STATION,3628
BOWIE AND LITTLE,3629
SHERIDAN MALL,3630
BANNATYNE AND DAVEAN,3631
CACTUS AND STEELES,3632
COLONEL SAMUEL PK,3633
MOUNT DENNIS GARGAE,3634
CALE AND EGLINTON W,3635
CUMMER AND SNOWCREST,3636
COSBURN AND WOODBINE,3637
BITTI AND SHEPPARD,3638
401 AND KEELE,3639
KENNEDY AND MUNHAM GAT,3640
LAWSON AND PORT UNION STATION,3641
UNIVERSITY OFTORONTO S,3642
DON MILLS AND N YO,3643
STRATHMORE AND WOODBINE,3644
AUKLAND AND ST ALBANS,3645
DOWNSVIEW PA AND KEELE,3646
COMSTOCK AND WYNFORD,3647
LA ROSE AND SCARLETT,3648
G AND LOWER SHERBOURNE,3649
CRANBROOKE AND YONGE,3650
CACTUS AND GOULDING,3651
DUFFERIN AND SPARROW,3652
CENTENNI AND RATHUBURN,3653
DON MILLS AND GOODVIEW,3654
KENNEDY AND MUNHAM,3655
ERINGATE AND RANGOON,3656
FINCH STATION W BUS PLATFOR,3657
KIPLING AND STEVENSON,3658
EGLINTON AND WESTCOVER,3659
CHILTERN AND EGLINTON,3660
401 AND MORNINGSIDE,3661
L AND LOWER SHERBOURNE,3662
DANFORTH AND LINNSMORE,3663
LESLIE STATION AND MCNICOLL,3664
CLAYSON AND WILSON STATION,3665
FIRGROVE AND JANE,3666
ROYAL YORK AND SINCLAI,3667
401 AND VICTORIA PARK,3668
BATHURST AND CORDOBA,3669
DUFFERIN AND NORTON,3670
DVP AND EGLINTON,3671
AVIEMORE AND ISLINGTON,3672
CALEDONIA AND CASTLEFI,3673
SPADINA STATION BUS PLATFORM B,3674
DUNDAS AND HOWLAND,3675
BRENTCLIFFE AND WICKST,3676
SANT AND ST CLAIR STATION E,3677
ANCASTER AND HOME,3678
HOPEDALE AND PAPE,3679
CHARLES AND YONGE,3680
CATCUS AND WILLOWDALE,3681
GENTHORN AND KIPLING,3682
SAMBA AND SHEPPARD,3683
DORA SPENCE AND WESTON,3684
ALCINA AND BATHURST,3685
PROMENADE MALL,3686
ESTHER SHIN AND LESLIE,3687
CHRISTIE AND LAMBERTLO,3688
MIDLAND AND STEELES S,3689
BAYVIEW AND OLD COLONY,3690
BURH AND THE E MALL,3691
ANNETTE AND KEELE,3692
PARKVIE AND WILLOWDALE,3693
LAKE SHORE GARAGE LOOP,3694
LAWRENCE AND PRUDENTIA,3695
BETHR AND MARTIN GROVE,3696
12TH AND GARNET,3697
BATHURST AND YORK DOWN,3698
QUEEN STATION AND SPADINA,3699
BURHAMTHORPE AND SILVE,3700
HIGH PARK AND HUMBER,3701
COLONEL SAMUEL PARK LO,3702
CARLAW AND DANFORTH,3703
FOREST HIL AND SPADINA,3704
FRONT AND SCOTT,3705
MCNICOLL AND MORNINGSIDE,3706
CALTHORP AND ELLESMERE,3707
VICKERS,3708
STRATHMORE,3709
400 AND STEELES,3710
EGLINTON W AND PARK HI,3711
DUFFERIN AND YORKDALE STATION,3712
YORK MILLS STATION BUS,3713
CHURCHIL AND OSSINGTON,3714
CINEMART AND MILNER,3715
BROWNS LINE AND LAKE S,3716
MM8P 85,3717
CHERRY AND COMMISSI,3718
DEAUVILLE LN AND ST D,3719
BOWIE AND CALEDONIA,3720
DON MILLS AND KERN ROAD,3721
RAINBOW R AND SHEPPARD,3722
ROYAL YORK AND WESTON,3723
BATHURST AND CARPENTER,3724
QUEEN STATION PARK CIRCLE AT,3725
ABRAHAM W AND SHEPPARD,3726
BEECHBOROUGH AND KEELE,3727
KENNEDY AND MERRIAN,3728
MOUNTCASTL AND STEELES,3729
HARNE AND QUEEN STATION PLATE,3730
WILLIAM R ALLEN RO,3731
CHETTA AND DIXON,3732
B AND GREENWIN VILALGE,3733
GREYHOUND AND LESLIE,3734
MILLIKEN GO STATION,3735
EVANS AND ROYAL YORK,3736
GERRARD AND GREENWOOD STATION,3737
ALENESS AND FINCH,3738
DERRYDOWN AND FINCH,3739
DANFORTH AND MEDFORD,3740
ANGLESE AND ROYAL YORK,3741
BIRCHMOUNT AND PARNELL,3742
CLOVELLY AND OAKWOOD,3743
CALEDONIA AND ORFUS,3744
ELLESMERE STATION MIDL,3745
IN FRONT OF 1875 STEELES,3746
CNE LOOP,3747
ISLINGTON AND JUTLAND,3748
AND WOBURN,3749
GLEN WATF AND SHEPPARD,3750
HUMBERWOOD LOOP A,3751
CARLAW AND PAPE,3752
LOWERSHERBOURNE AND QU,3753
DON MILS AND DUNCAN,3754
DUFFERIN STATION AND QUEEN,3755
ABERFOYL AND ISLINGTON,3756
JANE AND YORKWOODS,3757
HAWKWAY AND STEELES,3758
PIONEERE VILLAGE STATI,3759
MELROSE AND ROYAL YORK,3760
EGLINTON AND SKYMARK,3761
BRUMELL,3762
JAMES FINLE AND WILSON,3763
BARMAC,3764
CORDOV AND DUNDAS STATION W,3765
PARK AND VICTORIA PARK,3766
KIPLING STATION AND REXDALE,3767
ROCKWELL AND WESTON,3768
BIRRELL AND LITTLES,3769
GREENWOOD STATION AND RUNNYMEDE,3770
DUNDAS AND RUNNYMEDE STATION,3771
BRIMLEY AND ST ANDREWS,3772
ELFREDA AND ST CLAIR,3773
STEELES AND TANGREEN,3774
KINGSVIEW AND KIPLING,3775
EGLINTON AND GLENHAVEN,3776
OPPOSITE 685 FINCH,3777
BLOOR AND TED ROGERS W,3778
OF JANE STATION,3779
DANFORTH AND SEMINO,3780
PETER KAIS AND STEELES,3781
HENLEY AND KIPLING,3782
BETTY NAGLE AND WESTON,3783
ESTHER LOR AND KIPLING,3784
CHERRY AND MILL,3785
GILLINGHAM AND MCCOWAN,3786
MCCOWAN AND NEILSON,3787
OVERLEA AND THORNCLIIF,3788
KENWOOD AND VAUGHN,3789
RUSHTON AND VAUGHAN,3790
CENTENNIAL DERRY,3791
BIRMINGHAM AND KIPLING STATION,3792
CALEDONIA AND KITCHENE,3793
DUNDAS AND EASTMALL,3794
KEELE AND MURRAY ROSS,3795
FLEMINGTON AND RANEE,3796
PRINCES GATES LOOP,3797
HARTS AND THE W WAY,3798
QUEENSWAY AND ROYAL YO,3799
DON MILLS AND GREENBEL,3800
AND LONSDALE,3801
HUMBERLINE AND YORK MI,3802
STEELES AND YORK MILLS STATION,3803
MURISON AND SPLIT,3804
EGLINTON AND ORIOLE PK,3805
KEELE AND KEELEGATE,3806
EGLIN AND MT PLEASANT,3807
BATHURST STATION AND GLENCAIRN,3808
DREWRY AND FAIRCHILD,3809
MARKHAM AND MARKHANA,3810
AND OLD ARCHOR,3811
30TH STR AND LAKESHORE,3812
DUNDAS STATION AND MALL,3813
BLOOR AND GLENDONWYNNE,3814
HUMBER TERMINAL,3815
MILLWOOD AND REDWAY,3816
CANADA AND MANITOBA,3817
GORD MACKAY AND JANE,3818
ALGONQUIN AND PARKSIDE,3819
JERRY FITZGERALD AND S,3820
SHEPPARD VICTO,3821
DUPONT AND MANNING,3822
ADOBIGOK AND ST ALBENS,3823
FINCH STATION AND LESLIE,3824
CARL HALL AND RAILWAY,3825
BATHURST AND ELM RIDGE,3826
MILITARY T AND NEILSON,3827
MALVERN G AND SHEPPARD,3828
MIN AND SHEPPARD,3829
BIRCHMOUNT AND BONIS,3830
LAKSHORE AND SAULTER,3831
EDENBRIDG AND SCARLETT,3832
ERSKIN AND MT PLEASANT,3833
SWEE AND VICTORIA PARK,3834
LOGAN AND MORTIMER,3835
DOIN MILLS AND LAWRENCE STATION,3836
COSBURN AND HALDON,3837
DUFFERIN AND PLAYFAIR,3838
ADESSO AND STEELES,3839
CORNELL AND JANE,3840
FINCH STATION AND FINCHDENE SQ,3841
HANEY AND JANE,3842
MORNINGSIDE AND SWELLS,3843
SHERW AND SHERWAY GATE,3844
HUMBERLAND AND P,3845
LAROSE AND SCARLETT,3846
BROOKLAWN AND SLOLEY,3847
KIPLING AND LONGFIELD,3848
CARRIER,3849
PEARSON AIRPORT TREMINA,3850
GRAND RAVINE AND KEELE STATION,3851
HILDA AND MOORE,3852
BATHURST AND INVERMAY,3853
DANFORTH AND ROBINSON,3854
TERMINAL 3 PEARSON AIR,3855
SCOTT AND WELLINGTON,3856
BERTAL AND INDUSTRY,3857
GUILDWAY AND KINGSTON,3858
IAN MACDONALD AND VANI,3859
UNION STATION,3860
WYNFORD,3861
FOUR WIND AND TANGIERS,3862
BAYCRES AND ROYAL YORK,3863
EGLINTON AND GLEN CEDA,3864
DUFFERIN AND WALLACE,3865
PELMO CRESCENT,3866
AND HWY 401,3867
ARROW GARAGE TRACK 8,3868
GISBURN,3869
WILLIAN R ALLEN R,3870
ADIRONDACK G AND FINCH,3871
DOWNSVIEW PARK AND KEE,3872
HALLAN AND OSSINGTON,3873
PARLIAMENT,3874
COSBURN AND GLEDHIL,3875
STEELES W LOOP,3876
BIRCHMOUNT AND PINGROV,3877
WESTON AND ZAPPACOSTA,3878
HARBOUR AND YONGE,3879
NORANDA,3880
FERRAND,3881
ALBION AND MARTIN GROV,3882
EMPRESS AND WILLOWDALE,3883
EGLINTON OF BAYVIEW STATION,3884
CLOCK TO AND DON MILLS,3885
ANNETTE AND WILLARD,3886
WILSON STATION AND YORK MILLS,3887
LILY CUP,3888
KENNEDY STATION ELLESMERE STATION,3889
HUNTINGWOOD AND PHARMACY,3890
EGLI AND THE E MALL,3891
BRIDLETOWNE AND WARDEN,3892
CALVINGTON AND RENSHAW,3893
ST REG AND TUSCAN GATE,3894
BROADVIEW STATION W,3895
PARKE AND WESTON,3896
LUMSDEN AND WOODBINE,3897
SHEPPARD AND WALKWAY,3898
ISLINGTON STATION ANDF ADVANCE,3899
BALLACAINE AND BERRY,3900
CONNOR AND DOHME,3901
MARTIN G AND WINTERTON,3902
COLLINSGR AND KINGSTON,3903
MACDONELL AND SEAF,3904
AND RIDLEY,3905
CARRIER AND WOODBINE STATION,3906
CLAVER AND DUFFERIN,3907
UNDERWOOD AND VARSITY,3908
ST MATTHEWS,3909
DON MILLS AND HELLEN,3910
B AND GREENWIL VILLAGE,3911
QUEEN STATION,3912
CEDARVALE STATION AND LUMSDEN,3913
ISLINGTON STATION AD BERGAMOT,3914
MILL AND TANNERY,3915
EGLINTON AND RICHARDSO,3916
DUBREY AND WILSON,3917
SISKEN TERRANCE AND ST,3918
PEARCE AND STEELES,3919
DUNDAS STATION W AND INDIAN,3920
DRI AND GRANDRAVINE,3921
CLIMANS AND LYNEDOCK,3922
ALVINSTON AND PHARMACY,3923
CONNOR AND SAN,3924
MEADOWVALE LOOP SHEPP,3925
NICKLE,3926
CULFORD AND GEORGE,3927
KINGSTON AND MCCOWAN STATION,3928
MORNINGSIDE AND PANAM,3929
KIPLING STATION AND VIKINGS LANE,3930
CLAPPIS AND PORT UNION,3931
DAWES AND DENTONIA,3932
BIRCHMOUNT AND FOXRIDG,3933
HUNTINGTON AND WARDEN,3934
BOROUG AND TRITON,3935
DOVERCOURT AND N H,3936
BUSBYWAY AND GRANGEWAY,3937
AMBOY AND ORTON PARK,3938
WYNFORD CRESCENT,3939
ISLINGTON STATION AND JUDSON,3940
LAWRENCE STATION AND RALF,3941
GRENOBLE AND SPANBRIDGE,3942
HANNA AND LIBERTY,3943
BA AND NEW WESTMINSTER,3944
DUPONT AND SYMINGTON,3945
PROGRESS AND WILLIAM K,3946
BARTLEY,3947
STEELES AND TURBINE,3948
BURNHAMTHORPE AND ROYA,3949
LAWRENCE STATION AND THE WESTWAY,3950
30TH AND HORNER,3951
BRIMINGHAM AND KIPLING STATION,3952
SENEC AND THE POND,3953
GLEN STEWART,3954
BATHURST AND FOREST RI,3955
HUPFIELD TRAIL AND ROV,3956
DANFORTH AND LINDEN,3957
BLACK CREEK AND EGLINTON,3958
DEWEY DRI AND PHARMACY,3959
LAWRENCE AND MOUNT PLE,3960
FINCH AND SENTINEL WEST,3961
PRETROLIA AND STEELES,3962
LOWCREST AND WARDEN,3963
CHAPLIN AND ORIOLE PKW,3964
FINCH AND TOPCLIFF,3965
DUFFERIN AND HUNTER,3966
EGLINTON AND VESTA,3967
BATHURST AND BURNSIDE,3968
DUFFERIN AND MARTIN,3969
BROADVIEW STATION D,3970
HUMBER COLLEGE AND LYN,3971
MANIZA AND POWELL,3972
GLENGO AND MT PLEASANT,3973
BAYVIEW STATION AND LESLIE,3974
CONNOR AND RIVERCOUR,3975
ROYAL YORK AND THE QUE,3976
QUEEN STATION S PLATE AND REXD,3977
COXWELL AND EARL HAIG,3978
CORONADO AND WESTON,3979
EGLINTON BETWEEN DU,3980
HIGHLAND CREEK OVERPAS,3981
HIGLAND CREEK OVERPASS,3982
CEDARVALE STATION AND COSBURN,3983
QUEEN AND THE EA,3984
SOUTHWOOD AND WILLIAMS,3985
SCARLETT AND ST CLAIR,3986
GERRARD STATION AND YONGE,3987
LAWRENCE AND MILDENHAL,3988
ISLINGTON AND RIDGEWAY,3989
MIDLAND AND PRIDENTIAL,3990
CHESSW AND FINCH STATION W,3991
BLOOR AND ROYAL YORK,3992
MAPLEWOOD AND VAUGHAN,3993
GLEN AND S,3994
PIONMEER VILLAGE STATI,3995
DON MILLS AND FRESHMEAD,3996
VICTORIA AND YORK MILLS,3997
BEAUMOND AND ISLINGTON,3998
MACDONNELL AND QUEEN STATION,3999
LAWRENCE STATION AND VARNA,4000
NEILSON AND OAKMEADOW,4001
SUNNY GLENWAY,4002
MOORE PARK,4003
AND ROE,4004
BIRCHMOUNT AND CARNCAS,4005
STEELES AND TANDEM,4006
MAKOR MACKE AND MINGAY,4007
KENNEDY STATION ON SE,4008
EGLINTON AND SPADINA,4009
DON VALLEY AND WYNFORD,4010
SPADINA AND STRATHEARN,4011
CARLUCKE AND FIFESHIRE,4012
DANFORTH AND LAWRENCE STATION,4013
GRANDRAVINE AND JANE,4014
RIMROCK AND WHITEHORSE,4015
BIRCHMOUNT STATION,4016
REIDMOUNT AND SHEPPARD,4017
THOMAS AND VANDERHOOF,4018
CORONA AND LAWRENCE,4019
AND DOUGLAS AV,4020
PRINCESS GATE LOPP,4021
KEELE AND STEELES,4022
BURLINGT AND LAKESHORE,4023
GRAND MARSHALL DRIV,4024
BAY STATION MILL AND SHEPPARD,4025
HOSPITAL AND WELLNESS,4026
DRIFTWOOD AND WILMONT,4027
ROSSDEAN AND STEELES,4028
FINCH AND ROMFIELD LAN,4029
GERRARD AND RIVER,4030
HUNGTINWOOD AND WARDEN,4031
LAWRENCE AND THE DONWA,4032
G AND YONGE BT CHARLES,4033
LAWRENCE AND PIMILICO,4034
DUFFERIN AND OVERBROOK,4035
COUGAR CT AND MARKHAM,4036
BATHURST AND REINER,4037
LOWER RIVER AND QUEEN STATION,4038
ELWAY AND MARLEE,4039
ST CLAIR STATION A AND VAUGHAN,4040
EGLINTON AND NORTHCLIF,4041
EGLINTON AND ST DENNIS,4042
DENTON AND MADELAINE,4043
MAJOR MACKENZIE,4044
KIPLING STATION AND QUEEN,4045
ST DENNIS,4046
IMOGENE AND WESTON,4047
DELISLE AND YONGE,4048
BARTON AND CHRISTIE,4049
BAYVIEW STATION AND FRONT,4050
CHESSWO AND SHEPPARD W,4051
APEX AND DUFFERIN,4052
VICTORIA PARK STATION LOOP AT,4053
LIBERTY AND MOWAT,4054
COE HILL,4055
KINGSTON AND PARKCREST,4056
HUMBER AND SILVER BELL,4057
427 AND DUNDAS,4058
DINNICK AND LAWRENCE,4059
DENTON,4060
CEDARBRAE AND LAWRENCE,4061
BATHURST STATION SHEPPARD,4062
LUMLEY AND MOORE,4063
REXLEIGH,4064
ARGUS GLEN COMMUNITY C,4065
LAKESHORE AND TENTH,4066
BURNHAMTHORPE,4067
CHRISTIE STATION AND DAVENPORT,4068
JETHRO AND WILSON,4069
WILSON STATION STATIION LOWE,4070
CREEK AND HIGHLAND,4071
HARBOR AND QUEEN STATION PARK,4072
LAKE SHORE WEST,4073
MARTIN GROVE AND WESTW,4074
MCNICOLL GARAGE TRAC,4075
HARBORD AND SPADINA STATION,4076
E AND LOWER SHERBOURNE,4077
DUFFERIN AND MORRISON,4078
DUFFERIN AND MORRSION,4079
CHURCHHI AND OSSINGTON,4080
CROATIA AND DUFFERIN,4081
DUNDAS AND ROYALAVON,4082
DUNDAS STATION ST W AND RUNNYM,4083
MCCOWAN AND S UNIO,4084
BRENTWORT AND DUFFERIN,4085
HWY 2 AND KINGSTON,4086
PLAXTON AND ST CLAIR,4087
MILIT AND OLD KINGSTON,4088
EGLINTON WSET AND KEEL,4089
TECUMSETH AND WELLINGT,4090
DANFORTH AV AND WARDEN,4091
PEARSON AIRPORT T 3,4092
KENNEDY STATION TRANSW,4093
BURROWS H AND SHEPPARD,4094
MARTIN GR AND WESTWAY,4095
MARKHAM AND TUXEDO COU,4096
NORTHWEST GATE AND STE,4097
BATHURST AND ST LAWRE,4098
ALLIANCE O AND JANE,4099
ALBION AND ISLINGTON STATION,4100
WARDEN STATION ND ELLESMERE STATION,4101
BAYVIEW AND EVERGREEN,4102
HOWARD MOSCOE AND NEW,4103
DEERHIDE CRESCENT,4104
GREENBRAE CIRCUIT,4105
CENTENIARY HOSPITAL GR,4106
BLOOR AND PERTH,4107
BATHURST STATION AND MARQUETTE,4108
JANE AND ST JOHNS,4109
GREEN AND VILLAGE GATE,4110
PEARSON AIRPORT TREMIN,4111
BLOOR AND KINGSMILL,4112
FRESHMEADOW,4113
16TH AVENU AND MARKHAM,4114
FINCH AND SENECA,4115
CENTENNIAL AND MILITAR,4116
BROOKE AND YONGE,4117
FEN AND UNDERPASS GATE,4118
BETH AND DAWES,4119
HUTCHCROF AND MCNICOLL,4120
EGLINTON AND SINNOT,4121
KENNEDY STATION 12 B,4122
HUNTINGWO AND PHARMACY,4123
HILDA AND MOORE PARK,4124
COMMISIONERS AND SAULT,4125
WHEEL TRANS GARAGE,4126
BATHURST AND DELL PARK,4127
EVERGREEN BRICK WORKS,4128
OVERLEA AND THOTNCLIFF,4129
FLAMBOROUGH AND KEELE,4130
COUGAR COU AND MARKHAM,4131
PIONEER VILAGE STATION,4132
ANSELL,4133
ELLESMERE AND WARDEN STATION A,4134
HAYNES AND THE POND,4135
EGLINTON EA,4136
BRIMLEY AND SKAGWAY,4137
MORNINGSIDE AND PA,4138
PEARSON AIRPORT TERI,4139
GENTIAN,4140
BLACK CREEK AND JANE,4141
MCCOWAN AND WALKWAY,4142
DUNCAN MIL AND LESMILL,4143
GLEN ELM AND YONGE,4144
COBALT AND WESTON,4145
KIPLINGSTATION,4146
FINCH STATION AND SENTINEL,4147
DUFFERIN STATION AND KING,4148
APPLEFIELD AND BRIMLEY,4149
BROOKMERE AND KIPLING,4150
BAYVIEW AND TRUMAN,4151
EGLINTON STATION BUS,4152
CLYDE AND LAWSON,4153
DON MILLS AND FARMCOTE,4154
CARROLL AND QUEEN,4155
HUMBER COLLEGE STATION BUS LOO,4156
DIXON AND ROXALINE,4157
DIXON AND ROYAL YORK,4158
ROYAL YORK STATION THE QU,4159
ELL AND MILITRAY TRAIL,4160
DEWIT AND MARTIN GROVE,4161
HIGH GLEN AND MCCOWAN,4162
EL AND MILILTARY TRAIL,4163
SHEPPARD AND VITTI,4164
COSBURN PAPE STATION,4165
DRIFTW AND GRANDRAVINE,4166
DUFFERIN AND MORRRISON,4167
DANFORTH AND MACEY,4168
IAN MCDONALD AND VANIE,4169
EILEEN AND SCARLETT,4170
BLOO AND PRINCE EDWARD,4171
CONCORDE,4172
HOVE AND SHEPPARD,4173
CRANE AND SCARLETT,4174
BROWN LINE AND EVANS,4175
LAWRENCE AND OVERTURE,4176
PALK LANE AND STAINES,4177
DIXON AND WINCOTT,4178
PAPE STATION AD LIPTON,4179
JANDA AND QUEEN STATION PLATE,4180
REDULEA CUL DE SAC,4181
ORFUS AND PAUL DAVID,4182
MAJOR MAC AND MCCOWAN,4183
BRIMORT AND ORTON PARK,4184
ATKINSON AND CLARK,4185
UPPER ISLAND CRESCENT,4186
TORONTO ZOO BUS LOOP,4187
FLORENCE SOUTH AND YONGE,4188
BELLAMY AND BURNVIEW,4189
BAYVIEW AND BROADWAY,4190
DUNDAS STATION AND ISLINGTON,4191
BATHURST AND BRENTHALL,4192
KINGSTON AND ST CLAIR STATION,4193
RICHGROVE AND WILLOWRI,4194
MARKHAM AND ORCHID,4195
HEATH AND SPADINA,4196
MILLWOOD AND OVERLEA TO,4197
MILLWOOD AND OVERLEA T,4198
GILBERT AND ROGERS,4199
HIGHLAN AND YORK MILLS,4200
WESTON FINCH STATION,4201
DOUGLAS AND,4202
LANSDOWNE AND TYCOS,4203
MCNICOLL BETWEEN MO,4204
DOURO AND KING STATION,4205
AND LYTTON B,4206
BROADVIEW AND MILLBROO,4207
LAWRENCE STATION AND LESLIE,4208
BALLYRONAN AND LESLIE,4209
MARTIN AND WESTHUMBER,4210
QUEEN STATION S PLATE AND W,4211
TERMINAL 3 ARRIVALS,4212
KINGSTON AND MALVERN,4213
CARRYIN AND CROW TRAIL,4214
ABERFOYLE AND ISLINGTON STATION,4215
BOROUGH,4216
DANESBUR AND GLENCAIRN,4217
BALLIOL,4218
GUILDWOOD AND LIVINGST,4219
BAY AND GERRARD STATION,4220
ROYAL YORK AND THOMPSO,4221
ISLINGTON AND THOROLD,4222
ALLIANCE AND DALRYMPLE,4223
COLONEL SAM SMITH LOOP,4224
COLLINGSG AND LAWRENCE,4225
COLLEGE AND CRAWFORD,4226
KENNEDY STATION OUTSID,4227
GOLDEN AND MARKHAM,4228
ALTON TOWE AND MCCOWAN,4229
DRIFTWOOD AND JANE,4230
EASTWOOD AND KINGSTON,4231
DUPONT STATION,4232
NEILSON AND TAPSCOTT,4233
GLENDINNI AND PHARMACY,4234
KELVIN GRO AND STEELES,4235
BIRCHMOUNT AND STALEY,4236
BOROUGH AND ELLESMERE,4237
YORK MILL STATION,4238
FAIRGLEN AND WESTON,4239
DUNDAS AND MAYBELLE,4240
CHRUCHIL AND OSSINGTON,4241
FRESHMEDO AND TOWNSEND,4242
DONLANDS AND STRATHMOR,4243
TERMINAL 1 AIRPORT,4244
BATHURST AND NIAGARA,4245
DAVENPORT,4246
ROYAL YORK AND YORK,4247
STEP AND THE QUEENSWAY,4248
BELFIELD AND HWY 27,4249
LESLIE AND MEMORY,4250
BLOOR AND BROADVIEW,4251
DUFFERIN AND STEEPROCK,4252
ASHTONBEA AND WARDEN,4253
INDIAN VA AND PARKSIDE,4254
DON MILLS AND FAIRVIE,4255
MIDLAND AND SILVER STATION,4256
DON AVON AND EGLINTON,4257
MORNINGSIDE AND SEWELL,4258
DUFFERIN AND KENNARD,4259
MORRISON AND SHEPPARD,4260
SHERWOOD AND WARDEN,4261
HUMBERWOOD AND KINGSPL,4262
ALBION AND TANRIDGE,4263
PROGRESS AND SCHICK,4264
BRIDLEW AND CASTLEMORE,4265
AIRPORT AND MORNING STAR,4266
ALTA AND VICTORIA PARK,4267
GRNOBLE AND VENDOME,4268
ADOBI AND ST ALBANS,4269
ATKINSON AND FLAMINGO,4270
BURHAMTHORPE AND E,4271
SHEPPARD AND YEOMAN,4272
DORIS AND SHEPPARD,4273
DON MILLS AND HAVENBRO,4274
MARIDE PARADE AND SILV,4275
BROWNSLINE AND EVANS,4276
PINE AND WRIGHT,4277
FRENCH AND ST CLAIR,4278
HWY 401 AND WESTON,4279
CONSILLI AND CORPORATE,4280
CENTENNIAL CIRCLE,4281
ANTLER AND SYMINGTON,4282
CALEDO AND CASTLEFIELD,4283
CHURCH AND ESPLANADE,4284
IRONSIDE AND TAPSCOTT,4285
BROWNS AND LAKE SHORE,4286
BROWN S LINE AND LAKE,4287
HUCKNALL AND SENTINEL,4288
KENNEDY AND SHROPSHIRE,4289
HUMBERWOOD AND VI,4290
DON WAY E AND LAWRENCE,4291
EGLINTON AND GLENHOME,4292
MO AND OLD KINGSTON,4293
COXWELL AND VICTORIA P,4294
GREENWOOD AND IVEY,4295
ROBERT WOODHEAD CRE,4296
BIRDSTONE AND WESTON,4297
ORDE AND UNIVERSITY,4298
BANNATYNE AND BE,4299
ELANA AND FINCH,4300
ATLANTIC AND KING,4301
FIFESHIRE E,4302
JANE AND ST MARKS,4303
HOLYOAK AND HUMBERLINE,4304
KIPLING STATION BUS,4305
FINCH STATION AND TANGIERS,4306
KENNEDY STATION BUS,4307
MERTON SHUL AND WILSON,4308
CHARTLAND AND FINCH,4309
FINCH AND MAXOME,4310
LIBERTY AND PIRAN,4311
FLEET AND FORT YORK BL,4312
KIPLING AND THORNCREST,4313
BIRCHM AND KINGSTON,4314
DANFORTH AND SIBLE,4315
MILLWOOD AND PAPE STATION,4316
MCNICOLL AND STATE CRO,4317
BOULDERBRO AND STAINES,4318
TAYSHAM CRESCENT,4319
DYNANIC AND MCNICOLL,4320
SCARBOROUGH TWON CENTR,4321
CENTENNIAL CICIREL LOO,4322
PEARSON TERMINAL 1,4323
TERMINAL ONE PEARSON,4324
CORPORATE AND LEE,4325
CASTLEMORE AND MARKHAM,4326
FINCH AND TRUDY E,4327
DIXINGTON AND DIXON,4328
MACLEAN AND SUMMERHILL,4329
DON VALLE AND LAWRENCE,4330
ALDERS AND UPPER CANADA,4331
LONGBOURNE AND REDGRAV,4332
KENNEDY STATION KENNEDY STATION,4333
DENISION AND MARKHAM,4334
BERNARD AND ST GEORGE,4335
ATKINSON AND CENTRE,4336
CONFEDERA AND DUFFERIN,4337
SAKURA AND WYNFORD,4338
CRESENT TOWN AND DAWES,4339
CACTUS AND CONNAUGHT,4340
HUMBERWOOD AND WILSON STATION,4341
EGLINTON AND ROSEMOUNT,4342
HOWDEN AND LAWRENCE,4343
YORK MILLS STATION STATINO,4344
PAWN AND VICTORIA PARK,4345
EGLINTON AND WESTWOOD,4346
HUMBER COLLEGE STATION AT,4347
GORDON BARKER,4348
PENWORTH AND PHARMACY,4349
BURNHAMTHORPE AND KIPL,4350
KINGSTON AND OVERTURE,4351
DUNDAS AND GLENLAKE,4352
KINGSTON AND MILITARY,4353
MORNINGSIDE AND PLANTA,4354
LANYARD AND WESTON,4355
PROMERNADE CIRCLE,4356
BARKER AND WOODBINE,4357
EGLINTON AND LATIMER,4358
DUFFE AND EGLINTON,4359
KENNEDY AND NORCAP S,4360
LEE AND QUEEN,4361
PLEASANT AND VICTORIA,4362
AVOCA AND PLEASANT BLV,4363
SENTINEL AND THE PO,4364
ABOR L AND MIDDLEFIELD,4365
BRIMLEY AND OMNI,4366
BIRCHMOUNT DIV TRAF,4367
CONNOR AND CURITY,4368
HUMBERLINE COLLEGE STATION BUS,4369
QUEENSWAY AND THE E,4370
KENNEDY AND RANSTONE G,4371
CHEMICA AND CORONATION,4372
KINGSTON AND MCCOWAN,4373
CALEDONIA AND CARTWRI,4374
BAY STATION AND WELLINGTON,4375
BERGAMONT AND ISLINGTON STATION,4376
ELLI AND THE QUEENSWAY,4377
BAYVIEW AND POST,4378
EPIC AND WILSON,4379
GIB AND THE E MALL,4380
BRIMLEY AND WETHERBY,4381
EDEN BRID AND SCARLETT,4382
GLENLAKE AND HIGH PARK,4383
CONCORDE PLACE AND WYN,4384
PARKLAWN AND RINGLEY,4385
FARR AND FINCH,4386
DUFFERIN STATION AND GLENCAIRN,4387
NORT AND THE QUEENSWAY,4388
BELLMOUNT AND YONGE,4389
MARKHAM AND PANDORA CI,4390
QUEEN STATION P AND WELLESLEY,4391
EGLINTON W AND FLANDER,4392
GUILDWOOD PARK AND PRI,4393
EVANS AND ROYAL YORK STATION,4394
BRADMORE AND WESTON,4395
BAYVIEW AND SOUDAN,4396
HANE STATION,4397
HIGHW AND QUEEN STATION PLATE,4398
COPORATE AND LEE CENTR,4399
DUNDAS AND WINDEMERE,4400
DELROY AND ROYAL YORK,4401
FINCH AND GLENBOROUGH,4402
407 AND WARDEN,4403
ENGLEMOU AND GLENCAIRN,4404
AND FALSTAFF AND KEELE,4405
DRUMMON AND ROYAL YORK,4406
SPRINGHURST AVENU,4407
RUNNYMEDE AND ST JOH,4408
BROADVIEW STATION AND COSBURN,4409
BROOKLAWN AND KINGSTON,4410
DOVERCOURT AND SHANLY,4411
KIPLING AND MATTICE,4412
O AND THORNCILFFE PARK,4413
ELLIS AND LAKESHORE,4414
BAKE AND SHEPPARD W,4415
FOURTEE AND LAKE SHORE,4416
JANE AND WEATHERELL,4417
DEAN PARK AND SHEPPARD,4418
DUNDALK AND ELLESMERE,4419
GISBURN AND PARKWOODS,4420
DYMANIC AND PASSMORE,4421
REUBEN AND WESTON,4422
LESLIE AND SHEPPARD,4423
COSENTINO AND PROGRESS,4424
ROYAL YORK AND YORKVIE,4425
BRIMINGHAM AND KIPLING,4426
BLOOR AND RESURRECTION,4427
VALENTI AND YORK MILLS,4428
LAMONT AND SHEPPARD,4429
DALBEATTIE AND GARY,4430
CRESCENT AND ROSEDALE STATION,4431
AND WILLOWBANK,4432
AND BURNABY,4433
HUNTINGWOOD AND PRINCE,4434
COMMISSIONERS E,4435
CONNER AND ST CLAIR STATION,4436
N W AND STEELES,4437
CHAPLIN CRESCENT,4438
BATHURST STATION AND HOTSPUR,4439
MIDLAND STATION AND STEELES E,4440
BURNHAMTHROPE AND S,4441
MURSION,4442
QUEEN STATION PLATE AND REXDALE,4443
BAY STATION AND QUEEN STATION QUAY,4444
ROYAL YORK AND TREHORN,4445
FINCH STATION W AND GREENVI,4446
K AND MURRAY ROSS,4447
CHISHOLM AND LUMSDEN,4448
PATON N AND SYMINGTON,4449
CASERD AND MORNINGSIDE,4450
KIRBY AND TORBARRIE,4451
COULSON AND SPADINA,4452
BRENDAN AND MOORE,4453
LAWRENCE STATION W AND WESTON,4454
BRAECREST AND WESTWAY,4455
BRAECREST AND ROYAL YO,4456
WYNFORD AND WYNFORD HE,4457
PARKVIEW HILL CRES,4458
EDGECLIFF AND LINKWOOD,4459
ALBERTA AND DAVENPORT,4460
ALBION AND FINCH STATION,4461
WOODLAWN AND YONGE,4462
DEXTER AND LESLIE,4463
DAMASCUS AND FINCH,4464
AMETHYST AND SHEPPARD,4465
DAWES AND DONORA,4466
ELLESMERE AND GLADYS,4467
HOWARD AND PARKSIDE,4468
MANITO AND NOVA SCOTIA,4469
KENNEDY AND PARK,4470
BLUEBE AND HUNTINGWOOD,4471
BYNG AND WILLDOWDALE,4472
AMAZON LOOP NEAR MORN,4473
CONLINS,4474
BROWNSPRI AND SHEPPARD,4475
AUDLEY AND NEWCASTLE,4476
ARLETTA AND SHEPPARD,4477
BAINBRIDGE AND FAYWOOD,4478
DANZIG AND MORNINGSIDE,4479
HOWAR AND INDIAN GROVE,4480
GOREMAN AND SHEPPARD,4481
MORNINGSIDE AND TEFT,4482
MARTIN GR AND RICHVIEW,4483
AND MARBERLEY CRE,4484
FINCH STATION AND SANDHURST,4485
KING STATION AND STRACHAN,4486
DUNDAS AND QUEBEC,4487
ALAMEDA AND EGLINTON,4488
300 CONSIL AND MCCOWAN,4489
GRA AND THORNCLIFFE PK,4490
DAVENPORT AND OLD WESTON,4491
WELSH AND WESTON,4492
BLOOR AND PACIFIC,4493
KING AND MCCOWAN STATION,4494
MANIZA AND WILSON,4495
FINCH AND WLFRED,4496
ALBION AND WILSON,4497
JACQUES AND STAINES,4498
MARKHAM AND ORCHID PLA,4499
ILITARY TRAIL AND MOR,4500
ISLING AND THE WESTWAY,4501
BLYTHWOOD AND YONGE,4502
BIRCHM AND DANFORTH,4503
BURNHAMTHORPE AND E,4504
COLONEL SAMUEL AND HUMBER,4505
BATHURST AND ELDERWOOD,4506
BROADVIEW AND FULTON,4507
MOUNTCASTLE AND STEELES,4508
DREWY AND HILDA,4509
ISLINGTON STATION AND LAKESHORE,4510
HICKERY T AND LAWRENCE,4511
DON MILLS AND FAIRVIEW,4512
MEDH AND VICTORIA PARK,4513
BLOOR AND RIVERVIEW,4514
MILLIKEN G AND STEELES,4515
COLVILLE AND SHEFFIELD,4516
PROVOST AND SHEPPARD,4517
JANE AND YORKGATE,4518
EASTMA AND HWY 427,4519
EXHIBITION W LOOP,4520
STAR SPRAY LOOP,4521
MARTIN GROOVE AND ROYA,4522
BURNSIDE,4523
DAVISVILLE AND Y ONGE,4524
ELLESMERE AND SCARBOROUGH,4525
DON MILLS STATION AND DUNCAN,4526
KENNEDY AND MIKE MYERS,4527
ARC AND TANDRIDGE CRES,4528
SELWYN AND ST CLAIR STATION E,4529
FENSIDE AND LYNEDOCK,4530
QUEEN STATION PLATE,4531
MARSHALL MCLUHAN H S,4532
ADELAIDE AND SHAW,4533
MARLEE AND ROSELAWN,4534
ALTAMOUNT W AND FINCH,4535
FINCH AND MIDDLEFINCH,4536
BATHURST AND ROCKFORD,4537
KINGSTON AND RLYANDER,4538
WOBURN AND YONGE,4539
ROGERS AND SCOTT,4540
ISLINGTON AND RIVERBAC,4541
LAWRENCE AND VARNA,4542
EGLINTON AND NARIN,4543
GLENMOUNT AND LAWRENCE,4544
BARK AND ISLINGTON,4545
CAR AND RENFORTH,4546
LONGBRANCH LOOP,4547
BATHURST AND ULSTER,4548
BATHU AND SHEPPARD,4549
BATHURST AND LONSDALE,4550
LAKE SHORE AND YONGE,4551
AND ELGIN,4552
LESLIE AND LESMILL,4553
SIGNAL HI AND STEINWAY,4554
BAY STATION AND QUEEN,4555
GREENWIN VILLAGE AND S,4556
COLLEGE STATION AND SPADINA,4557
OAKWOOD AV AND VAUGHAN,4558
KIPLING STATION AND LAKE SHORE,4559
PENH AND THE QUEENSWAY,4560
BLACK CREE AND KIPLING,4561
FINCH AND VIRGILWOOD,4562
AL AND ROCKCKIFFE,4563
MIDLAND AND PITFIELD,4564
JAMES AND JOHN GARLAND,4565
ESPLA AND LOWER JARVIS,4566
BAY STATION MILLS AND SHEPPARD,4567
MIDLAND AND WAINFLEET,4568
BLACK CREEK A D TRETHE,4569
ELLESMERE AND PARKWOOD,4570
SIDNEY AND WESTON,4571
HANSON AND OAKWOOD,4572
ASCOT AND DUFFERIN,4573
MORNINGSTAR AND RUNNYMEDE,4574
BAYVIEW AND GARNIER,4575
DREWERY AND NORWIN,4576
HUMBER AND MORNINGSIDE,4577
SISKIN AND STAINES,4578
BLACK CREEK AND MALPLE,4579
HWY 401 AND KEELE,4580
FERN MEAD AND LAWRENCE,4581
DON MILLS AND FAIR VIE,4582
MANI AND PRINCESS GATE,4583
MONTCLAIR AND SPADINA,4584
PHARMACY AND SUNDRIDGE,4585
LAWRENCE AND MARCO,4586
PENAIRE AND PHARMACY,4587
QUEEN STATION PLAC AND REXDALE,4588
RATB AND THE W MALL,4589
ALLEN AND YORKDALE,4590
BATHURST AND DELHI,4591
BROWN S LINE AND RIMIL,4592
KENNEDY AND LAWRENCE STATION E,4593
OAKDALE AND SHEPPARD,4594
PETER KAISER AND STEELES,4595
MAYBROOK AND PASSMORE,4596
EMPRINGHAM AND MCLEVIN,4597
SHEPPARD W S,4598
WELLNESS WAY,4599
HUMBERLINE AND VIEWCRE,4600
HORNELL AND ROYAL YORK,4601
ANTIBEE AND TORRESDALE,4602
KIPLING AND WIDDICOMBE,4603
CHAPLIN CRESCENT AND O,4604
DAVENPORT AND SYMINGTON,4605
MCCOWAN STATION AND MIDDLEFIED,4606
PRIVATE ROE LOOP,4607
PORTER AND WESTON,4608
JOHN GARLA AND KIPLING,4609
BATHFORD CR,4610
MIDLAND AND PASSMORE,4611
MOUNT DENIS GARAGE,4612
MCNICOLL DIVISION,4613
RENFORTH STATION TERMINAL,4614
BRIAR HILL AND YONGE,4615
GRENOBLE AND VENDOME P,4616
ARTHUR AND WESTON,4617
ELMBROOK AND RENFORTH,4618
UOFT LOOP MILITARY,4619
HIGHLAND AND KINGSTON,4620
DOHME AND HOLINGEER,4621
WOODBINE STATION YORK M,4622
KIPLING AND THE W W,4623
ESPLANADE AND MARKET,4624
DAVENPORT AND SYMIN,4625
ISLINGTON AND MILLWICK,4626
BRENYON WAY AND PIONEE,4627
SCARBOROUGH CENTER STAT,4628
HWY 2A AND LAWSON,4629
EGLINTON AND HENNING A,4630
EDGE AND VICTORIA PARK,4631
KIPLING STATION LO AND STEELES,4632
EGLIN AND MARTIN GROVE,4633
W AND WINDERMERE PLACE,4634
ROYAL YORK AND TENBY,4635
THE Q AND THE WESTMALL,4636
SOUT AND VICTORIA PARK,4637
DENISON AND JANE,4638
CONSILLIUM AND CORPORA,4639
HUDDERS FIELD,4640
DUNDAS AND SCARLETT,4641
WESTWOOD MALL TERMINAL,4642
CANNING AND PAPE,4643
EXIBITION LOOP,4644
CALEDONIA AND GLENCAIRN STATION,4645
AMAZON CENTRE AND MORN,4646
PARLIAMENT AND WELLESLEY STATION,4647
CANTLE P AND MALL,4648
DUFFERIN STATION ADN JANE STATION OSLE,4649
PROGRESS AND ROSEBANK,4650
BATHURST AND FARRELL,4651
BROADVIEW AND JACK LAY,4652
KEELE AND VICTORY,4653
EGLINTON W STATON,4654
COPTHORNE AND MIDLAND,4655
N GATE AND WILSON,4656
MORNINGSIDE AND PSSMOR,4657
ANACOND AND BIRCHMOUNT,4658
TALG AND THE E MALL,4659
LESLIE STATION CARHOUSE,4660
BATHURST AND FORT YORK,4661
LAKE SHOR AND WOODBINE,4662
CHELMSFORD AND DREWRY,4663
OCONNOR AND ST CLAIR,4664
FOUNDER AND STEELES,4665
MCCOWAN STATION AND MIDDLEFIELD,4666
LAWRENCE AND LEDBURY,4667
COXWELL AND MORTIMOR,4668
CENTENARY HOSPITAL,4669
WILSON STATION PRIN,4670
WILSON STATION DUFF,4671
KEELE AND YORE,4672
WARDEN STATION BUS P,4673
JANE AND JOHN,4674
KI AND WESTHUMBER,4675
KEELE AND TILBURY,4676
EGLINTON AND MT PLEASE,4677
ALMA AND DUFFERIN,4678
BRO AND EGLINTON E,4679
BRITISH COLU AND YUKON,4680
SHEPPARD,4681
SUMMER HILL STATION,4682
JUDSON AND ROYAL YORK,4683
EGLINTON W STAITON,4684
RONCESVALLES CARHOUSE,4685
EGLINTON SOUTH AND YONGE,4686
CANADA AND MANITO,4687
DIXON AND RIVERVIEW HE,4688
CAMBERWEL AND EGLINTON,4689
SHEPPARD AND WATER TOW,4690
GUILDWOOD AND NAVARRE,4691
DUFFERIN STATION ADN QUEEN STATION,4692
INDUSTRY,4693
KIPLING STATION 900,4694
EGLINTON AND SINNOTT,4695
CULFORD AND LAWRENCE STATION W,4696
BELLBROOK AND KENNEDY,4697
QUEENSWAY AND STEPHEN,4698
SHER AND THE QUEENSWAY,4699
LANGLEY AND PAPE,4700
CHICOUTIM AND LAWRENCE,4701
BALDOON AND CROW TRAIL,4702
ALBION R AND ISLINGTON,4703
GREN AND SPANBRIDGE,4704
EARNSCLI AND GLENHOLME,4705
BURN AND THE E MALL,4706
DUNDAS AND HIGH PARK STATION,4707
KENNEDY STATION PLATFORM B,4708
STEELES AND TRETHEWEY,4709
CROSLAND AND REDDINS,4710
CONCORDE PLACE AND COR,4711
BRIMLEY AND HUNTINGWOO,4712
BAYVIEW AND FRONT,4713
CROMWELL AND KENNEDY,4714
CONSILIUM AND MCCOWAN,4715
CLYD AND VICTORIA PARK,4716
PLEA AND VICTORIA PARK,4717
DINGWALL AND PAPE,4718
ALLIANCEN AND ROCKCLIF,4719
SUNNY AND WELLNESS WAY,4720
BROWNS LINE AND DOVER,4721
E AND SERVICE,4722
LAWRENCE STATION AND ST CLAIR,4723
DON MILLS AND DON WAY,4724
BIRMINGHAM AND FOURTEE,4725
BAY AND HARBOUR,4726
BLOOMINGTO AND HUMBERLINE,4727
COE HILL AND WINDERMER,4728
MCCOWAN STATION LO AND STEELES,4729
ARROW AND GAIL GROOVE,4730
ABKINSON AND CLARK,4731
JARVIS AND QUEEN STATION,4732
COLONEL SAMUEL SMITH A,4733
ADOBIGOK AND ST ALBANS,4734
GERDINE AND PARLIAMENT,4735
COMMISSIONERS AND DON,4736
EGLINTON AND SERVICE R,4737
FINCH AND LINUS,4738
DONNALYN AND PECKHAM,4739
ARROW AND GAIL GR,4740
NEILSON AND WICKSON,4741
EDDYSTONE AND OAKDALE,4742
KENHATCH AND MCCOWAN,4743
MAJOR MACKENZIE D,4744
ELLESMERE AND MILLITAR,4745
DEAUVILLE LANE AND GRE,4746
GLENHOLME AND ST CLAIR STATION,4747
PEWT AND SHEPPARD W,4748
BROOKER AND LAKE SHORE,4749
GREY AND LAWRENCE,4750
ALBERT KA AND DANFORTH,4751
PECKHAM AND PLEASANT,4752
BILINGHAM AND DUNDAS,4753
FAIRWAY AND ISLINGTON,4754
HAHN AND LONGBOAT,4755
FINCH AND PAGE E O,4756
TERMINAL 3 C2,4757
BLACK CRE AND EGLINTON,4758
ANS AND WILSON STATION HEIGHTS,4759
GREENWOOD AND KERR,4760
RUNNYMEDE AND ST JOHN,4761
401 AND BAYVIEW,4762
BROADVIEW AND BROWNING,4763
ELLESMERE STATION,4764
CHERRY AND LAKESHORE,4765
CENTENTIAL COLLEGE STATION,4766
QUEENSWAY AND W MAL,4767
AND DUNBLAINE,4768
DENNISON AND MARKHAM,4769
KINGSTON AND QUEENSBUR,4770
BAYVIEW STATION AND POST,4771
LAKESHORE AND SAULTER,4772
RONC AND THE QUEENSWAY,4773
KIL AND MIDLAND,4774
BLOOR AND WUNDERMERE,4775
GREENWOOD STATION AND OCONNOR,4776
BURNHAMTHORPE AND WIND,4777
MCLEVIN AND SHEPPARD,4778
EGLINTON BETWEEN MENIN,4779
LANSDOWNE AND QUEEN STATION N,4780
MACDONNELL AND QUEEN,4781
MCCOWAN AND WARDEN STATION,4782
KELLE AND WILSON STATION,4783
SCRUNTHOR AND SHEPPARD,4784
WOLSELEY LOOP,4785
BAY AND GRENVILLE,4786
HWY 2 AND MILITARY TRA,4787
HUMBER ESTHER LOR,4788
ASHBURY AV AND OAKWOOD,4789
OLD WESTON AND ST CLA,4790
BARKER AND COXWELL,4791
LEXFIELD AV AND WILSON,4792
SB HWY 427 N O,4793
EGLINTON DANFO,4794
FINCH STATION W AND SIGNET,4795
ATKINSON AND BATHURST,4796
ELLESMERE AND YORK MIL,4797
KENNEDY STATION AND MIDLAND,4798
BOLSTER AND PHARMACY,4799
NOVA SCOTIA AND PRINCE,4800
BAYVIEW AND DAVISVILLE STATION,4801
SCARSDA AND YORK MILLS,4802
LAWRENCE STATION AND PARK LANE,4803
COM AND WHEETRANS EXIT,4804
TOWNSLEY LOOP ST CLAI,4805
OVERLEA AND W SIDE,4806
COMMISSIONERS AND LAKE,4807
GRAND AND MANITOBA,4808
OAKWOOD AND ROSEMOUNT,4809
STC STATION,4810
AND MABERLEY CRES,4811
FINCH STATION AND SENTAX,4812
EASTVALE R AND STEELES,4813
DINGWALL AND PAPE STATION,4814
LAWRENCE AND LOVERS,4815
DUNDAS AND ISLINGTON STATION,4816
CLEVELA AND DAVISVILLE,4817
JESMON AND OAKWOOD,4818
DRIFTWOOD AND GRANDRAVINE,4819
PRINCESS,4820
MAJOR MACKENZIE AND RI,4821
JANE AND SPENVALLEY,4822
BERING AND ISLINGTON,4823
ATOMIC AND QUEEN,4824
LANSDOWNE AND PLAYFAIR,4825
CANADIAN AND WARDEN,4826
CAYUGA AND WESTON,4827
BRENTCLIFFE AND VANDEE,4828
SHERBOURNE STATION B,4829
KIPLING STATION GO,4830
BARNATYNE AND SILVERGR,4831
HOLLAND PA AND OAKWOOD,4832
FENLEON LOOP,4833
C AND NEW W MINSTER,4834
KINGSTON AND PORT UNIO,4835
NOVA AND QUEEN,4836
GORDON MACKAY AND JANE,4837
BARMAC AND ORMOUNT,4838
WARDEN STATION BUS L,4839
JETLIN AND SILVER DART,4840
CA AND THE BRIDLE WALK,4841
TERMINAL 3 PEARSON,4842
QUEENSWAY AND WINDERME,4843
DUPLEX AND FINCH,4844
ELLESMERE AND ROLARK,4845
GRENOBLE AND VENDOM,4846
KIPLING STATION K AND STEELES,4847
SHEPPARD AND YONGE STATION,4848
DUFFERIN AND FINCH STATION SOUTH,4849
ROGERS AND SILVERTHORN,4850
FINCH STATION SOUT AND WESTON,4851
GREENWOOD AND O CONNOR,4852
MCCOWAN AND TOWN CENTRE,4853
HARBORD AND OSSINGTON STATION,4854
LAWRENCE AND ORCHARD P,4855
COLLEGE AND OSSINGTON STATION,4856
MCCOWAN AND SOUTHDALE,4857
DUCKWORTH AND LAWRENCE,4858
LESLIE AND NYMARK,4859
BLACKWELL AND TAPSCOTT,4860
MORNINGVIEW AND SEWELL,4861
LAKESHORE AND WOODBINE,4862
GREY AND VICTORIA PARK,4863
BLUFFERS PARK,4864
KINGSTON AND ROCKWOOD,4865
MARKHAM BETWEEN 4,4866
DALESFO AND ROYAL YORK,4867
ALLEN ROAD AND LAWRENCE,4868
ST CLAIR AND WYNCHWOOD,4869
ASPE AND PARKVIEW HILL,4870
CANADINE AND MIDLAND,4871
FINCH AND SKYMARK,4872
EGLINTON AND LOCKSLEY,4873
KENNEDY AND RANSTONE,4874
KENNEDY AND LOVERING,4875
FIRWOOD AND LLOYD MANN,4876
ATLAS AND EGLINTON W,4877
AIRPORT AND DERRY,4878
FINCH AND TIFFIELD,4879
PEARSON TERMINAL 1 AR,4880
QUEEN STATION PARKS CRES,4881
HIGHVIEW AND KENNEDY STATION,4882
DEAN PA AND MEADOWVALE,4883
SHERWAY AND THE,4884
GLENHOLME AND ROGERS,4885
STEELES,4886
BROADOAK AND DERRYDOWN,4887
BONESET AND SHEPPARD,4888
HARBORD AND YONGE,4889
BELLFIELD AND MARTIN G,4890
CACTUS AND GREEN BUSH,4891
CHAPLIN AND DAVISVILLE STATION,4892
LAWRE AND MORNING SIDE,4893
OLD KINGSTON,4894
AUKLAN AND DUNDAS STATION W,4895
BAY STATION AND KING,4896
EGLINTON AND HARVIE,4897
CHESTWOOD AND SHEPPARD,4898
ARTILLERY AND MIDLAND,4899
COLDWATER AND LESLIE,4900
CONNOR AND GLEBEMOUN,4901
COBBLER AND DRIFTWOOD,4902
AND OTTER,4903
SPRING AND WILLOWDALE,4904
BROADVIEW AND POTTERY,4905
JACK LAYTON AND ST MA,4906
CANWAY AND OAKWOOD,4907
DUNDAS STATION AND RIVER,4908
COSBURN AND TODMORTEN,4909
CROW TAIL AND TAPSCOTT,4910
CONNOR AND GREENWOOD STATION,4911
SLOANE AND TINDER CRES,4912
CHISHOL AND DON CASTER,4913
LAKE SHORE BOULEVA,4914
FINC STATION,4915
FENTON AND STEELES,4916
HARVEST AND OLD FINCH,4917
SAMBA,4918
NUGGET AND SHORTING,4919
GREENWIIN VILLAGE,4920
DANFORTH AND TRUDEL,4921
ROSEDALE STATION,4922
COXWELL AND O CONNOR,4923
HICKORY TRE AND WESTON,4924
HARLOCK AND SHEPPARD,4925
KENNEDY AND TRANSWAY,4926
LAWRENCE AND ROXALINE,4927
SHEPPARD AND WILLIAM,4928
CARDINAL AND LAWRENCE,4929
MCCOWAN STATION,4930
SCUNTHROP AND SHEPPARD,4931
DON MILLS STATION AND GRAYDON,4932
WARDEN STATION DN STEELES,4933
FINCH STATION SUBWAY,4934
KEELE AND YONGE,4935
EGLINTON AND ROLAND,4936
OSSINGTON AND ST CLAIR STATION,4937
HUMBERLINE AND JANE STATION,4938
EARLCOURT LOOP,4939
GREENWOOD STATION C AND OCONNOR,4940
PORT UNION AND RAVINE,4941
ELLESMERE STATION AND WESTON,4942
DOCKSI AND QUEEN STATION QUAY,4943
BAYVIEW AND FOREST HEI,4944
CARLIN AND RENFORTH,4945
CONAIR AND RENFORTH,4946
QUEENSWAY AND WINDEMERE,4947
ALLEN AND WILSON,4948
KEELE AND MAPLE LEAF,4949
NICKLE AND WESTON,4950
COLONEL SA AND KIPLING,4951
HEATH AND MT PEASANT,4952
AND ELM AV,4953
GALLOWAY AND GUILDWOOD,4954
CLAYTON AND WILSON,4955
CREE AND MCCOWAN,4956
ST CLAIRSTATION,4957
BIRCHWO AND YORK MILLS,4958
EGLINTON JONESVILLE,4959
E MAL AND QUEENSWAY,4960
WESTWOOD SQUARE BUS TE,4961
SCARBOROUGH CENTRE CEN,4962
BEMERSYDE AND EGLINTON,4963
SHEPPARD AND YUKON LAN,4964
BOWDEN AND FAIRVIEW,4965
MATTHEWS AND WILSON,4966
HUPFLIED AND MCLEVIN,4967
UOFT SCARBOROUGH LOOP,4968
MAJOR MCKEN AND MINGAY,4969
GITSPUR AND JANE,4970
BAYVIEW AND BAYVIEW STATION ME,4971
ADELAIDE AND PARLIAMENT,4972
PHARMACY,4973
MILVERTON AND WOODBINE,4974
DIXON AND KELFIELD,4975
DUNDAS STATION AND GREENWOOD,4976
SHEPPARD AND VITTIT,4977
FRONT AND PARLIAMENT,4978
QUEEN STATION AND YORK,4979
PIOPNEER VILLAGE STATI,4980
STEELES JUST OUTSIDE,4981
MORNINGSIDE AND WARDEN STATION,4982
EGLINTON AND WALKWAY T,4983
GALLOW AND KINGSTON,4984
MARTIN GROVE AND VULCA,4985
KING AND YORK,4986
KINGSTON AND RYLAND,4987
THE WESTWAY AND TREHOR,4988
CALE AND ST CLAIR STATION W,4989
MANI AND PRINCES,4990
GULIVER AND KEELE,4991
MIDDLEFIELD AND OPPOSI,4992
KEELE STATION AND MURRAY ROSS,4993
LITTLES AND OLD FINCH STATION,4994
IONSON AND WARDEN,4995
SHEPPARD AND SHORTING,4996
BELLAMY AND FARMBROOK,4997
BARTLEY AND BERMONDSEY,4998
WILSON STATION YARD TRACK 36,4999
AMBROSE AND SHEPPARD,5000
DANFORTH AND ST DUNSTO,5001
LAKE SHORE E,5002
QUEENSWAY AND TAYMALL,5003
CONSUMER AND YORKLANDS,5004
DONALD AND KEELE,5005
BENTON AND LAWRENCE,5006
SCARBOROUGH CENTRE ALT,5007
BATHURST AND DEWLANE,5008
PROSPECT CE AND ROGERS,5009
BIRCHMOUNT AND ENTERPR,5010
BRIMLEY AND ELGAR,5011
ALEXMUIR AND FINCH,5012
KIPLING AND WINGROVE,5013
LAWRENCE AND S STATION,5014
GERRARD STATION BETWEEN COXWELL STATION,5015
PINE AND SCARLETT,5016
ANSON AND MCCOWAN,5017
BURNHAMTHO AND LIP ING,5018
ADELAID AND SHERBOURNE,5019
INDUSTRY ST OUTSI,5020
BLACK CREE AND HWY 400,5021
BAL AND SHEPPARD E,5022
BATHURST STATION ROUTE,5023
WARDEN STATION ND FAIRFAX,5024
MANITONA AND NOVA SCOT,5025
CHAPLIN AND COLIN,5026
GOULD AND YONGE,5027
QUEEN AND RONCEVALLES,5028
SILVERDALE AND YORK MI,5029
FLEMINTON AND VARNA,5030
KENNEDY STATION AND WICKWARE,5031
EGLINTON AND RANGOON,5032
REDLEA LOOP,5033
COLONEL SAM SMITH PARK,5034
CENTENARY HOSPITAL LOO,5035
EGLINTON AND MARKHAM R,5036
GREENWOOD AND WALPOLE,5037
BERRY AND PARKLAWN,5038
KING STATION HIGH A AND WILSON,5039
ENTER AND MARTIN GROVE,5040
LANSDOWN AND QUEEN STATION,5041
LAWRENCE STATION AND ROYAL YORK,5042
JANE STATION AND ST CLAIR STATION W,5043
SHEPPARD AND,5044
BROWNSLINE AND WOODBUR,5045
SETTLERSQ AND SHEPPARD,5046
MONTGOMERY AND YONGE,5047
KEELE AND LLOYD,5048
RAYSIDE,5049
ESPLANADE AND PRINCES,5050
DREWERY AND YONGE,5051
ST CLA AND WARDEN,5052
FORTUNE G AND LAWRENCE,5053
SILVERV AND WILLOWDALE,5054
TAPSCOTT,5055
CHAPLIN AND,5056
CHURCH AND WOOD,5057
SANTA MON AND ST CLAIR,5058
BRIMLEY AND COMRIE TE,5059
FLEET AND FORT YORK,5060
SIGNET STEELES,5061
BAY AND WELLESLEY STATION,5062
ISLINGTON AND WINNIPEG,5063
LYTTON AND YONGE,5064
DEWSON AND OSSINGTON,5065
ISLINGTON AND MONOGRAM,5066
PIONEER VILLGAE STATIO,5067
SUNSET AND WESTON,5068
LEASIDE AND OVERLEA,5069
CONCO AND CONCORD GATE,5070
HARE AND VICTORIA PARK,5071
CENTENNIAL COLLEGE STATION L,5072
COMSTOCK AND WARDEN STATION,5073
DAVISV AND MT PLEASANT,5074
BERNE AND WASHBURN WAY,5075
BATHURST AND CLAXTON,5076
ISLINGTON AND TITAN,5077
JEFFC AND MARTIN GROVE,5078
WOODBINE STATION RACETRACK LOOP,5079
BICKERTO AND VAN HORNE,5080
STEELES MIDDLE,5081
CONSTANTI AND PROGRESS,5082
UPPER HIGHLAND CRESCENT,5083
SCARBOROUGH TOWN CENTER,5084
HWY 400 AND JANE,5085
GARRY AND OAK,5086
LAWRENCE STATION AND PARK,5087
REDLEA,5088
BROOKHAVEN AND FOX POI,5089
O CONNOR AND SANDRA,5090
E AND ISLAND,5091
ELLESMERE STATION AND KINGSTON,5092
CARLAW AND QUEEN,5093
SHEPPARD ANDE BRECKON,5094
BLOOR AND KOOS,5095
STC STATION BUS PLAT,5096
DON MILS AND OVERLEA,5097
MILNER AND MURISON,5098
VICTORIA PARK STATION GARAGE,5099
FAWCETT TRAIL,5100
DUFFERIN AND WENDERLY,5101
ALLEN,5102
ST CLAIR STATION AND VICTORIA,5103
ELMHURST AND TAYROW,5104
DUFFERIN AND HORBURN,5105
GULLIVER AND KEELE STATION,5106
COOPERATE AND MCCOWAN,5107
BUCKLAND AND SHEPPARD,5108
WOODBINE STATION DOWNS BOULV,5109
PRINCES,5110
SERVICE W EG,5111
HUMBERLINE AND JANE,5112
WESTON AND YORK,5113
EGLINTON AND N SER,5114
BAYVIEW AND BYNG,5115
CHERRY BEACH LOOP,5116
JANE STATION AND LAMBTON,5117
FERN AND WESTON,5118
DUFFERIN STATION LAWRENCE STATION TO,5119
OVERLEA MILLWOOD D,5120
CURITY AND HOLLINGER,5121
HUMBERWOOD BOIULEV,5122
KNOB HILL AND OAK,5123
HWY404 AND VAN HORNE,5124
LANSDOWNE STATION LOOP,5125
BEDFORD AND DAVENPORT,5126
BEDFORD AND DUPONT STATION,5127
BAYVIEW AND NESBITT,5128
CONNOR AND DONLANDS STATION,5129
COLLEGE AND YONGE,5130
GERRARD STATION EAST,5131
OF T SCARBOROUGH C,5132
ST CLAI AND TWEEDSMUIR,5133
DUNDAS STATION W AND KEELE,5134
BATHURST AND VESTA DRI,5135
BIRCHMOUNT AND BROOKMI,5136
OSSINGTON STATION HARBORD,5137
KILCULLEN AND MIDLAND,5138
STEELES AND TARBERT,5139
LAIRD AND WICKSTEED,5140
DONLANDS AND PLAINS,5141
BELGRAVIA AND MARLEE,5142
BRIAN AND SHEPPARD,5143
BATHURST AND RAEBURN,5144
SHEPPARD AND WILLOWDAL,5145
BIRCHMOUNT AND DENISON,5146
CONSUMERS AND HALLCROW,5147
MALVERN DIVISION,5148
ETLIN DANIE AND WILSON,5149
TREHORNE AND WESTWAY,5150
DANFORTH AND MAGNOLIA,5151
ORMONT AND TORYORK,5152
DUFFERIN AND ROSEMOUNT,5153
CANARCTIC AND KEELE,5154
SEAGRAVE AND WARDEN,5155
DONWAY E AND LAWRENCE STATION,5156
CENTRE AND WILLOWDALE,5157
HOSPI AND WELLNESS WAY,5158
WOODBINE STATION STATINO,5159
TERMINAL 3 EXIT RAMP,5160
HUMBER AND HUMBERWOOD,5161
CHURCH AND ROSEMOUNT,5162
DUPONT AND WILLVALE,5163
BROWN S LINE AND WOODB,5164
MANI AND PRINCESS,5165
MEADAOWVALE AND SHEPPARD,5166
CHANCERY AND GUILDWOOD,5167
SOUTHPORT AND WINDERME,5168
EDITHVALE AND FINCH,5169
BLACK CREEK AND THRETH,5170
BEVERLY HILLS AND JANE,5171
LESLIE STATION AND SHEPPARD,5172
BENTWORT AND CALEDONIA,5173
WILSON STATION BETWEEN JANE STATION,5174
JANE STATION DUF AND WILSON,5175
HUMBER COLLEGE AND SIL,5176
COXWELL AND GLEBEHOLME,5177
AND TAPSC AND MCNICOLL,5178
FINCH STATION DE AND FINCHDENE,5179
JANE AND TROUTBROOK,5180
DON MILS AND THE DONWA,5181
LOWER SHERBOURNE AND T,5182
GREEN C AND HUMBERWOOD,5183
NUGGET,5184
UPTON AND WARDEN,5185
VICTORY CRESENT,5186
WILSON STATION SATIONS,5187
LESLIE STATION AND STEELES,5188
KINGSTON AND WHIT,5189
YORKDALE STATION MALL,5190
THE DONWAY E AND WI,5191
EGLINTON AND PEAREN,5192
JOHN AND MARTIN GROVE,5193
NORT AND THE E MALL,5194
INDIAN GROVE,5195
JANSUSIE,5196
WOODBINE STATION CASINO LOOP,5197
PRINCE A AND ST GEORGE,5198
HUMBER LOOP AND THE QU,5199
BEDF AND PRINCE ARTHUR,5200
EVANS AND SHELDON,5201
COMMISIONERS AND LESLIE STATION,5202
DON MILLS AND FINCH STATION TO,5203
ATLAN AND LIBERTY,5204
HACK AND PARKVIEW HILL,5205
LIVONIA PLACE MORN,5206
HWY 4 AND SHEPPARD,5207
IAN AND MACDONALD,5208
BLOOR AND CASTLE FRANK STATION,5209
BARKDENE AND BROOKLAWN,5210
SHERRY AND WARDEN,5211
DUNDAS STATION W AND JANE,5212
SYDNEY BELS AND WESTON,5213
NOVA AND PRINCESS,5214
EDMUND AND WESTON,5215
ATLAS AND EGLINTON,5216
ELLESMERE AND ZAPH,5217
JANE AND PRICHARD,5218
BURGUNDY AND WESTON,5219
QUEE AND THE W MALL,5220
BAKERSFIE AND ST REGIS,5221
CROSSLANDS AND REDDINS,5222
GILTSPUR AND TURKS,5223
EGLINTON AND SLOANE,5224
BEVERIDG AND UNDERHILL,5225
MID DOMINIO AND MILNER,5226
HWY 427 TERMINAL,5227
JEFFCOAT AND MARTIN GROVE,5228
E PRO AND PROMENADE,5229
KIPLING AND WESTHUMBER,5230
TERMINAL 1 PEARSON,5231
ALEXANDER AND YONGE,5232
DONWAY AND LAWRENCE STATION,5233
LAWRENCE STATION AND THE DONWAY,5234
HUMBER COLLEGE STATION BUSTERM,5235
AVENUR AND ROSELAWN,5236
EGLINTON AND GARDINER,5237
AND GLENGROVE,5238
ST CLAIR AND,5239
ENGLEMOU AND LAWRENCE,5240
ENGLEMOUN AND LAWRENCE,5241
MILITARY TRAIL AND OLD,5242
WOODBINE STATION BEACH LOOP,5243
CARLAW AND VICTORIA,5244
COBBLE AND ROYAL YORK,5245
LUELLA AND MARKHAM,5246
AND ST GERMAIN,5247
HIRONS AND KEELE,5248
MORE AND VICTORIA PARK,5249
MEADOVWALE LOOP,5250
EXHIBITION E LOOP,5251
CROSSLAND AND REDDINS,5252
CARPEN AND FISHERVILLE,5253
LIBERTY AND LYNN,5254
AND ORCHARD GRO,5255
BELLE A AND DAVISVILLE,5256
401 AND WARDEN,5257
427 AND TERMINAL 3,5258
HANLEY AND JANE,5259
EGLINTON AND RONALD,5260
MOULD AND ST CLAIR,5261
HICKORY AND LAWRENCE,5262
DANFORTH AND EDGELY,5263
NIGHTSTAR,5264
EGLINTON W AND SCAR,5265
BLAKE MANO AND MARKHAM,5266
KEAN AND THE E MALL,5267
BURNHAMORPE AND THE,5268
DUFFERIN STATION ND ROGERS,5269
OVERLEA AND WILLI,5270
DANFORTH AND HOLLYH,5271
ARLETA BETWEEN GRANDRA,5272
EGLINTON BUS GARAGE,5273
PAPE AND WITHROW,5274
BATHURST AND GREEN WIN,5275
EGLINTON E AND VICTORIA,5276
ROYAL AND THE W WAY,5277
CALVINGTON AND LEXFIEL,5278
MAHER AND RUNNYMEDE,5279
BAY AND RICHMOND,5280
EUCLID AND MEADOWVALE,5281
CALVINGTON AND KEELE,5282
WELLESLEY STATION LOOP,5283
FERMOY AND ST CLAIR,5284
DUFFE AND SASKATCHEWAN,5285
BARBER G AND DON MILLS,5286
PARK LAW AND QUEENSWAY,5287
CLAYSON,5288
TORONTO TRANSIT CONTRO,5289
EXBURY,5290
CASTLE KN AND EGLINTON,5291
AUDLEY AND PORTALND,5292
DIXON AND HWY 427,5293
CARPENTER,5294
KENNEDY AND MIKE MEYER,5295
BRIMLEY AND GOLDEN GAT,5296
MOUNT PLE AND ST CLAIR,5297
DIRECTOR CT AND STEELES,5298
BELLAMY AND PORCHESTER,5299
CANIFF AND STRACHAN,5300
BESWICK AND BIRCHMOUNT,5301
SAXONY AND SCARLETT,5302
MT PLEASA AND ST CLAIR,5303
TRAN AND WILLIAM ALLEN,5304
DAVENPORT AND WALMER,5305
BELLAMY AND ELLESMERE STATION,5306
HIGH STR AND QUEENSWAY,5307
RAMP EGLINTON E,5308
BAY AND ELM,5309
NORTHCLIFFE AND ROGERS,5310
FOR AND LAKESHORE,5311
ROXBOROUGH,5312
BEVERLEY HI AND WILSON,5313
HOPEWELL AND MARLEE,5314
EGLINTON AND MORNINGSIDE,5315
FERRIER AND STEELES,5316
THE E MALL AND W,5317
LOCUST LODGE AND STANL,5318
BAYVIEW AND SHEPPARD,5319
LESLIE AND MCRAE,5320
GIBSON AND LAWRENCE,5321
AMROTH AND DANFORTH,5322
COSBURN AND VIRGINIA,5323
SLIVER STATION AND STEELES,5324
MOUT DENNIS GARAGE,5325
BRIMLEY AND FINCH STATION,5326
HWY 2 AND MARTIN GROVE,5327
SPADINA STATION YUS STATION,5328
AMIENS AND KINGSTON,5329
LAKESHORE AND LOGAN,5330
BIRMINGHAM AND TWELFTH,5331
STEELES LOOP KIPLING STATION,5332
DUFFERIN AND TEMPLE,5333
BEDFORD AND ELM,5334
CARLINGTONQ AND DIXN,5335
FALLINGBR AND KINGSTON,5336
LOOP AND STEELES,5337
RUNNYMEDE AND ST CLAI,5338
OV AND WILLIAM R ALLEN,5339
FINCH AND GLENSBOROUGH,5340
ELLESMERE AND MORNELLE,5341
BAYCREST AND THE WESTW,5342
SANTAMON AND ST CLAIR,5343
LEASIDE PA AND OVERLEA,5344
DON MILLS AND TOWN SEN,5345
BATHURST AND LYTTON,5346
UNDERWOOD AND VARISTY,5347
ELLE AND KINGSTON,5348
DOGLEG AND SHARPECROFT,5349
JADE AND KENNEDY,5350
CORDOVA AND ISLINGTON,5351
JOHN AND KING,5352
DIRECTO AND OLD WESTON,5353
CHINE AND KINGSTON,5354
EGLINTON STAITON,5355
HWY AND VICTORIA PARK,5356
ERINGA AND WELLESWORTH,5357
GOSWELL AND KIPLING,5358
CALEDONIA AND OFUS,5359
CHISHOLM AND CREWE,5360
MORNING VIEW AND OLD F,5361
GREENWOOD STATION AND MIDLAND,5362
PARK LAWN LOOP,5363
LAWRENCE STATION W AND MARL,5364
FLINDON AND WESTON,5365
EGLINTON STATION EGL,5366
DONLANDS STATION AND PAPE,5367
DANFORTH AND WOODBINE,5368
AND MORTIMER AND PAPE,5369
BLOOR AND PRINCE EDWAR,5370
DAVISVILLE AND MT PLEA,5371
FLORENCE AND ST CLAIR,5372
PAULS AND TRETHEWEY,5373
ATTWELL AND DISCO,5374
MA AND THE BRIDLE WALK,5375
GRAND MARSHALL,5376
WESTON AND WILSON,5377
DONLANDS AND MORTIRMER,5378
GRAND AND THE QUEENSWAY,5379
DAVENPORT AND EMERSON,5380
FINCH STATION FEMALE,5381
MCCOWAN AND WOODSIDE,5382
MILNER AND SCUNTHORPE,5383
KENNEDY AND REIDMOUNT,5384
FINCH STATION E AND LAR,5385
PIONEER VILLE STATION,5386
GLENCAIRN AND HAVEN,5387
ADVANCE AND KIPLING,5388
N AND SHORNCLIFFE,5389
ADOBIGO AND ST ALBANS,5390
KINGSTON AND MORNING,5391
BAYVIEW AND FIFESHIRE,5392
BROADOAKS AND HUCKNALL,5393
BRIMLEY AND KINGSTON R,5394
BROADVIEW AND PETROLIA,5395
BIRCHMOUNT AND MAIN,5396
BLEEKER AND WELLESLEY,5397
CARNFOR AND LAWRENCE STATION E,5398
CHAUKFARM AND JANE,5399
HWY 27 AND NEW PRO,5400
BERTRAND AND WARDEN STATION,5401
BATHURST STATION AND SHALLMAR,5402
JETHROW AND TORBARRIE,5403
STARSPRAY,5404
ISLINGTON STATION AND WARDLAW,5405
OLD FINCH AND VALLEY C,5406
QUEEN STATION EGLINTON,5407
MALVERN AND MAMMOTH,5408
BENTON AND LAWRENCE STATION,5409
WILSON STATION STATRION,5410
COLLINSON AND WILSON,5411
QUEEN STATION PARK STATION,5412
DEWSON S AND OSSINGTON,5413
SUNSET TRAI AND WESTON,5414
DUPONT AND HOWLAND,5415
UPPER H AND YORK MILLS,5416
DUPONT STATION AND LANDSDOWNE,5417
MAXWELL AND SHEPPARD,5418
EGLINTON AND JIMMY WIL,5419
KIPLING AND PRINCESS M,5420
RAJAH AND WASDALE,5421
CAESAR AND ROCKCLIFFE,5422
GRENOBLE AND VENDONE,5423
BELLAMY AND GRACE,5424
CENTENIAL COLLEGE STATION,5425
CLARKHILL AND FINCH,5426
BAYVIEW AND WOOD,5427
WINDERM AND WINDERMERE,5428
KIPLING AND NORTHCREST,5429
SHEPPARD E AND YONGE,5430
ELLESMERE AND MORNING,5431
OF T,5432
AIRPORT AND VICTORY,5433
FI AND FINCHENE SQUARE,5434
DEAUVILLE AND GRENOBLE,5435
HWY 27 AND VICE REGENT,5436
FINCH STATION BUS TERMINAL,5437
HUMBERLAND AND KINGSPL,5438
LITTLE AND MORNINGVIEW,5439
BRIMLEY AND BRIMLEY WO,5440
JUILAN AND WILSON,5441
DANFORTH AND EMMOTT,5442
ISLINGTON STATION AND STEELES LOOP,5443
TURNBURY AND YONGE,5444
ARDAGH AND JANE,5445
BENTON AND COLVILLE,5446
CRAIGLEE AND KENNEDY,5447
DUNDAS STATION ANDS SCARLETT,5448
STARVIEW AND WESTON,5449
ELLERSLIE AND YONGE,5450
FURN AND VICTORIA PARK,5451
LITTLES AND SEWELL,5452
BRENYON W AND SHEPPARD,5453
CARDWELL AND KENNEDY,5454
LAWRENCE STATION AND RENFORTH,5455
ST B AND VICTORIA PARK,5456
KING STATION AND STRANCHAN,5457
PARKSIDE AND QUE,5458
BOUCHETT AND LAKESHORE,5459
BERKLEY AND ESPLANADE,5460
INDIAN AND MERRICK,5461
WESTHUMBER ESTHER LORR,5462
ESPLANADE AND LOWER JA,5463
LAKESHORE BETWEEN CH,5464
ISLINGTON STATION EX,5465
MILLWOOD AN AND OVERLEA,5466
PETER KAIZER AND STEELES,5467
FINCH AND KENNETH,5468
GRAND RIV AND SHEPPARD,5469
MILLWOOD AND SOUTHVALE,5470
KIRKHAM AND PARK,5471
LAKESHORE AND NORTHERN,5472
RUNNYMEDE AND WEBB,5473
BYLAND AND KIPLING,5474
BATH AND NEPTUNE,5475
OLD YORK MIL AND YONGE,5476
SELKIRK AND WOODYCREST,5477
CLAIR AND MAYBERRY,5478
RUNNYMEDE STATION LOOP,5479
CLEARVIEW AND KEELE,5480
GARDINER AND PARKLAWN,5481
KENRAE AND LAIRD,5482
ARMIS AND WELLNESS WAY,5483
BAYVIEW AND WELLNESS W,5484
KENHAR AND WESTON,5485
MARK AND THE ESPLANADE,5486
HOPTREE,5487
TERMINAL 3 RAMP,5488
MARKHAM AND PAINTED PO,5489
CHURCH AND THE ESPLANADE,5490
GREENSPIRE AND MCLEVIN,5491
GERRARD STATION AND WOODBINE,5492
HWY 2 AND LAWSON,5493
DUFFERIN AND FINC,5494
PEARSON AND TERMINAL 3,5495
CONFERENCE AND PO,5496
QUEEN STATION PARK CRESCENT,5497
MCDONNEL AND SEAFORTH,5498
EGLINTON AND MOUNT DEN,5499
BATHURST AND CANYON,5500
BATHURST AND MONTCLAIR,5501
CULFORD AND WYNDALE,5502
ELMHURST,5503
ST CLAIRY STATION,5504
BATHURST AND CRANBROOK,5505
SHERBOURNE STATION ST,5506
KIMBARK AND LAWRENCE,5507
HUMBER COLLEGE STATION BOULEVA,5508
JUST AND MARKHAM,5509
JOHN AND RUNNYMEDE,5510
OID YOR AND YORK MILLS,5511
FINCH AND VIGILWOOD,5512
ORMONT AMD WESTON,5513
MORNINGSIDE AND PROGRESS,5514
INCH STATION,5515
DAVENPORT AND WELMER,5516
PORTLAND AND ROYAL YOR,5517
COXWELL AND LOWER GERR,5518
EGLINTON AND MAXWELL,5519
HUNTINGWOOD CLUB AND KINGSTON,5520
ELMHURST AND FORDWICH,5521
KENNARD AND WILSON STATION,5522
SCARBOROUGH STATION,5523
GERRARD AND WAYLAND,5524
ISLINGTON AND MEADOWVA,5525
JANE AND METHUEN,5526
GLENHOME AND ROGERS,5527
CORNATION AND WALLSEND,5528
BAYVIEW AND KILGOUR,5529
LAWRENCE AND TREMONT C,5530
RICHMON AND SHERBOURNE,5531
HUNTINGWOOD AND KENNEDY STATION,5532
KENNEDY STATION ND RANSTONE,5533
JESSMOND AND OAKWOOD,5534
CUMBERLAND AND YONGE,5535
MARLEE AND RIDELLE,5536
THE E MALL ANDBLOOR,5537
CRAOGTON AND PHARMACY,5538
NEWFOUNDLA AND PRINCES,5539
MORECAMBE AND VICTORIA,5540
NORSEM AND ROYAL YORK,5541
DONLANDS STATIONS,5542
YOEK MILLS STATION,5543
HENRY KERSY PUBLIC SCH,5544
EGLONT AND MARLEE,5545
ALLNESS AND STEELES,5546
AND DUPONT STATION,5547
CRANBERR AND NIGHTSTAR,5548
ISLINGTON AND KINGSVI,5549
CASTLETON AND HENRIETT,5550
AND HILLHUST,5551
COXWELL STATION AND STRATHMORE,5552
RAINLEIGH AND YONGE,5553
SERVICE AND ST A,5554
BROWN S LINE AND JELLI,5555
LANSDOWNE AND ST CLAI,5556
COXWELL AND SPRINGDALE,5557
CONNAUGHT C AND VAUGHN,5558
CONNOT AND HOPEDALE,5559
ORMONT,5560
HE AND YORK MILLS,5561
GARDNER EX AND KIPLING,5562
MARKHAM AND PAINTED,5563
COOK AND SENTINEL,5564
KENMARK,5565
BAYVIEW AND BAYVIEW STATION MEW,5566
CRAIGHTON AND VICTORIA,5567
GIHON AND MARTIN GROVE,5568
EGLINTON AND WINONA,5569
LIVINGSTONE AND MARLEE,5570
EVANSB AND KIPLING,5571
ELLINOR AND LAWRENCE,5572
DINGWAL AND PAPE,5573
BROADOAKS AND KEELE STATION N,5574
ISLINGTON AND TORBOLTO,5575
HANNA AND SUTHERLAND,5576
LESLIE AND ORIOLE GO S,5577
BROCKLEY AND MIDLAND,5578
CHAPLING AND DUPLEX,5579
BECKFORD AND LOWTHER,5580
GOLFDOWN AND ISLINGTON,5581
GREENCEDA AND LAWRENCE,5582
TERMINAL 3 BUS STOP,5583
KIPLING STATION 44 BA,5584
GRANDSTAND ENTRANCE AN,5585
PEARSON AIRPORT TEMINAL,5586
HAMSTEAD AND LAKE,5587
PARKLAWN AND QUEENSWAY,5588
DUFFERIN AND SUPERTEST,5589
TORONTO,5590
STARYSPRAY LOOP,5591
COMMISSIONE AND LESLIE,5592
MCCOWAN STATION AND NUGGET,5593
GLEN E AND MT PLEASANT,5594
SIGNAL HILL AND STEIN,5595
MARTIN ROSS,5596
HUMBERLINE AND WOODLOT,5597
COMSUMERS AND YORKLAND,5598
METROGATE AND VILLAGE,5599
ARNOLD AND EVANS,5600
BEAUMON AND ISLINGTON,5601
DUFFERIN AND HWY 4,5602
KEELE STATION S AND STEELES,5603
GUILDW AND KINGSTON,5604
5050 5068 SHEPPARD AV,5605
SETTLER AND STEELES,5606
EDGELEY AND HWY 7,5607
STEELES LOO AND YONGE,5608
LOWER SHERBOURNE AND Q,5609
BEECHHELL AND EGLINTON,5610
LAURA,5611
SENTINEL AND SHEPPARD W,5612
DUNDAS STATION ADN ACORN,5613
COLLEGE AND QUEEN STATION PAR,5614
WELLINGTON AND YORK,5615
SHEPPARD W AND TUSCAN,5616
FERRIS AND PLAXTON,5617
KENNEDY AND LANDSEER,5618
NEWFOUNDL AND PRINCESS,5619
BAYVIEW AND TUDOR GATE,5620
MCCOWAN STATION AND SIXTEETH,5621
WOODBINE STATION YO,5622
CANLISH AND LAWRENCE,5623
BRENYON AND SHEPPARD,5624
BRIDGELAND BETWEEN C,5625
AIRPORT LOOP,5626
HART H AND QUEEN STATION PARK,5627
LAVIN AND MARTIN GROVE,5628
LAKE AND NEW CHERRY,5629
MT DENNIS,5630
BLOOR AND MANNING,5631
DVP AND LAWRE,5632
QUEEN STATION QUAY AND SHERBO,5633
DANFORTH AND N,5634
CLIFTON AND ST CLAIR,5635
UTSC BUS LOOP MILITA,5636
LUMSDEN AND OAK PARK,5637
SHEPPARD AND WILSON STATION,5638
GAUDAUR AND STEELES,5639
DUGGAN AND ORIOLE,5640
GLENHOME AND HOLLAND P,5641
BROADVIEW AND WOLFE,5642
OVERLEA,5643
DUNCANWOOD AND FINCH,5644
LAKE SHORE AND MILES,5645
COLONEL SAMUEL SMITH,5646
KIPLING AND REDCLIFF,5647
ELLIS AND JANE,5648
BRINLOOR AND KINGSTON,5649
EGLINTON AND MARTIN GROVE,5650
CASSANDR AND UNDERHILL,5651
FINCH AND HWY 404,5652
LAKESHORE AND PARKLAWN,5653
COSBURN AND WESTLAKE,5654
MANSTO AND QUEEN,5655
ATRIUM AND SHEPPARD,5656
COSBURN AND OAKPARK,5657
MORNIN AND MORNINGVIEW,5658
SWAN AND VICTORIA PARK,5659
WINDERMERE PLACE,5660
ELLESMERE AND WYE VALLE,5661
HAVENVIEW AND SHEPPARD,5662
DUPONT AND SYMMINGTON,5663
BATHURST AND CHARLESWO,5664
LAWRENCE AND LORINDALE,5665
TODD BAY STATION AND TRETHEWEY,5666
HAVENDALE AND MIDLAND,5667
MILITARY TR AND PAN AM,5668
COE HILL AND ELLIS GAR,5669
MARKHAM AND NEW DELHI,5670
BEACH AND BLUFFERS PK,5671
FORDOV AND MORNINGSIDE,5672
MARKHAM AND PANDORA,5673
EGL AND MOUNT PLEASANT,5674
LAWRENCE AND RUSHLEY,5675
CONC AND CONCORD PLACE,5676
HWY 40 AND MORNINGSIDE,5677
GORD AND THE E MALL,5678
KING AND TORONTO,5679
MIDLAND AND WEYBRIGHT,5680
AMAZON CENTRE,5681
AIRPORT AND MORNING,5682
HIRON AND MULOCK,5683
HWY 27 AND QUEEN STATION S PLA,5684
FINCH STATION LRT STOP BY STEV,5685
BELL RO AND ROYAL YORK,5686
HIRONS AND MULOCK,5687
MALL AND ST ALBAN,5688
ELLIS AND LAKE SHORE,5689
BATHURST AND MCALLISTE,5690
COSBURN AND LINSMORE,5691
BROOOKMERE AND ELLESMERE STATION,5692
BRECKON G AND SHEPPARD,5693
PATON AND SYMINGTON,5694
QUEEN AND WOODBINE STATION,5695
BARINGTON AND DANFORTH,5696
BRYANT AND SHEPPARD,5697
CONNOR AND CRANBORNE,5698
DON MILLS AND FRESH ME,5699
LAWRENCE STATION MIDLAND STATION,5700
KING STATION AND SUDBURY,5701
DOCKSID AND QUEEN STATION QUAY,5702
FREELA AND QUEEN STATION QUAY,5703
BIRCHMOUNT AND EXFORD,5704
STC STATION 903 SB P,5705
QUEEN STATION S PARK AND WELLE,5706
COLBALT AND JANE,5707
LYNEDOCK AND NESS,5708
E WALK AND SHEPPARD,5709
FINCH STATION WESTON,5710
FINCH AND WINLOCK,5711
MIKADO AND RANEE,5712
OF T LOOP,5713
LAKE SH AND ROYAL YORK,5714
TERMINAL THREE KIPL,5715
STEELES AND TORRESDALE,5716
WELLESWORTH ADN DIXFIE,5717
ELM AND LAWRENCE,5718
QUEEN STATION PARK AND ST JOS,5719
AND MUSEUM STATION D,5720
CONLEY AND STEELES,5721
KENNEDY AND NORCAP,5722
BAY STATION AND SHEPPARD E,5723
GERRARD STATION AND UNIVERSITY,5724
BAY AND HAGERMAN,5725
EXIT RAMP AND WESTON,5726
BRITANNIA AND ST CLAIR,5727
EVANS AND THE W MAL,5728
BEECHGR AND CORONATION,5729
BENTON,5730
MIL AND MOUNT PLEASANT,5731
HWY 7 AND MARKHAM,5732
EV AND SHERWAY GARDENS,5733
LINKWOOD AND ST DENNI,5734
ELLESE AND MORNINGSIDE,5735
RYLANDER AND SHEPPARD,5736
KINGSTON AND NEILSON,5737
BRENYON WAY AND SEWELL,5738
BEVERLY AND WILSON,5739
ELLENDALE AND KENNEDY,5740
WILSON STATIONS,5741
FELBRIGG AND YONGE BLV,5742
BED AND PRINCE AURTHER,5743
COTTON W AND DANFORTH,5744
KING AND SUMACH,5745
YONGE AND YORKVILLE AV,5746
HARTFORD AND WOODBINE,5747
EASTMALL AND RATHBURN,5748
WARDEN STATION BUS BAY STATION,5749
YORK MILLS STATION TO,5750
KEELE AND RUSTIC SOUT,5751
GLENORCH AND PARK LANE,5752
ALNESS AND FINCH STATION,5753
GENERAL DELAY,5754
GLENVALLEY AND WESTON,5755
FINCH AND,5756
WILSON STATION KING STATION,5757
BROWN S LINE AND DOVER,5758
MORRI AND OLD KINGSTON,5759
YONGE BLOOR DUNDAS STATION,5760
GASPE,5761
MARTIN GROVE AND NOTIN,5762
KIPLING STATION ALBION,5763
BLOOR AND COLBORNE LOD,5764
ELLESEM AND MEADOWVALE,5765
COLLINISG AND LAWRENCE,5766
NORTHTOWN,5767
JACK LAYTON AND ST MAT,5768
E MALL AND EGLINTON,5769
MEADOVWALE AND SHEPPARD,5770
BATHURST STATION AND INVERMAY,5771
GLENCOVE AND WARDEN,5772
PALK AND STAINES,5773
MEADOWBAN AND RATHBURN,5774
ALLENBY AND ISLINGTON,5775
KENNEDY AND TROJAN,5776
FINCH AND RAINTHORPE,5777
BASS AND VICTORIA PARK,5778
401 AND MCCOWAN,5779
FINCH AND SILVERSTONE,5780
MACLENN AND SUMMERHILL,5781
EGLINTON AND RAWLINSON,5782
MARYDALE AND STEELES,5783
EGLINTON AND STRATHEAR,5784
MORNINGSIDE AND STAINS,5785
TWELFTH,5786
GUESTVILLE,5787
HARBORD AND ROBERT,5788
WOODBINE AND,5789
HINTON AND KIPLING,5790
KIPLING AND ST ANDREWS,5791
401 AND HWY 427,5792
BETH NEILSON AND PA,5793
WOOBIND RACTRACK LOOP,5794
COXWELL AND COXWELL STATION,5795
SHERBOURNE AND SHUTTER,5796
STEELES AND THURMAN,5797
ST L AND THE QUEENSWAY,5798
FINCH STATION AND TOBERMORY,5799
HOSKIN AND QUEEN STATION PARK,5800
CHRISTIE AND MELITA,5801
DUNDAS AND GILMOUR,5802
COSBURN AND WESTLAIKE,5803
DUNDAS AND JONES,5804
GILTSPUR AND MAGELLAN,5805
MARTIN GROVE SND STEELES,5806
NORTHEND PARKETTE,5807
OPPOSITE W AND STEELES,5808
DAVENPORT AND T,5809
UPJOHN AND YORK MILLS,5810
IONVIEW AND ROSEMOUNT,5811
JAMES PARR AND MCCOWAN,5812
ISLINGTONSTATION,5813
CLEGG AND WARDEN,5814
CROSSLAND AND PENWORTH,5815
MCNICOLL AND MICHAEL,5816
GRENOBLE AND SPANBR,5817
GERRARD AND PAPE STATION,5818
YORK UNIVERSITY STATION BUSWAY,5819
404 AND GORDON BAKER,5820
KINGSTON AND QUEEN STATION,5821
MEADOW OAK PLA AND OAK,5822
COXWELL AND JANE STATION,5823
DUCKSWORT AND LAWRENCE,5824
KING AND UNIVERSITY,5825
STEELES W LOOP MAR,5826
DVP AND WYNFORD,5827
404 EXIT AND WYNFORD,5828
MEADOWVALES LOOP,5829
PEARSON TERMINAL 3 A,5830
BATHURST STATION WILSON STATION,5831
DUNDAS STATION W AND THE WEST,5832
EASTERN AND KNOX,5833
WILSON STATION UPPER L,5834
ROYAL YORK STATION COUNTRY CLU,5835
BATHURST STATION AND NPETUNE,5836
BERMONDSEY AND NORTHLI,5837
EGLINTON WEST STATION,5838
PARK HOME AV AND YONGE,5839
WINSTANLY CRESCENT,5840
ETIENNE,5841
MARTIN GROVE AND TOLLIN,5842
GORE W AND MORNINGSTAR,5843
KIPLING STATION AND THE W WAY,5844
COLERAINE AND MCCOWAN,5845
LAKESHORE AND LOUISA,5846
ST ALBANS OUTSIDE KIPL,5847
HORSHAM AND YONGE,5848
OLD WESTON AND ST C,5849
CHANNEL NINE CT,5850
EGLINTON AND SIUTH SER,5851
DOCKSIDE,5852
HWY 427 AND OFF RA,5853
OLIVE AND WILLOWDALE,5854
BRIMLEY ST CL,5855
GLENHOLME EGLINTON,5856
ALNES AND FINCH,5857
CHAMPAGNE AND FINCH,5858
TRETHEWEY AND YORE,5859
JORDAN AND KING,5860
LAWRENCE AND OLYMPIA,5861
BEDFORS AND LOWTHER,5862
ISLAND AND PORT U,5863
BIRCHMOUNT AND GLENDOV,5864
BIRCHMOUNT AND GLENDOW,5865
CROW TR AND NEILSON,5866
ROY AND UNDERPASS GATE,5867
MEDOWVALE AND SHEPPARD,5868
HU AND HUMBERWOOD,5869
EGLINTON AND HWY 427,5870
GLANHOLME AND ST CLAIR STATION,5871
HWY 427,5872
MCNAU AND VICTORY CRES,5873
DIXFIEL AND WELLESWOTH,5874
GLEN EDEN AND ST CLAIR,5875
AND ST CLAIR STATION,5876
BLOOR AND GRENVIEW,5877
CARLAW AND PAPE STATION,5878
KENNWOOD AND LOUISE,5879
HOSKIN AND QUEEN STATION S PAR,5880
KIDRON AND KIPLING,5881
BAYVIEW AND HWY 40,5882
BIRCHMOUNT AND CHELWOO,5883
AMAZON FULLFLLMENT CEN,5884
EASTERN AND WOODWARD,5885
EGLINTON AND ROSELAWN,5886
DUNDAS AND RUNNYMEDE STATION L,5887
CACHET PARK AND WARDEN,5888
KINGSTON ROAD AND QUEEN,5889
CONCORD AND MCDONALDS,5890
EARL LOOP,5891
BRIM AND KINGSTON,5892
BONAVENTURE AND DOMINI,5893
LAKESHO AND SHERBOURNE,5894
CONNER AND WOODBINE STATION,5895
LESLIE AND S OVERLAND,5896
AMHERST AND OAKWOOD,5897
WARDEN STATION TEMP B,5898
BRADLEY AND JANE,5899
HUMBER AND MORNING STATION,5900
CHERRY BEACH,5901
QUEEN STATION AND RIVER,5902
CO AND NORTHHUMBERLAND,5903
KENNEDY STATION B LO,5904
FICNH AND MORNINGSIDE,5905
ALBION AND ARMEL SOUT,5906
SHERWAY GARADENS,5907
HUMBER RIVER,5908
CACHET AND WARDEN,5909
ELLESMERE STATION AND TRITON,5910
MURSION AND SHEPPARD,5911
CHATSWORTH AND YONGE,5912
YORK UNIVERSITY BUSWAY,5913
MARTIN GROVE ANDE TOLL,5914
CALEDONIA AND GLEN PAR,5915
BENSON AND CHRISTIE,5916
COXWELL AND ROBINSON,5917
E A AND ISLAND,5918
BEACONHILL AND KIPLING,5919
ALBION AND AMEL,5920
BOBMAR AND ELLESMERE,5921
DUNDAS STATION ST W AND E M,5922
NAHANNI AND WASHBURN,5923
DIXON AND ST PHILLIPS,5924
SHERWAY GARDENS ANS SH,5925
STEELES AND YONGE IN T,5926
BLOOR AND HIGH PARK STATION,5927
AIRPORT TERMINAL 3,5928
ROBINA AND ST CLAIR STATION,5929
APEX LANE AND WILSON,5930
DUNDAS AND VARSITY,5931
MARKHAM AND WASHBURN,5932
SILVER AND STEELES,5933
MILLWOOD T AND OVERLEA,5934
CONSUMERS AND VICTO,5935
MARTIN GROVE YONGE,5936
FENMAR AND SIGNET,5937
FINH W STATION,5938
YONGE STEELES LOOP,5939
PEARSON TERMINAL,5940
VAN STASSE AND VARISTY,5941
SABRINA,5942
DUNCAN AND LESMILL,5943
BELFIEL AND HWY 27,5944
EXBURY AND JANE,5945
DUFFERIN AND SHANLEY,5946
LANSDOWNE AND LUMBERVA,5947
MILLWOOD AND SOUTHWALVE,5948
BATHURST STATION AND ST CALIR,5949
DON MILLS AND ROCHEFOR,5950
WESTON SERVICE AN,5951
REVALDA AND SHEPPARD,5952
LAWRENCE STATION W STATGION,5953
BOROUGH DRI AND TRITON,5954
TEDDINGTON AND YONGE,5955
CROW AND NEILSON,5956
ALBION,5957
CAITHNESS AND DANFORTH,5958
DUVAL AND ST DENNIS,5959
QUEE AND THE E MALL,5960
HUMBER AND MARTIN,5961
ST PHILLIP AND WESTON,5962
KENNEDY STATION 86 P,5963
AKTINSON AND DUNDUM,5964
GILSPUR AND JANE,5965
ALBANI AND ROYAL YORK,5966
ALLENFORD AND SHEPPARD,5967
SHE AND SHERWAY WARDEN,5968
LAWRENCE AND SUSAN,5969
T3 DUNDAS,5970
E AND JANE,5971
OSSINGTON STATION 16,5972
BATHURST AND ELLERSLIE,5973
LAWRENCE AND W,5974
EGLINTON AND FAIRMOUTH,5975
CREAM TOP L AND DUPONT,5976
QUILTER AND SHEPPARD,5977
WOSELEY LOOP,5978
KINGSTON AND POPL,5979
MORNINGSIDE AND STELLE,5980
LAWR AND STARSPRAY LOOP,5981
AIRPORT AND AMERICAN,5982
BUTTERWORTH AND WARDEN,5983
14TH AND BIRCHMOUNT,5984
ALLARD AND WILSON,5985
ROUGE RIVER AND SHEPPARD,5986
MAINT STATION,5987
BUSBY AND GRANGEWAY,5988
EVANS AND THE E MAL,5989
DOLLY V AND ELLESMERE,5990
TRANSIT E AND WILSON,5991
COMMISSIO AND SAULTERS,5992
EVANS AND GARDENIER EX,5993
CHAPLIN CRES AND WARRE,5994
HAYWORTH AND WOODBINE,5995
BERNER TR AND WASHBURN,5996
BROADVIEW AND WESTWOOD,5997
MILLWOOD AND SUTHERLAND,5998
JUBILEE AND WESTON,5999
MORNINGSIDE AMAZON WA,6000
BRI AND WILSON STATION HEIGHTS,6001
LONGB AND MARTIN GROVE,6002
CASSIDY P AND LAWRENCE,6003
MANDEL AND WOODBINE,6004
YONGE AND YORKVILLE,6005
FUTURA D AND GRANDRAVINE,6006
ESPLANADE AND YONGE,6007
EGLINTON AND RED PATH,6008
DANIELLE AND LAWRENCE,6009
FINCH STATION DUFFERIN STATION,6010
HUMBER AND MARTIN GROVE,6011
ORMOUNT AND WESTON,6012
ELLESMERE AND MILTARY,6013
OLD WESTON AND TURNBER,6014
CLOVERHILL AND STEPHEN,6015
CARLAW,6016
A AND VICTORY CRESCENT,6017
DONCLIFFE AND GLEN ECH,6018
ANDREW AND ST CLAIR,6019
PAVANE AND VICTORIA,6020
COLLEGE AND HENRY STRE,6021
BERGARMOT AND REXDALE,6022
GRAND MAR AND SHEPPARD,6023
BAYVIEW AND POS,6024
FRITH AND JANE,6025
ELMHUSRST AND HENLEY,6026
MARTHA E AND TRETHEWEY,6027
DANFORTH AND GORDONRID,6028
BLOOR AND MADISON,6029
PRINCE ARTHUR AND ST G,6030
HWY AND ISLINGTON,6031
LESLIE AND MAROWYNE,6032
BLOOR AND MARLAND,6033
JANE AND YORKWOODS GAT,6034
MILITARY TRAIL AND UOF,6035
RANGOON AND WELLSWORTH,6036
BRIMEL AND HUNTINGWOOD,6037
SHERBOURNE AND THE ESP,6038
DANFORTH AND PILKINGTO,6039
BLACKBIRD AND FINCH,6040
KING STATION AND WESTON,6041
BROADVIEW AND TENNIS C,6042
ALBION AND WESTERN,6043
MARKANNA AND MARKHAM,6044
ANTRIM CRE AND KENNEDY,6045
FINCH STATION E AND MIDDLEFIEL,6046
STEELES LOOP YONGE,6047
EGLINTON STARION,6048
401 AND NEILSON,6049
JANE STATION AND SHOREHAM,6050
WESTON ANDE WALSH,6051
MAIN AND SWANWICK,6052
RIDGECREST AND WILTSHI,6053
CASTFIELD AND DUFFERIN,6054
BIRCHMOUNT AND ROLARK,6055
DANFORTH AND SCOTIA,6056
CULFORD AND LAWRENCE STATION,6057
BELLAMY AND NEILSON TO,6058
ST CLAIR AND VAUGHN,6059
MORNI AND SHEPPARD,6060
MART AND TOLLINGTON,6061
DANFORTH AND MADELINE,6062
BLOOR AND LANSDOWNE STATION,6063
QUEEN STATION S PLATE AN,6064
LONGBORN AND MARTIN GROVE,6065
BATHURST AND ROESLAWN,6066
PETHERHILL AND WILSON,6067
BLANTYRE AND KINGSTON,6068
MILLWOOD OVERLEA,6069
DOVERCOURT,6070
ADENMOR AND PORT UNION,6071
DONLANDS AND WOODVILLE,6072
DRIFTWOOD AND STING,6073
LAWRENCE AND LESLIE STATION,6074
EVA AND WESTMALL,6075
PIONEER STATION,6076
KENNEDY AND KINGSTON,6077
DRAGONFLY AND MANTIS,6078
QUEEN STATION S AND UNIVERSITY,6079
GARDINER AND LOWER SHE,6080
ORFUS AND PAUL DAVID S,6081
ALLEN AND GLENCAIRN,6082
CON AND MILITARY TRAIL,6083
ELLESMERE AND RYLANDER,6084
OLD WESTON AND SIGNET,6085
LAWRENCE AND THE BRIDL,6086
KENNEDY STATION PLATFORM A,6087
HANNA,6088
NORTHUMBERLAND STREE,6089
CANOE CRES AND SEASON,6090
BIRCHMOUNT AND WINTERM,6091
BALDON AND CROW TRAIL,6092
EAGLE POI AND MCNICOLL,6093
HUPFIELD AND LADY BOWE,6094
HWY 427 ON RAMP HWY,6095
WILSON STATION STAITON,6096
KENNEDY AND MARILYN,6097
FERMOY AND ST CLAIR STATION,6098
PATON,6099
BA AND GREEWIN VILLAGE,6100
SIGNAL AND STEELES,6101
EASTERN AND KINGSTON,6102
404 AND FINCH,6103
VICTORIA PARK STATION LOOP N,6104
SCARBOROUGH CNTRE STAT,6105
BLACKCREEK AND TREETHE,6106
MEADOWVILLE AND SHEPPARD,6107
LA ROASE AND SCARLETT,6108
ROUCHELLE CRES,6109
EGLINTON AND MT PLEAS,6110
GREENWIN VILLAGE AN,6111
KENNEDY AND WICKWERE,6112
DANFORTH AND GLEBEMOUN,6113
BROADVIEW AND DEERBOUR,6114
BATHURST AND RIDGEHILL,6115
TRIO AND WESTWAY,6116
BRIMORTON AND DALHURST,6117
JANE STATION STATIION,6118
BATHURST STATION AND COVINGTON,6119
DANFORTH AND GLENSHEPP,6120
BRIDLETOWN AND FINCH,6121
KING STATION AND TORONTO,6122
DUNDAS AND ST JOHN S,6123
GRANDRAVINE AND SENTINEL,6124
SCHOFIELD,6125
FINCH AND WILLMINGTON,6126
HI AND MAJOR MACKENZIE,6127
BARKWIN AND ISLINGTON STATION,6128
HIDDEN TRA AND STEELES,6129
WILLIAM R ALLEN,6130
GERRARD AND JONES,6131
DUNDAS STATION AND SHAW,6132
BLOOR AND SHAW,6133
KING STATION AND THE QUEENSWAY,6134
BATHURST AND BROOKE,6135
HIGLAND CREEK AND OLD,6136
OAK AND PARLIAMENT,6137
COULTER TO AND WESTON,6138
BRIAN AND VAN HORRNE,6139
BAY STATION AND QUEEN STATION S QUAY,6140
GUESTVILLE AND LAMPTON,6141
DENVER CRES AND KEELE,6142
LIBERTY AND STARCHAN,6143
ST CLAIR STATION OLD WESTON,6144
JESMOND AND ROBINA,6145
ALLE AND EGLINTON W,6146
EGLINTON AND WINNETT,6147
BATHURST AND MARQUETT,6148
AVOCA AND ST CLAIR,6149
SCARBOROUGH CENTERE,6150
JANE AND STONG,6151
DIXON AND SCARLETT,6152
AVOCA AND ST CLAIR STATION,6153
GARDINER AND KIPLING,6154
ST CLAIR AND VICROSS R,6155
GAYDON AND WESTON,6156
LDAGROVE AND SHEPPARD,6157
DON AVO AND EGLINTON E,6158
FINCH AND PEARLDALE AV,6159
EGLINTON AND YONG,6160
INGRAM AND KINCOURT,6161
JANE STATION AND VICTORIA PARK,6162
HILLSID AND ROYAL YORK,6163
COXWELL STATION ON STR,6164
GIDLEY AND ST CLAIR,6165
HWY 409 AND KIPLING,6166
BRAMPTON AND WESTWAY,6167
MAINSHEP S AND WESTON,6168
FINCH AND LORRAINE,6169
HOSKIN AND ST G,6170
CENTENNIAL AND COLLEGE STATION,6171
LEGION AND PARK LAWN,6172
DUNDAS STATION W AND LANSDOWNE,6173
KODIAK CR AND SHEPPARD,6174
MANOR AND MOUNT PLEASA,6175
HUMBERLINE YORK MIL,6176
STEELES YORK MILLS STATION,6177
MOUNT DENNIS DIV BUS S,6178
EGLINTON AND MT PLESA,6179
CHERRY BEACH PARK,6180
STRATHGOWAN AND YONGE,6181
RIDGE HILL,6182
CASTLEMORE AND RIDGECR,6183
CHRISTIE AND DUPONT STATION,6184
ORMONT AND SIGNET,6185
ISLINGTON AND ST ANDR,6186
DAVENPORT AND DUPONT,6187
LAWRENCE STATION ND HICKERY TR,6188
MCNICOLL AND MIDDLEFIELD,6189
GREENBRIA AND SHEPPARD,6190
NOVA R AND QUEEN,6191
DUPONT AND WILARD E,6192
FINCH AND GORDAN BAKER,6193
ERNE AND VICTORIA PARK,6194
MASSLE AND SHEPPARD,6195
WESTON AND WILBY,6196
ATTWELL AND BELFIELD,6197
BUR OAK AND MCCOWAN,6198
ELLESMERE AND SANDOVER,6199
PASSMORE ASND MORNINGSTAR,6200
ISLINGTON AND KINGSWAY,6201
COXWELL AND STRATHEARN,6202
BRADSTOCK AND RIVAL,6203
1306 AND GUNN S LOOP,6204
BENLEIGH AND MCCOWAN,6205
RIMROCK AND WILLIAM,6206
HUMBERLOOP,6207
CHAMPAN AND SCARLETT,6208
PLATINUM AND TRETHEWEY,6209
KIPLING AND WESTWAY,6210
LAVERY AND MEADOWVLE,6211
MCNICOLL AND MORNINGSTAR,6212
MARTHA EA AND TRETHEWEY,6213
MIDLAND STATION MCNICOLL,6214
CONSUMER AND YORKLAND,6215
BERGAMO AND ISLINGTON,6216
GALB AND VICROTIA PARK,6217
GILHON SPR AND STEELES,6218
HUTCHERSON SQUARE,6219
BLOOR STATION,6220
ALBION AND EGLINTON,6221
DON MIL AND THE DONWAY,6222
COL SAM SMITH LOOP,6223
AMADALE AND BLOOR,6224
DAWES AND VICTORIA PAR,6225
ALBION AND SHENDALE,6226
STEELES AND STRAWBERRY,6227
JOHN GARLAND AND KIPLING STATION,6228
BRIMLEY AND CITADEL,6229
ALBION AND ELMHUSRT,6230
BRIDLEGROV AND MCCOWAN,6231
CYNTHIA AND SCARLETT,6232
AVANUE AND LYTON,6233
CLAIR AND JANE,6234
MIDLAND STATION AND PARK ST,6235
BIG RED AV AND MCCOWAN,6236
LAURELEAF AND STEELES,6237
DIXFIELD AND WELLESWOR,6238
EVANS AND GAMMA,6239
STRACHAN,6240
GERRARD STATION AND JONE,6241
BURNHA AND HWY 427,6242
HIGH PARK STATION AND PARKSIDE,6243
BROADVIEW AND PAPE STATION,6244
CRANFIE AND CURITY,6245
BANNATYNE AND WOODSWOR,6246
KIPLING STATION EXITI,6247
EGLINTON E A,6248
ELLESMERE AND WYE VALL,6249
BROWN S LINE AND LAKES,6250
KINGSTON AND RYANDER,6251
BOOR ST W,6252
ALBION AND WARDEN,6253
INDUSTY AND TODD BAYLI,6254
HUDDLESTON CRESENT,6255
KEELE AND LOTHERHAM,6256
DEE AND WESTON,6257
STEELES LOOP MAR,6258
LIBERTY AND STRACHAN,6259
DOURO AND STRACHAN,6260
CARLAW AND SIMPSON,6261
N QU AND THE QUEENSWAY,6262
THE AND THE E MALL,6263
KIPLING AND NUGENT,6264
DUNDAS STATION WESRT STATION,6265
ARKONA AND WARDEN,6266
HAGAR AND ST CLAIR,6267
MILLWOOD AND PRINCE PH,6268
NEWCASTLE AND WINDSOR,6269
CAMILLA AND PHARMACY,6270
DUNDAS STATION,6271
HINES AND MCNICOLL,6272
LEGION AND MANITOBA,6273
NEILSON AND PURPLE DUS,6274
BUR OAK AND MARKHAM,6275
MARKHAM AND OAK,6276
HWY 27 AND ROYALCR,6277
BLACKHORN AND EGLINTON,6278
AND OLD OCHARD,6279
HILLCROFT AND STEELES,6280
PETWORTH CRESCENT,6281
LAWRENCE AND PIMILCO,6282
MARTIN GROVE AND WESTWA,6283
BRIMLEY AND PORT ROYAL,6284
DUFFERIN AND LANE NORT,6285
FINCH STATION W AND ST WILF,6286
BROADVIEW AND NEALON,6287
EGLINTON AND HARTLEY,6288
MABELLE,6289
KIPLING AND NEW TORONT,6290
COMB AND VICTORIA PARK,6291
BAIN AND PAPE,6292
FLORA AND KENNEDY,6293
OAKDALE,6294
ALMA AND SCARLETT,6295
SPANBRIDGE AND VICO,6296
PARKVIEW,6297
DUNDAS STATION W AND E M,6298
ASHBRIDGES LOOP LAKES,6299
ELLESMERE AND WATSON,6300
BATHURST STATION AND QUEEN STATION QUAY,6301
CORONATION AND WALL,6302
LLOYD MAN AND RATHBURN,6303
ISLINGTON AND WATERLO,6304
HARBORD AND PALMERSTON,6305
BIJOU WALK,6306
BLOOR AND ROYAL YORK STATION,6307
NEILSON AND TORHAM PLA,6308
LOCUST LODGE GARDENS A,6309
LAIRD AND VANDERHOOF,6310
BAMBURGH CI AND WARDEN,6311
BRIMLEY AND COMRIE,6312
CORDOVA AND DUNDAS STATION,6313
401 AND HWY 27,6314
DUNDAS AND INDIAN GROV,6315
BROADVIEW AND GOWAN,6316
CHALLENGER AND COLINS,6317
BRIMLEY AND TRITION,6318
BELLAMY AND PANDORA CI,6319
M AND THORNCLIFFE PARK,6320
KENNARD AND WILSON STATION HEI,6321
BEECHGROVE AND CORONAT,6322
FREEL AND QUEEN STATION S QUAY,6323
NAHAN AND WASHBURN WAY,6324
ALTON AND ATKINSON,6325
MIDLAND AND S SHIELDS,6326
DUNDAS AND DUPONT STATION,6327
GODON MACKAY AND JANE,6328
CLAVIER AND DUFFERIN,6329
ALFORD AND SEWELLS,6330
MCNICOLL AND SEXTON,6331
CLANON AND FAYWOOD,6332
DIXON AND GOLFWOODB,6333
THE W MALL AMD SHER,6334
DANFORTH AND WEST,6335
HUMBER COLLEGE STATION BUS BAY STATION,6336
TERMINAL 1 PEARSON AIR,6337
HENLEY AND KIPLING STATION,6338
BATHURST STATION AND KING,6339
DAVENPORT SYMINGTON A,6340
CLIFTWOO AND DON MILLS,6341
LUNDY AND WARDEN STATION,6342
ISLINGTON AND MUIR,6343
OLD FINCH STATION AND SEWELLS,6344
GLEN AND PRINCE EDWARD,6345
COMMMSIONERS AND SAULT,6346
BEDLE AND MCNICOLL,6347
BRUMWELL AND LAWSON,6348
MEADOWVALE SHEPPARD,6349
MIDLAND AND PRUDENTIAL,6350
REXLEIGH AND ST CLAIR,6351
TURTLE ISLAN AND VARNA,6352
HOTSPUR AND NEPTUEN,6353
JANE AND ST CLAIR STATION W,6354
ABOVE EGLINTON,6355
LAUREL,6356
BATHURST STATION AND QUEEN,6357
DON MILLS AND MOATFIEL,6358
BURNH AND THE EASTMALL,6359
COMMISSIO AND OOKWEMIN,6360
ESPLANADE AND FREDERIC,6361
LAWRENCE AND WOODCLIFF,6362
ELLIS AND QUEENSWAY,6363
MER AND MOUNT PLEASANT,6364
JOHN GARLAND AND MOSQU,6365
HUNTIGWOOD AND WARDEN,6366
ALBION AND BENSTROW,6367
ELLESMERE AND MARKHAM R,6368
GLEN EDE AND ST CLAIR,6369
COSBURN AND VIRGINIA A,6370
LAKESHORE BOULEVA,6371
HAVENDALE AND KENNEDY,6372
MORNINGSIDE ANDSTAINES,6373
BAY AND CHARLES,6374
MIDDLEFEILD AND STEELES,6375
OSSINGTON AND SHERBOURNE STATION,6376
MARKHAM AND VERNA,6377
MARLEE AND WARDEN,6378
ALEXIS AND HAMMELL,6379
CHERRY BRIDGE,6380
PETRILIA AND STEELES,6381
MARTIN GROVE AND MERCUR,6382
EGLINTON AND WINTER,6383
YO AND YONGE,6384
BRAMPT AND THE WESTWAY,6385
RAAB AND WELLMESS WAY,6386
FORM AND THE E MALL,6387
GREENBROOK AND KEELE,6388
HILSEY AND HUMBERLINE,6389
BLOOR AND HIGH PARK,6390
BLUFFER S PARK,6391
BURNHAMTHORPE AND MART,6392
LAKE SHORE EA,6393
CALEDONIA AND CARTWRIG,6394
LEBOVIC,6395
WILSON STATIONN,6396
MACPHERSON AND SPADINA,6397
FENMAR AND NORLECO,6398
ANNETTE AND EVELYN,6399
GARDINER AND ISLINGTON STATION,6400
BRIMLEY AND DEERFIELD,6401
SPRINGHURST,6402
COLLGE AND OSSINGTON,6403
LANSDOWEN AND QUEEN,6404
COXWELL STATION MORTIMER,6405
WHEEL TRANS DIV LOT,6406
LA AND THE BRIDLE PATH,6407
YONGE ST FRONT WEL,6408
RANEE AND VARNA,6409
AIRPORT AND AMERICA,6410
DANFORTH AND MCDONAOLD,6411
CALEDONIA AND MARCIA,6412
COXWELL AND HANSON,6413
E AND SCARLETT,6414
MILNER AND RUNNYMEDE,6415
FINCH STATION STAION,6416
DONLANDS AND MILLWOOD,6417
BIRCHMOUNT AND FLORINA,6418
PETROLIA AND WILDCAT,6419
BRIMLEY AND BRIMWOOD,6420
CHURCH AND PINE,6421
MUSEUM STATION,6422
SHEPPARD BIRCHMOUNT,6423
VICTORIA PARK AND WINS,6424
BATHURST AND RAEBURN A,6425
HUPEFIELD AND SEWELLS,6426
HOLM AND VICTORIA PARK,6427
BLOOR AND THE W MAL,6428
CLIFF AND CORDELLA,6429
DON RIVER AND SHEPPARD,6430
UNIVERTY OF TORONTO LO,6431
BRUNSWICK,6432
MORNINGSIDE MO,6433
SELWYN AND ST CLAIR,6434
ISLINGTON AND LEMSFORD,6435
MCCOWAN AND SIXTEENTH,6436
ASHTONBEE R AND WARDEN,6437
BISHOP,6438
FINCH AND KENNETH WOOD,6439
FINCHDENE AND TORHAM,6440
EGLINTON AND VENN,6441
DENISION,6442
DUNDAS AND SUMMERLAND,6443
JANE STATION BETWEEN WILSON STATION A,6444
ANSON AND BRIMLEY,6445
BOEM AND WARDEN,6446
COXWELL STATION AND EASTERN,6447
BARKDENE HILLS AND GRA,6448
DENTO AND VICTORIA PRK,6449
MARIPOSA AND ST CLAIR,6450
AUDLEY AND PORTLAND,6451
MARTHA EATON WAY,6452
ALNESS AND DOLOMITE,6453
LAKESHORE AND LESLIE STATION,6454
OLD FINCH STATION NEAR ROUGE,6455
COLENEL SAMUEL SMITH P,6456
CRAYDON,6457
COMBE AND ISLINGTON,6458
RAJAH AND WASDA,6459
UNIVERSITY ON TORONTO,6460
FINC AND HUMBERLINE,6461
WILSON STATION STATTION,6462
INDUSTRY AND RA,6463
BALFOUR AND DAWES,6464
KENNEDY AND WICKWARE G,6465
MADAWASKA AND YONGE,6466
DUNDAS STATION AND LANDSDOWNE,6467
DANFORTH AND DUNST,6468
DAVEAN AND WOODWORTH,6469
COTTON AND ST CLAIR STATION E,6470
MEADOWV AND PORT UNION,6471
EGLINTON W AND MART,6472
CHERRY,6473
ANTHONY AND DUFFERIN,6474
BAY AND SCOTLAND,6475
BLUFFS PARK,6476
MARINE PARADA AND SILV,6477
BRIMORTON AND MID PINE,6478
KEELE AND WYCOMBE,6479
FENMAR AND NORELCO,6480
EGLINTON AND SINNOTT R,6481
ALANBULL AND MCCOWAN,6482
BRIMLEY AND LARGO,6483
WINDERMERE,6484
TRANSWAY CRESCENT,6485
CONSUMERS,6486
CASTLEMORE AND THE BRI,6487
ATHLONE AND CONNOR,6488
WARDEN STATION STRATION,6489
CENTRE AND EGLINTON,6490
ROBINA AND VAUGHAN,6491
ASSINIBOINE,6492
GERRARD AND WOODBINE STATION,6493
COLUMB AND MURRAY ROSS,6494
CORDOVA AND MABELLE,6495
GLENCAIRN AND GLENMOUN,6496
CHERRY BEACH AND CLARK,6497
BATHURST STATION ANBD ANTIBES,6498
KINGSTON AND RIDG,6499
JAND AND SHOREHAM,6500
DEAUVILLE AND ST DENN,6501
ALBERT AND BAY,6502
CHILTREN AND EGLINTON,6503
GENTIAN AND WELLESWORT,6504
HUMBER S AND ISLINGTON,6505
BUSHY AND GRANGEWAY,6506
KEELE STATION CALEDONIA,6507
MALL AND YARN,6508
GARDINER EXPRESSWAY AN,6509
ASHTONBEE AND PHARMACY,6510
HUNTINGWOOD AND KILKEN,6511
BLOOR AND EAGLE,6512
KIPLING AND SIX POINT,6513
KING AND RIVER,6514
BINGHAM AND KINGSTON R,6515
QUEEN STATION S PLATE,6516
WESTON BETWEN FENMA,6517
MOUN DENNIS GARAGE,6518
SCASDAL AND YORK MILLS,6519
E AND GOODWOOD PARK,6520
QU AND SHERWAY GARDENS,6521
W S AND WESTON,6522
ADOBIGOK AND BIINDAGEN,6523
LAWRENCE AND WANLESS,6524
DUDLEY AND FINCH,6525
BLOSSOMF AND LAWRENCE,6526
PEWTER AND SHEPPARD,6527
BRIDGELAN AND DUFFERIN,6528
LOWER AND THE ESPLANADE,6529
DUNDAS AND NOTTINGHAM,6530
CLENDE AND DUNDAS STATION W,6531
SHEPPARD WEST STATION,6532
EGL AND VICTORIA PARK,6533
DUNDAS STATION AND KIPLING,6534
BRACREST AND ROYAL YOR,6535
MALL AND THE QUEE,6536
HUDDLESTON CREST,6537
LESLIE STATION AND WESTON,6538
DONLANDS STATION AND MILLWOOD,6539
GLEN RUSH AND LAWRENCE,6540
BATHURST AND DUNBLAINE,6541
DUNDAS AND VIKING LANE,6542
CLAIREVILLE AND HUDDER,6543
DON MILL AND EGLINTON,6544
RATHBURN AND THE W,6545
AVEUNE AND LAWRENCE STATION,6546
SCARB TOWN CENTRE STATION,6547
RINGLEY AND STEPHEN,6548
KINGSTON AND MARINE,6549
GRENOBLE AND SPANDB,6550
LAWRENCE AND PINE 197,6551
EVANS AND SHERWAY GATE,6552
MIDDLEFIELD AND PASSMO,6553
EGLINTON AND KEELE STATION TO,6554
PARKSIDE,6555
ROYAL YORK STATION STATIN,6556
MIDLAND STATION ELLES,6557
KINGSTON AND POPULAR,6558
DON MILLS STATION AND MILLWOOD,6559
BAIAN AND VAN HORNE,6560
BELLINGHAM AND DUNDAS,6561
OAKLAND AND ST ALBANES,6562
EGLINTON WESTWOOD M,6563
EGLINTON PEARSON AI,6564
LONGH AND MARTIN GROVE,6565
LONGBOURNE AND MARTIN,6566
EUCLID AND HARBORD,6567
EGLINTON AND WALKWAY,6568
SUNNYBROOK HOPITAL,6569
KEELE AND N PARK,6570
WARDENSTATION,6571
SHERWAY GARDENS MALL,6572
BRIMORTON AND SCARBOROUGH,6573
WINGREEN,6574
CORAL AND WESTON,6575
FINCH AND TOLLERTON,6576
BATHURST STATION AND DUFFERIN,6577
ALBION WA AND EGLINTON,6578
KENNEDY AND KENNEDY STATION PA,6579
NORWAY AND WOODBINE,6580
LONG BRANCH LOOP BROW,6581
CLONMORE AND QUE,6582
DERRYDOWN AND SENTINEL,6583
BAY STATION AND YONGE,6584
METRO ZOO,6585
DUNDAS STATION W AND HUMBER,6586
KIPLING STATION STEELES LOOP,6587
DAVENPORT AND NEW,6588
DUNDAS STATION W AND WILLAR,6589
ALBION AND STEINWAY,6590
MAPLE AND STELLA,6591
HIGHWA AND MORNINGSIDE,6592
GRENOBLE AND SPRANBRID,6593
DUNDAS STATION AND SCARLETT,6594
EIGHTH AND LAKESHOR,6595
DONWAY W AND LAWRENCE STATION,6596
RIVER AND SHUTER,6597
PHARMACY AND SINGLETON,6598
HIGHWA AND HWY 427,6599
JEANETTE AND ST CLAIR,6600
KIPLING STATION BUS PL,6601
BROWNS AND WOODBURY,6602
MAPLEHU AND WILLOWDALE,6603
UNIVERISTY OF TORONTO,6604
BETH NEILSON AND WICKS,6605
BROUGH AND TRITON,6606
ARMISTICE AND WELLNESS,6607
MAIN ST STATION,6608
PALM GATE AND STEELES,6609
KIPLING AND WITTICOMBE,6610
NIGHSTAR AND WHARNSBY,6611
BARBER GREENE AND WREN,6612
LAWRENCE STATION W AND LITTLE,6613
DAN AND ST CLAIR STATION E,6614
EGLINTON KEELE STATION TO,6615
EGLINTON AND SUTHERLAND,6616
MCLAVI AND MORNINGSIDE,6617
KELLYWALE AND PHARMACY,6618
MIDDLEFIELD LOOP NORT,6619
BATHURST AND COLDSTREA,6620
MORTIMER AND WOODBINE,6621
GREENWOOD AND TORBRICK,6622
DUFFERIN AND HOPE STRE,6623
DUFFERIN STATION ADN LAWRENCE STATION,6624
OVERLEA AND THORNCLIFE,6625
DEXTON AND MACEY,6626
MORNINGSIDE AND WALKWA,6627
HUMMING AND OASIS,6628
BIRCHMOUNT AND MERRYFI,6629
HUMBER COLLEGE STATION YORK,6630
HILDA EA AND STEELES,6631
BAYVIEW AND HWY 401,6632
BATHURST STATION AND HOT SPUR,6633
LAKE3SHORE GARAGE LOOP,6634
ELLESMERE STATION ANBD DOLLY V,6635
DAVENPORT AND MACPHERS,6636
PEARSON TERMINAL 3 D,6637
KINGSTON AND MCNABB,6638
FINCH AND GRANBROOK,6639
OAKWOOD BETWEEN ST CLA,6640
DAWES AND DENTONIA PAR,6641
DUNDAS AND WIDERMERE,6642
MOUNT DENNIS STATION,6643
CULN AND THE QUEENSWAY,6644
MERTON AND MT PLEASANT,6645
CALVIN AND FORTHBRIDGE,6646
DUNCANWO AND ISLINGTON,6647
DUNDAS AND WILMER,6648
ISLINGTON AND RESOURCE,6649
BOROUGH AND MCCOWAN,6650
DAVISVILLE AND YONGE S,6651
KEEL AND STEELES,6652
BAT AND EGLINTON W,6653
WILSON STATION SPRI,6654
LAKE SHORE AND TENTH,6655
KEELE AND ST CLAIR STATION A,6656
EASTBOURN AND EGLINTON,6657
AURA LEA AND WESTON,6658
ELL AND MILATARY TRAIL,6659
AGINCOURT AND SHEPPARD,6660
MARKHAM W AND STEELES,6661
MORNING S AND WESTWOOD,6662
BEDF AND PRINCE AUTHOR,6663
AYLESBUR AND ISLINGTON,6664
DIXON AND HAVENRIDGE,6665
DAVISVILLE AND FORMAN,6666
COLLINSGROVE AND KINGS,6667
PROUDBANK MILLWAY,6668
AND OLD OR,6669
EGLINTON AND MCROBERTS,6670
CONNOR AND NORTHBROO,6671
BERGAMON AND ISLINGTON,6672
MILITARY TRAIL AND UNI,6673
EGLINTON AND RO,6674
DUNDAS STATION ST W AND THOMAS,6675
MILLIKEN GO,6676
BLOOR AND RESSURECTION,6677
HUMBER AND ST CLAIR,6678
KIPLING AND LESMAR,6679
401 AND MEADOWVALE,6680
QUEEN STATION S PARK CIRCLE,6681
WILSON STATION KEELE STATION,6682
MALL AND SHERWAY,6683
BUSHBY AND GRANGE,6684
MCCOWAN AND ST ANDREW STATION,6685
SQUIRES AND ST CLAIR,6686
KENNEDY AND TROJAN GAT,6687
CONSUMERA AND SHEPPARD,6688
DAVISVILLE AND MT PLE,6689
HOWARD AND SHERBOURNE,6690
IGAGROVE AND SHEPPARD,6691
DON MILLS AND MILLWOOD,6692
BURNTHAM AND MALL,6693
ARROW DIV APPROX 545,6694
EGLINTON AV AND WESTON,6695
TEM AND WARDEN,6696
GULLIVER N AND KEELE,6697
PHARMACY AND TRITON,6698
FENMAR AND SPIGNET,6699
LAWRENCE AND WESTERN,6700
HWY 401 HWY 400 RAM,6701
ZOO LOOP,6702
ALBION AND BEATTIE,6703
ORIOLE AND,6704
CANM AND THE QUEENSWAY,6705
STEELES LOOP AND VICTORIA,6706
PALMDALE AND SHEPPARD,6707
JANE STATION AND PHARMACY,6708
LOWER OSSING AND QUEEN,6709
STEELES LOOP STEELES,6710
FULTON AND PAPE,6711
KENNEDY AND MERRI,6712
HAZE AND VICTORIA PARK,6713
DUNDAS AND JOHN,6714
HWY 2 AND QUEEN STATION PLATE,6715
COMMISS AND OLD CHERRY,6716
BIRCHMOUNT AND PARKETT,6717
SCARBOROUGH U OF T LOO,6718
OAKFIEL AND ROYAL YORK,6719
DUNDAS AND KIPLING STATION,6720
ORMONT Y AND WESTON,6721
JANE AND SHEPPARD W,6722
MCNAUGHTON EGLINTON,6723
BRADSTOCK T AND WESTON,6724
KIRKWOOD AND LESLIE,6725
BURN HILL AND WARDEN,6726
DUNDAS AND PRINCE EDWA,6727
CHURCHHILL AND VICTORY,6728
BEAMISH,6729
BENLAMOND AND MAIN,6730
EGLINTON STATION 34,6731
ANNETTE AND MIDLAND STATION,6732
PLUNKETT AND STEELES,6733
EGLINTON W 32 BUS,6734
BUILDING,6735
DUFFERIN STATION AND KEELE,6736
JAMES FINLA AND WILSON,6737
BRAIN AND PHARMACY,6738
VICTO AND VICTORIA PARK,6739
ATWELL AND MCLACHLAN,6740
OAKWOOD EGLINTON,6741
QUEENSWAY AND WINDEMER,6742
FINCH STATION AND JOHN GARLAND,6743
BATHURST AND LONSMOUNT,6744
BLOOR AND SPADINA STATION,6745
CARL HALL AND DOWNSVIE,6746
STEELES AND WOODBINE,6747
COXWELL STATION GERRARD STATION F,6748
AMSTERDA AND C ONNOR,6749
VALENTIN AND YORK MILL,6750
EGLINTON OAKWOOD EGL,6751
GATEWAY AND SUNNY GLEN,6752
EARLDO AND WILLOWRIDGE,6753
ST GEORGE STATION YUS STATION,6754
LAING AND QUEEN,6755
ISLINGTON AND LEMFORD,6756
DANFORTH AND ST CLA,6757
TORYORK,6758
EMMETT,6759
MT CASTLE GATE AND STE,6760
DANFORTH AND PARKETTE,6761
SAMMON AND WOODBINE,6762
401 KEELE STATION EXIT,6763
DENNISON AND WESTON,6764
MILLWOOD AN OVERLEA,6765
SUNR AND VICTORIA PARK,6766
MARTIN GR AND RATHBURN,6767
HWY 400 FINCH,6768
BLOOR AND SHAVER,6769
BLACK CREEK AND THETHE,6770
BAY STATION E AND KING,6771
DURNFORD AND SHEPPARD,6772
GREEWIN VILLAGE GATE A,6773
JETLINE AND TERMINAL 3,6774
SLOANE AND SWEEENY,6775
ISLINGTON AND,6776
MERTON AND MT PLEASAN,6777
AND MABERL,6778
IMPERIAL AND YONGE,6779
GILTSPUR AND PETERDALE,6780
MIDLAND STATION AND PASSMORE,6781
MAJOR MCKENZIE AND RID,6782
MAIN STRET STATION,6783
ARJAY AND BAYVIEW,6784
CARLAW AND COMMISSIONER,6785
MACLENAN AND SCHOLFIEL,6786
CLEARVILLE AND HUMBER,6787
STEELES BIRCHMOUNT,6788
RUSC AND VICTORIA PARK,6789
BAY STATION AND COLLEGE,6790
UPPER MADISO AND YONGE,6791
MILLWOOD AND OVERLY TO,6792
ROUGH HILL STATION,6793
SPRINGHURST LOOP DU,6794
JANE AND OUTLOOK,6795
OLD MILL STATION STAION,6796
EDWARD JEF AND MARKHAM,6797
FORTHIE AND LAKE SHORE,6798
KEELE AND MILFORD,6799
CALEDONIA AND RAITHERN,6800
COWDRAY AND KENNEDY,6801
MORNINGSIDE AND N,6802
CHERRY AND UNWIN,6803
ASHWARREN AND CERAMIC,6804
MORE PARK AND YONGE,6805
MILITARY TRAILA ND MOR,6806
DUNDAS AND THEEAST MAL,6807
HILDA AND STEELES W,6808
LEMONWOOD,6809
OSSINGTON STATION AND QUEEN,6810
CONSUMERS AND LESLIE STATION,6811
DUNDAS AND GILMORE,6812
HAREFIELD,6813
DUNDAS STATION AND HOWARD PARK,6814
RYLANDER,6815
HAGLEY AND MIDLAND,6816
IRWIN AND ISLINGTON,6817
THE E MALL,6818
FOURTEENTH AND MCCOWAN,6819
BERMONDSEY,6820
BARKER AND GREENMOUNT,6821
HA AND YORK ACRES,6822
EGLINTON W AND OLD,6823
GUILDWOOD AND PRTINCE,6824
GREENWOOD STATION AND REXLEIGH,6825
VICTORIA PARK AND,6826
LANYARD SOUTH AND WESTON,6827
BATHURST AND LONDON,6828
STEELES AND TABERT,6829
OCONNOR AND PAPE,6830
CONOR PAPE STATION,6831
BROWN S LANE AND EVANS,6832
CONNAUGHT AND YONGE,6833
DON MILSD AND DON WAY,6834
CONCORDE AND MCDONALD,6835
MATTHEWS GA AND WESTON,6836
EGLINTON AND HAKIMI,6837
EVERGREEN BRICKWORKS,6838
BRIM AND MEADOWGLEN PL,6839
NEWGALE AND TAPSCOTT,6840
KIPLING STATION PEA,6841
GREENWOOD AND REXLEIGH,6842
FARM AND VICTORIA PARK,6843
COLLINGSGROVE AND LAWR,6844
TORONTO METRO ZOO,6845
DONLANDS AND WOLVERTON,6846
THORNCLIFFE PARK L,6847
DUNDAS AND PARLIAMENT,6848
HOWARD MOSCOE WAY PIO,6849
BRIDGESTOC AND KENNEDY,6850
CHANDOS AND DUFFERIN,6851
BIRCHMOUNT AND L AMOR,6852
CEDARVA AND YORK MILLS,6853
LUMSDEN AND WESTLAKE,6854
SCARBOROUGH TOWNE CENTRE,6855
UNIVERISTY OF TRORONTO,6856
HOMEWOOD AND WELLESLEY,6857
FLORENCE AND ST CLAIR STATION,6858
AND WEBSTER,6859
HALLAM S AND OSSINGTON,6860
DUFFERIN AND LINDSEY,6861
LA AND THE DONWAY E,6862
POND AND SENECA,6863
BATHURST AND WARWICK,6864
CHURCH AND JANE STATION,6865
CHELSE AND DUNDAS STATION W,6866
LAWRENCE AND WARD,6867
CEENTENNIAL BUS LOOPS,6868
COMMISS AND NEW CHERRY,6869
BLOOR AND E MALL,6870
HIGH AND QUEEN STATION S PLATE,6871
M AND SCARBOROUGH LOOP,6872
BLOOR AND HURON,6873
DUFFERIN STATION GATE LOOP N,6874
BATHURST AND BRIDGMAN,6875
LOWER SPADINA AND QUEE,6876
ISLINGTON AND NEW TORO,6877
STEELES E AND STRA,6878
LOCKHEED AND SCARLETT,6879
BROWN S LIN AND HORNER,6880
STEELES AND WINTERMUTE,6881
AIRPORT AND SILVER,6882
COLLINGRO AND KINGSTON,6883
OLD WESTON AND ROWNTRE,6884
MIDDLEFIELD AND SCOTTF,6885
CUMMER AND WILLOW HEIG,6886
EDGECROF AND ISLINGTON,6887
BREARCREST AND THE WEST,6888
DORIS AND FINCH,6889
EGLINTON JANE STATION MIWA,6890
RANLEIGH AND ST CLAIR STATION,6891
NAVA AND VICTORIA PARK,6892
HILA AND STEELES,6893
CALEDONIA AND ST CLAI,6894
OVERLEA AND THORNCLIF,6895
NEWBRI AND SHORNCLIFFE,6896
BAYCREST AND NEPTUNE,6897
GOREW AND MORNING STAR,6898
ROSEHAMPTON AND YONGE,6899
BIRCHMOUNT AND SPRINGB,6900
401 AND MIDLAND,6901
BLOOR AND CHURCH,6902
KIPLING STATION AVNUE,6903
GRAYRAY AND WESTON,6904
BELFIELD AND IRON,6905
LESLIE AND VAN HORNE,6906
KELE AND ST REGIS,6907
OLD WESTON,6908
FINCH AND JAYZEL W,6909
THE POND,6910
VISCOUNT,6911
IAN DONALD AND TH,6912
TERMINAL 3 ARRIVALS AT,6913
HUMBER WOOD BUS LOOP,6914
QUIETBROOK AND STEELES,6915
F AND LOWER SHERBOURNE,6916
FAIR AND PRINCE EDWARD,6917
DANFORTH AND MCDONALD,6918
CASTLEMORE AND EVEREST,6919
CARLTON AND SHERBOURNE STATION,6920
STRATHMORE AND WOODBINE STATION,6921
DON MILLS STATION E AND FINCH,6922
MT DENNIS DIVISION,6923
KEELE STATION GLENLAK,6924
BREADALBANE AND YONGE,6925
FINCH STATION BATHURST STATION,6926
FLORAL AND KEELE,6927
HIGHGLEN AND MCCOWAN,6928
GRACEY AND KIPLING,6929
FALLSTAFF AND JAND,6930
DAVENPORT AND DUNDAS STATION,6931
AIRPORT AND DAIRY,6932
QUEEN AND SUDBURY,6933
MCCOWAN STATION ANDSANDHURST C,6934
CONLINS ELLESMERE STATION,6935
BIMINI AND HUMBERLINE,6936
JONES AND SPROAT,6937
AUTUMN GLEN CIR,6938
BAY AND WALTON,6939
BAY STATION AND FRON,6940
EGLINTON AND LLOYD MAN,6941
LAWRENCE AND OLYMPIC,6942
ALBION AN KIPLING STATION,6943
SHEPPARD AND WILFRED,6944
ATWELL AND DIXON,6945
ORCHARD AND YONGE,6946
STEELES SOUTH AND WARDEN,6947
ELF AND ST CLAIR STATION E,6948
BAYCLIFFE AND WARDEN,6949
CENTENARY HOSPITAL BUS,6950
LANSDOWNE STATION AND RIDEAU,6951
RIPO AND VICTORIA PARK,6952
CONACHER AND CUMMER,6953
BRIMLEY AND SHEDIAC,6954
AYLESWORTH AND MIDLAND,6955
WILSON AND WILSON STATION HIGH,6956
BRIMLEY AND DALLYN,6957
2200 MARKHAM AND MARKHAM,6958
HWY 40 AND KENNEDY,6959
DON MILL AND GATEWAY,6960
JONE AND VICTORIA PARK,6961
BERMONDSEY AND EGLINTON,6962
CRAIGTON AN PHARMACY,6963
KENNEDY STATION BETWEEN LAWRENCE STATION,6964
NORTH SERVICE BETWEEN KEN,6965
MIDLAND STATION KENNEDY STATION,6966
STEELES LOOP AND WARDEN STATION,6967
EGLINTON BAYVIEW STATION,6968
BIRCHMOUNT AND SHEPAAR,6969
SILVERSTED,6970
DUPONT STATION AND SIMMINGTON,6971
DUFFERIN AND SYLVAN AV,6972
RANGOON AND WELLESWORT,6973
DARTWELL AND DAVENPORT,6974
BEAUMODE AND ISLINGTON,6975
CETENNIAL COLLEGE STATION CAMP,6976
BAYVIEW STATION AND DAVISVILLE,6977
AMAZON CENTER STEELES,6978
MIDLAND STATION MIDWEST,6979
BATHURST AND CLARKE,6980
JAND AND QUEEN STATION S PLATE,6981
ANT AND FORRESDALE,6982
TERMINAL 3 AIRPORT ARR,6983
DAWES AND PARK VISTA,6984
DUNDAS STATION ST W AND KEELE,6985
OLD WESTON AND TOWNSLE,6986
DOLLY WA AND ELLESMERE,6987
BATHURST AND HILLCREST,6988
HORNER AND SHELDON,6989
EGLINTON AND RONALD AV,6990
GUNNS LOOP,6991
E AND O BELLE AND PROGRESS,6992
HUMBER COLLEGE STATION N C,6993
CENTENIAL AND PROGRESS,6994
HOGTREE AND STAINES,6995
DUNDAS AND PRISCILLA,6996
CORNWALL AND KENNEDY,6997
BATHURST STATION AND FINCH STATION W,6998
CA AND COMMISIONERS,6999
KEELE AND ST REGIS CRE,7000
LANDSOWNE AND WALLACE,7001
EGLINTON W AND SCA,7002
MARTIN GROVE LOOP STE,7003
ST DENNIS AND WYNFORD,7004
ROYAL YORK AND SIMPSON,7005
ATKINSON AND BATHURST STATION,7006
HERONS AND SHEPPARD,7007
ELLESMERE AND MILTRAY,7008
ELLESMERE AND MORELLE,7009
CONCORD AND CONCORD PL,7010
MORNINGSIDE AND NIGHSTAR,7011
SCUMTHORP AND SHEPPARD,7012
COLLINSGROVE,7013
COL AND MORNINGSTAR,7014
CANT AND THE E MALL,7015
QUEEN STATION AND QUEEN STATION PARK,7016
HARVIE AND ROGERS,7017
HOWELL SQUARE,7018
HAWKE AND MARTIN GROVE,7019
DUXBURY AND MIDLAND,7020
SILVER DART,7021
FINCH AND WOODBINE STATION,7022
ELMHURST AND HAREFIEL,7023
MILITARY TRAIL LOOP U,7024
ASHTONBEE AND WARDEN STATION,7025
STEELES E,7026
LAKESHORE AND WINNERS,7027
PHARMACY AND PINEMEADO,7028
CLANSMAN BL AND LESLIE,7029
FE AND YONGE,7030
DANFORTH AND GILLARD,7031
ANNETTE AND QUEBEC,7032
MAJOT MACKENZIE AND TS,7033
ERINGATE AND SANCTBURY,7034
FINCH AND SENEC HILL D,7035
JANE AND WILLIAMS CRAG,7036
WILSON STATION BETWEEN DUFFERIN STATION,7037
COMMISSIONER AND LAKES,7038
DON MILLS AND MOGUL,7039
BROADVIEW AND VICTORIA,7040
DANFORTH AND DAVIDSON,7041
JARVIS AND QUEEN,7042
DEWEY AND ELLESMERE,7043
BRIMLEY AND FRASERTON,7044
BARRY AND PARKLAWN,7045
KINGSTON AND PINE RIDG,7046
STEELES STE AND YONGE,7047
OSSINGTON AND SALVADOR,7048
CALEDONIA AND DAVENPORT,7049
CLARESH AND MEADOWVALE,7050
ALBION AND SILVERSTONE,7051
COMMANDER AND N WI,7052
PARK LAWN AND THE QUEE,7053
BURNHAMTHO AND MILL,7054
EGLINTON AND FOREMAN,7055
FINCH STATION N,7056
MATHEWS GATE AND WALSH,7057
BELLEVUE CR AND WESTON,7058
FINCH STATION AND FINCHDINE,7059
SUMMERHILL STATION,7060
HUMBER COLLEGE STATION BEECH F,7061
BURN AND BURNHAMTHORPE,7062
KINGSTON AND MORRISH,7063
AND CHARLES,7064
GLEN AND KINGSTON,7065
EGLINTON STATION ELM,7066
ALBION AND THISTLE DOW,7067
DIN AND MOUNT PLEASANT,7068
BATHURST AND DOUGLAS,7069
O CONNER AND PAPE,7070
MILLWOOD PAPE STATION AVEN,7071
CARRIER AND DANSK,7072
SHERBOURNE STATION AND SHUTER,7073
TOWER AND WARDEN,7074
LINSMORE AND MORTIMER,7075
PAXM AND THE W MALL,7076
WOODBINE STATION GERRARD STATION,7077
MORNINGSIDE S,7078
OLD S AND TORONTO,7079
OASIS AND SEASONS DRIV,7080
KENNEDY STATION UNIT,7081
MILITARY TRAIL U OF T,7082
DAVEAN AND WOODSNORTH,7083
SEWELLS,7084
ELLESMERE AND MILITRAY,7085
DANFORTH AND DONLANDS,7086
NIGHSTAR AND POGONIA,7087
MOUNT DENNIS DIVISON,7088
BATHURST AND SARNAC,7089
EGLINTON AND FAIRBANK,7090
AND ROSEDALE STATION,7091
STRACHAN AND WELLINGTO,7092
HOWARD MOSCOE AND NW G,7093
ELLESMERE AND GRANGEWAY,7094
ROUGE HILL STATION,7095
BELGRE AND HUNTINGWOOD,7096
ROGERS AND SILVER THOR,7097
SCARBOROUGH CLUB R,7098
LINWOOD AND ST DENNIS,7099
BAYVIEW AND COUNTRY LA,7100
MILLWOOD BETWEEN PA,7101
QUEEN STATION PARK CREST E,7102
OF T SCARBOROUGH LO,7103
KIPLING AND OLIVE WOOD,7104
KI AND PEARSON AIRPORT,7105
MILITARY AND MORNINGSIDE,7106
AND B RAMP PEARSON,7107
AVON LOOP AND WESTON R,7108
MILFORD HAVEN AND NEWA,7109
FINCH STATION AN DUFFERIN STATION,7110
GARYRAY AND SIGNET,7111
LAWRENCE STATION AND MANSE,7112
LAKESHORE AND THIRTIET,7113
GRACKLE TRAI AND OASIS,7114
CLAYLAN AND YORK MILLS,7115
JOE SHUSTER AND KING,7116
LAWRENCE AND WEYBOURNE,7117
EGLINTON AND PAPE,7118
BRIAN AND PHARMACY,7119
YORK MILLS STATION 1,7120
TIPPETT AND WILSON,7121
KINCOURT AND SHEFIELD,7122
DOCKS AND QUEEN STATION S QUAY,7123
RICH AND WILLLOWBRIDGE,7124
FINCH AND FINCH STATION DEAN S,7125
PAPE STATION AND QUEEN,7126
STEELES YONGE LOOP,7127
KENNEDY AND MERIAN,7128
JOE SHUSTER AND KING STATION,7129
FUTURITY AND STEELES,7130
DUFFERIN AND RIDELLE,7131
PIONEER VILLAGE STATION S,7132
CAPSTAN GAT AND STEELES,7133
FOUNDERS R AND STEELES,7134
LAURENTIA AND WILSON,7135
FERN AND VICTORIA PARK,7136
HART AND SUMMER,7137
DANFORTH AND N WOODROW,7138
CRESCENT AND MOUNT,7139
BAYVIEW AND HILLSDALE,7140
MIDLAND AND RURAL,7141
CUMMER AND LESLIE,7142
EGLINTON W AND OAKW,7143
ISLINGTON AND SANDHILL,7144
DUNDAS AND OAKLAND,7145
STEEPROCK AND WHITEHOR,7146
DONCLIFFE LOOP MOUNT,7147
MCCOWAN STATION STEELES,7148
BATHURST AND HARBORD,7149
BROWNS LINE AND RIMITI,7150
CHURCHILL AND VICTORY,7151
COBALT AND ST CLAIR,7152
DAVENPORT AND SPADINA STATION,7153
ISLINGTON AND ST GEORG,7154
ISLINGTON STATION AND TITAN,7155
BESSBOR AND SUTHERLAND,7156
SHORHAM AND SHORHAM CR,7157
DUFFERIN AND JANE STATION OYST,7158
COXWELL AND PLANES,7159
JANE STATION AND LAWRENCE STATION W,7160
MILLWOOD AND OVERLEA B,7161
KEELE AND VICTORY DRIV,7162
BATHURST AND NASSAU,7163
CASLTEFIELD AND YONGE,7164
BINGHAM AND KINGSTON,7165
FINCH STATION W STATION B,7166
GLEN SPRING AND WARDEN,7167
ISLI AND THE QUEENSWAY,7168
GERNOBLE AND SPANBRIDG,7169
BUCHAN AND SHEPPARD,7170
MOULD AND ST CLAIR STATION W,7171
CANNON AND PARK LAWN,7172
FINCH STATION STATIOM,7173
VICTORIA PARK AND WOOD,7174
GRNOBALE AND SPANBRIDG,7175
COXW AND LOWER GERRARD,7176
SHEPPARD AN YONGE,7177
PARLIAMENT AND QUEEN STATION S,7178
SHERWAY GARDENS BUS PL,7179
HWY 404 AND SHEPPARD,7180
CO AND WHEEL TRANS EXIT,7181
DAN AND EGLINTON E,7182
SERVICE AND TRAN,7183
BESSARION STATION AND SHEPPARD,7184
MINFORD AND WARDEN,7185
OAKWOOD AND WESTON,7186
HOSKI AND QUEEN STATION S PARK,7187
BRENYON AND SEWLLS,7188
PALMDALE AND WARDEN,7189
BIRCHMOUNT AND CANADIA,7190
KENNEDY STATION STSATION,7191
DONLANDS AND OVERLEA T,7192
KEELESDALE,7193
SERVICE AND VIKIN,7194
MIDLAND AND MIDWEST S,7195
ST CLAIR STATION AND WELLAND,7196
CARRIER ETOBIC,7197
CORNWALIS AND KENNEDY,7198
CENTRE AND YONGE,7199
COSBURN AND ROOSEVELT,7200
MCNICOLL GARAGEQ,7201
GRAYDON AND YORK MILLS,7202
ALLIANCE AND WESTON,7203
HUMBER COLLEGE STATION BLV,7204
FLEET AND MARTIN ROSS,7205
DAVISVILLE STATION PAILTO,7206
CONSI AND CORPORATE,7207
BEDFORD AND LUTHER,7208
CLAIREVILLE,7209
ST GEORGE STATION BEDFORD STAT,7210
SLOANE AND SWEENEY DRV,7211
KIPLING STATION ST AL,7212
UPPER HIGLAND CRESCENT,7213
DREW AND SWISS 324,7214
MEADOWVALLE LOOP,7215
CHERRY HI AND LAWRENCE,7216
DUPL AND EGLINTON W,7217
LUELLA N AND MARKHAM,7218
PARLIAMENT AND WINDCHE,7219
DON MILLS AND YORK MLL,7220
BLOOR AND KINGSWAY,7221
PARKHOME AND YONGE,7222
KEMPFORD AND YONGE,7223
JARVIS AND THE ESPLANADE,7224
DUPONT AND WALMER,7225
CALEDONIA AND PLAYFAIR,7226
BROADVIEW AND LANGLEY,7227
JANE AND WILLIAM CRAIG,7228
CORAL GABLE AND WESTON,7229
RENFORTH STATION EG,7230
DUNDAS STATION ST W AND RUN,7231
GIVINS AND QUEEN,7232
HOLLYWO AND WILLOWDALE,7233
C AND MURRAY ROSS,7234
QUEEN STATION S QUAY AND RICHA,7235
LOWER AND QUEEN STATION S QUAY,7236
PERTH AND WALLACE,7237
WARDEN AND WAYNE,7238
SCARSDAL AND YORK MILLS,7239
SHERWAY GARDENS A,7240
OLD YONGE AND YONGE,7241
FRASER AND KING STATION,7242
EGLINTON BETWEEN DUFFE,7243
HUMBERERSIDE AND KEELE,7244
CARL HALL AND JOHN DRU,7245
RUNNY AND ST CLAIR STATION W,7246
CASTLE FRANK STATION STATON,7247
ISLINGTON AND VAN DUSE,7248
HUMBERLINE AND SHOREHM,7249
CENTENARY HOSPTITAL LO,7250
STC BUS PLATFORM,7251
ABERFOYLE CRESCENT,7252
HWY 407 AND MARKHAM,7253
IRONSTONE AND MARKHAM,7254
DON VALL AND ST DENNIS,7255
MILLWOOD AND MT PLEASENT,7256
CLAUDIUS AND ELLESMERE,7257
IAN MACDONALD AND THOM,7258
DONSIDE AND PHARMACY,7259
KENNEDY AND LANSDEER,7260
TURTLE ISLAND AND VARN,7261
DUNDAS AND MABELLE,7262
BELLMAN AND EVANS,7263
LAWRENCE STATION TO AND WARDEN,7264
QUEEN AND WOODWARD,7265
BENTW AND THISTLE DOWN,7266
DUNDAS AND LANSDOWNE STATION,7267
HUMBER AND REXDALE,7268
BIRCHMOUNT AND LAURA S,7269
INDUSTRY AND TO,7270
ABORETUM AND THE PONDE,7271
MACPHERSON AND SPADINA STATION,7272
CARLUKE AND FIFESHIER,7273
HERITAGE AND MCCOWAN,7274
ST GEORGE STATION BEFORE BERNA,7275
BYWOOD AND ISLINGTON,7276
BETH NEA AND WICKSTEED,7277
LOWTHER AND ST GEORGE,7278
BATHURST AND MARQUETTE,7279
GAMBLE AND PAPE STATION,7280
KIPLING STATION STAITON,7281
SCARBOROUGH COLLEGE STATION LOO,7282
DANFORTH AND ROBIN,7283
PARLIAMENT AND WESLEY,7284
LAVERY AND MEADOWVALE,7285
LESMIL AND YORK MILLS STATION,7286
MAJOR MACKENZIE AND RA,7287
DUNDAS STATION AND DUPONT,7288
ANNETTE AND DUNDAS STATION,7289
HWY 400 AND SHEPP,7290
KING STATION AND WILSON,7291
HIGHT PARK AND HUMBER,7292
FINCH STATION AV AND FINCHDENE,7293
BLOOR AND TREMONT,7294
BROADVIEW STATION AND FINCH,7295
ATTWELL AND FARNBORO,7296
CALEDONIA AND ORFIS,7297
HAYMARKET AND WILSON,7298
ROSSDEAN E AND STEELES,7299
PEWTEW AND SHEPPARD,7300
HIGH CREEK OVERPASS AN,7301
BAYVIEW AND BING,7302
BLOOR ST W,7303
MARKHAM AND SIXTEENTH,7304
HEATHOW AND JANE STATION,7305
DOVERCOURT AND QUEEN,7306
RENFORTH STATION MIS,7307
SHEPPARD-YONGE STATION STATIO,7308
MCCOWAN AND TRAIL RID,7309
DUNDAS AND EDNA,7310
CANADIAN AND WARDEN STATION,7311
FINCH STATION W AND ISLINGTON STATION,7312
SHEPPARD JANE STATION,7313
STEELES AND TARBERT E,7314
FINCH STATION YONGE,7315
PA AND QUEEN STATION BT CARLAW,7316
PROGRESS AND ROADWAY,7317
DON MILS STATION,7318
MALL AND WELLESWO,7319
LING AND MORNINGSIDE,7320
KENGATE AND OLD FINCH,7321
GARDINER AND PARLIAMENT,7322
DON MILL,7323
GARRATT AND GILLEY,7324
MORNINGSIDE AND PLAINT,7325
LAWRENCE STATION W AND SCAR,7326
CROCKFORD AND LAWRENCE,7327
EASTWOOD AND WOODBINE,7328
MILITAR AND OF T LOOP,7329
RENFORTH AND TABARD,7330
DAV AND MOUNT PLEASANT,7331
BAYVIEW AND BROADVIEW STATION,7332
PA AND THE BRIDLE PATH,7333
MILLWOOD TO AND OVERLEA,7334
AERODRO AND VANDERHOOF,7335
EDWARD MCL AND OAKWOOD,7336
MORTIMER AND WOODBINE STATION,7337
COLLINS GROVE AND LAWR,7338
SHEPPARD AND VANDORF,7339
CHURCH AND QUEEN STATION,7340
DUFFERIN AND RAMSDEN,7341
ELLESMERE AND PACKARD,7342
GUILDC AND KINGSTON,7343
EGLINTON AND HARVEY,7344
MONTCLAIR,7345
ST BASIL THE GREAT COL,7346
COLLEG AND ORIOLE,7347
BLOOR AND THE KINGSWAY,7348
MATTHEWS GAT AND WALSH,7349
CONCORDE AND MCDONALD S,7350
K AND WIDDECOMBE PLACE,7351
ANNABELL AND KIPLING,7352
SHEPPARD AND YATESCAST,7353
BRECKON GATE,7354
SHEPPARD AND YETESCAST,7355
MARKHAM ANED LAWRENCE STATION,7356
DUFFERIN AND FLORENCE,7357
HIGHVIEW AND S WOO,7358
WILSON STATION GARGE,7359
BLOOR AND HWY 427,7360
PAPE AND WROXETER,7361
TIPPET AND WILSON,7362
HOPTREE AND MANTIS,7363
HUMBERLAND AND O,7364
BRENTCLIFFE AND VANDER,7365
EVANS AND MALL,7366
ABELL AND QUEEN,7367
BAY STATION AND DUNDAS,7368
BLOOR AND QUEEN STATION S PARK,7369
CALEDONIA AND LANE SOUTH,7370
MCLEVIN AND NEILSON,7371
KINGSTON ADN BIRCHMOUNT,7372
WEXFORD HYDRO PARK,7373
LESLIE AND SEARS,7374
BUR OAK AV AND MCCOWAN,7375
PARK LAWN AND WANISKA,7376
DANFORTH AND EATON,7377
SELECT S AND TAPSCOTT,7378
ASPENWOOD AND STEELES,7379
B AND BLUFFERS PARK,7380
DOWNSVIEW PARK STATION BLV,7381
GLENCAIRN STATION AND YONGE,7382
BRIDGELAND,7383
BIRCH AND YONGE,7384
EGLINTON E IBM EAST,7385
FINCH STATION W AND JANE STATION,7386
JAMESON AND LAKE SHORE,7387
LIPPINCOTT WALMER,7388
CHAMPLAIN AND WILSON,7389
PROGRESS CENTENN,7390
BEFORD AND DAVENPORT,7391
WESTON AND WRIGHT,7392
MIDLAND AND S SHIE,7393
LAKE SH AND THIRTHIETH,7394
KIPLING AND ST ALBAN,7395
GARRATT BLV AND WILSON,7396
CULFORD AND GULLIVER,7397
MCCOWAN AND TRAIL RIDG,7398
PINE AND YORK,7399
ELLESMERE AND MEADWOVA,7400
SHEPPARD-YONGE STATION STATI,7401
SHEPPARD AND YEOMANS,7402
KENNEDY STATION PASSEN,7403
GARDI AND LOWER JARVIS,7404
BRUCE AND OSSINGTON,7405
MONTRESSOR AND TROON,7406
HUMBERWOOD AND TOPBANK,7407
GERVAIS,7408
ISLINGTON AND RIDGE VA,7409
FIN AND KIPLING,7410
CHISHOLM AND EPSOM,7411
EGLINTON AND MIDL,7412
FARMSTEAD AND LESLIE,7413
LILAC AND WESTON,7414
BROWNSLI AND LAKESHORE,7415
FINCH AND HWY 427,7416
CEDARVALE STATION AND FERRIS,7417
GARNET JANE STATION AND NINTH,7418
DUFFERIN AND MARTINS,7419
CATARAQUI AND WARDEN,7420
HU AND HUMBER COLLEGE,7421
DVP STOP AND EGLINTON,7422
BAYVIEW AND VALLEYANNA,7423
MARTIN GROVE AND WINTE,7424
ISLINGTON AND MILWICK,7425
ST ALBANS AND W SERV,7426
GODD AND SHEPPARD W,7427
JANE STATION W AND WILSON,7428
GREENWIN AND REGATTA C,7429
TIAG AND VICTORIA PARK,7430
GODDARD AND SHEPPARD,7431
EMMETTE AND JANE STATION,7432
MARTIN GROVE STEELES LO,7433
BERRY AND CLOVERHILL,7434
TERMNAL 3 ARRIVAL,7435
DUFFERIN STATION ANE ORFUS,7436
MARKHAM AND MCCOWAN,7437
QUEEN STATION PARK CRES AND U,7438
BRIDGE POINT HOSPITAL,7439
CASTLEFIELD AND RONALD,7440
SUMMERHILL STATION AND YONGE,7441
SUNNYBROOK DAVISVILLE STATION,7442
CHES AND DUNDAS,7443
MONTRESSOR AND TOBA,7444
HAMBLY AND QUEEN STATION S,7445
VAUGHAN WYCHWOOD K,7446
KIPLING AND REXGATE,7447
LAKE SHORE W,7448
SENTINEL,7449
ENTIRE LINE,7450
BROOKWOOD CT,7451
JAME AND WRIGHT,7452
KIPLING AND STEELES L,7453
ALNESS AND FLINT,7454
BATHURST STATION GR,7455
GORDON MCKAY AND JANE,7456
BING AND DANFORTH,7457
KENNEDY STATION STATOIN,7458
RATHBURN AND RENFORTH STATION,7459
DE MARCO AND LAWRENCE,7460
BENTWI AND THISTLEDOWN,7461
AN AND MAJOR MACKENZIE,7462
BIRCHMOUNT AND L AMOUR,7463
IAN MACDO AND THE POND,7464
GARDINER DN GRAND,7465
GLENBURN AND ST CLAIR,7466
KING AND PARLIAMENT,7467
ORCHARD VIEW AND YONGE,7468
CALEDONIA AND LESWYN R,7469
PIONEER VILLEGE STATIO,7470
FINCH STATION AND GRANTBROOK,7471
ISLINGTON STATION STATIN,7472
APEX AND DUFFERIN STATION,7473
WESTWOOD MALL LAWRE,7474
BAYVIEW AND RISEBROUGH,7475
SEWELLS ADN EMPRINGHAM,7476
CANOE AND SEASON,7477
SHERWAY WARDEN STATION AN,7478
N QUEE AND SHORNCLIFFE,7479
ACTON,7480
CHIME AND KINGSTON,7481
COLONEL SAMUAL SMITH L,7482
MCORMACK AND WESTON,7483
ELLESMERE AND MONDEO D,7484
MCNICOLL AND PLACER,7485
CONNOR AND WAKUNDA,7486
AND WHEELING,7487
PALMDALE,7488
SYMINGTON AND WALLACE,7489
BELGRAVE AV AND WILSON,7490
DUFFERIN AND GERRY FIT,7491
CONSILLIUM AND PROGRESS,7492
ALBION AND SIVERSTONE,7493
BEVERERLY HILLS AND WI,7494
BEVERELY HILLS AND WIL,7495
BLOOR AND OAKMOUNT,7496
BARTOR,7497
PHOTOGRAPHY,7498
WENDAL AND WILSON,7499
EATS MALL AND EVANS,7500
EGLINTON AND KEELESDALE,7501
MARTIN GR AND REXDALE,7502
ALBION AND THISTLEDOWN,7503
FIMA AND HORNER,7504
14TH AND MCCOWAN,7505
EVA AND MALL,7506
MELINDA AND YONGE,7507
KENNEDY STATION WOODBINE STATION,7508
ELFREDA,7509
GRAC AND SEASONS,7510
ORMSKIRK AND RIPLEY,7511
FINCH AND HWY 400,7512
SHERWAY AND SHERWAY GA,7513
KIPLING AND RANDOM,7514
BATHURST AND STRAFFORD,7515
DIXFIE AND WELLESWORTH,7516
DENISON AND JANE STATION,7517
DUN AND MALL CRES,7518
KNIGHTSBRIDGE AND PHAR,7519
LESLIE STATION AND WICKSTEED,7520
CLARE AND KINGSTON,7521
KNIFGHTSB AND PHARMACY,7522
CANADA LOOP CAN,7523
STEELES LOOP ISLINGTON STATION,7524
ALHENA AND THIRTEENTH,7525
MILNER MARKHAM,7526
KINGSTON AND KITCHNER,7527
VICTORIA PARK STATION SCARBOROUGH,7528
WIN AND WINDEREMERE PL,7529
DAVISVILLE STATION YORK,7530
BELLEVUE AND WESTON,7531
CASTLEFIELD AND DUFFERIN STATION,7532
HUMBERLAND PLAYG,7533
BIRCHMOUNT AND MODERN,7534
STEELES 404 VICTORIA,7535
BAYVIEW AND HEATHCOAT,7536
MCDONELL AND QUEEN,7537
BRITANNI AND TRAFALGAR,7538
TORONTO S DETENTIO,7539
JOHN AND MARTIN GROOVE,7540
PARK LANE CIRCLE,7541
KEELESDALE STATION,7542
ISLINGTON AND NORDIN,7543
CRESENT TOWN DEN,7544
BATHURST AND LYTTON BL,7545
HUMBERLINE,7546
AND ST CLAIR STATION N,7547
BUR OAK AV AND MARKHAM,7548
HIGHLAND HILL,7549
QUEEN STATION PARK AND WELLES,7550
DUNDAS AND JOPLING,7551
401 AND MARKHAM,7552
THE QUEENSWAY AND UNO,7553
BURHNAMTHO AND HWY 427,7554
BAYVIEW STATION AND POTTERY,7555
DANFORTH AND THORA,7556
OLD LESLIE STATION AND SHEPPARD,7557
BELLAMY AND CEDAR BRAE,7558
DON VALLEY STATION,7559
BARTLETT AND DUPONT,7560
COLLEGE AND HENRY,7561
EGLINTON KEELE STATION BL,7562
ECO PARK AND SHEPPARD,7563
DANFORTH AND ST,7564
COXWELL AND ROBBINS,7565
CORONATION AND WALLS,7566
GUILDWOOD PRKWAY AND K,7567
MT DENNIS STATION,7568
CLAIRVILLE AND HUMBER,7569
CHESWOOD AND SHEPPARD,7570
CASTLEMORE AND MINGAY,7571
HOSKIN AND ST GEORGE STATION,7572
MT DENNIS DIV RUNNYM,7573
DON MILLS AND DONWAY,7574
SUNNY BROOK LOOP,7575
8TH STRE AND LAKESHORE,7576
KIPLING AND TYRE,7577
BERKLEY AND FRONT,7578
LONDON AND MARKHAM,7579
SPADINA AND WASHINGTON,7580
LAKESHORE AND LESLIE,7581
EGLINTON BETWEEN CALED,7582
DIXON AND WOODBINE,7583
BALDWIN AND HENRY,7584
KEELE STATION BLOOR,7585
BURGESS AND WOODBINE,7586
DUFFERIN STATION BETWEEN EGLIN,7587
DEVONSHIRE AND HOSKIN,7588
TWO LOCATIONS,7589
MCDONALDS SEAFORTH,7590
KENNEDY STATION FINCH STATION,7591
BIRCHMOUNT AND SANWOOD,7592
BAYVIEW AND CUMMER,7593
HWY 401 AND NEILSON,7594
FINCH AND FINCHDENE SQ,7595
KEELE AND WESTON,7596
FINCH STATION AND YORKGATE,7597
JANE AND ST JONES,7598
HOSPIT AND WELLNESS WAY,7599
BRICKWORKS AND DON VALL,7600
YORKLA AND YORKLAND,7601
DANFORTH R AND MIDLAND,7602
HUMBERLOOP LOOP,7603
BATHURST AND NEW WESTM,7604
MORNINGVI AND SEWELLES,7605
DUNDAS STATION W AND ST JOH,7606
CLEMEN AND MARTIN GROVE,7607
MCNICOLL AND MOGUL,7608
BEACONHILL,7609
MAIN STREET STATION MARKHAM AN,7610
UPPER CANADA,7611
QUEEN STATION S PARK CRES,7612
HUTI AND VICTORIA PARK,7613
CRECENT TOWN AND DAWES,7614
COLLEGE STATION PARK AND UNIVE,7615
BERNER TRA AND NEILSON,7616
KINGSTON AND PARKCR,7617
EMMETT JAN,7618
CHESTNUT AND ISLINGTON,7619
BATHURST AND BEDFORD P,7620
EGLINTON AND WIDDICOMB,7621
MIDLAND AND TARA BETW,7622
DUPONT AND FRANKLIN,7623
AIRPORT AND NORTHWE,7624
BIRCHMOUNT AND TIMBERB,7625
MT CAST AND WINTERMUTE,7626
CONNOR AND STANHOPE,7627
CE AND NEW WESTMINSTER,7628
CONNER AND VICTORIA,7629
YORKDALE STATION GO STATION,7630
KIPLING AND ST ANDREW STATION,7631
ISLINGTON STATION STEELES LOOP,7632
BATH AND SHEPPARD W,7633
LAWRENCE STATION ADN SHERMOUNT,7634
DELSING AND WESTHUMBER,7635
HUPFIELD TRAIL AND MCL,7636
AIRPORT CRESCENT AN,7637
HOPTREE AND STAINES,7638
ABORWOO AND HUMBERWOOD,7639
MIDLAND AND TOWN HAVEN,7640
KINGSTON AND MCNAB,7641
BENJAMIN AND MIDLAND,7642
HAMELY AND QUEEN STATION,7643
EGLINTON AND MT PLEASANT,7644
SHEPPARD ON VICTORIA P,7645
REDWING PL,7646
QUEEN STATION P AND ST JOSEPH,7647
FIN AND FINCH AND JANE,7648
DUFFERIN STATION BETWEEN ST CL,7649
COLONIAL AND MCCOWAN,7650
A AND BATHURST,7651
ON RAM AND YORKDALE,7652
BURNHAMTHORPE LOOP,7653
CALEDONIA AND JOYCE,7654
GARY AND LOCKERBIE,7655
BROCKPORT AND DISCO,7656
WALLINGTO AND WESTLAKE,7657
BELGRAVIA AND DUFFERIN,7658
HIGHWAY427 BETWEEN DUN,7659
EASTDAL AND SECOND,7660
BISHOP AND KENNETH,7661
THE E MALL AND YARN,7662
CARLTON AND CHURCH,7663
PIONNEER VILLAGE STATI,7664
E PARK AND MARKHAM,7665
DON MILLS AND YORK MILL,7666
ROCKCLIFFE AND WOOLNER,7667
RATH AND THE W MALL,7668
GUNNS AND ST CLAIR STATION,7669
HWY 27 E AND STEELES,7670
LAWRENCE AND LING,7671
MCCORMACK S AND WESTON,7672
BROADVIEW STATION AND CONNOR,7673
UOFT SCARBOROUGH BUS L,7674
QUEEN STATION PARK AND,7675
YORKDALE STATION TERMINAL,7676
LARKSPUR LANE,7677
HWY 401 AND LESLIE,7678
BATHURST AND GREENVIN,7679
E YORK AND OVERLEA,7680
CALVINGTON AND DALSBY,7681
14TH AND WARDEN,7682
QUEENSWAY W OD ISLINGTON STATION,7683
BRO AND MOUNT PLEASANT,7684
HAMBY AND QUEEN STATION,7685
AVONHURST AND DUNDAS,7686
MACPHERSON AND YONGE,7687
COXWELL STATION BUS,7688
DONWAY AND GREENLAND,7689
ST CLAIR AND ST COLUMB,7690
LAKESHO AND ROYAL YORK,7691
CASSELS AND WOODBINE,7692
MCNICOLL AND MORBANK,7693
BIRCHMOUNT AND RIVER G,7694
RUNNYMEDE AND RYDING,7695
FRED AND THE ESPLANADE,7696
ARROW AND MCLACHLAN,7697
WARDEN STATION OUTSID,7698
BLOOR AND KENNEDY STATION,7699
LAKE CR AND ROYAL YORK,7700
ELLE AND VICTORIA PARJ,7701
CLONMORE AND GERRARD,7702
MARTIN GROVE AND MILKW,7703
MILLIKEN AND TROJAN,7704
DAVISVILLE STATION BUS,7705
CARLTON AND WARDEN,7706
PLEASANT,7707
MILLWOOD SNF OVERLEA,7708
OPPOSITE 3671 DUNDAS STATION S,7709
DON MILLS STATION M,7710
DON MILLS STATION R,7711
KENNEDY STATION N,7712
KENNEDY STATION DON,7713
LAWRENCE STATION 1 AND WESTON,7714
GLADSTONE AND QUEEN,7715
LAWRENCE AND STARS,7716
BROOKB AND VALLEY WOOD,7717
FINCH AND NEILSON W,7718
TERMINAL 3 AIRPORT A,7719
KENNETH AND SHEPPARD,7720
OLDST AND TORONTO,7721
SAINT AND TUSCAN GATE,7722
ANTIBES AND DREWRY,7723
PARLIAMENT AND SHUTTER,7724
OSSINGTON AND ROLYAT,7725
COMMERCE AND EGLINTON,7726
HOMESTEAD AND LAWRENCE,7727
CASTLEFIELD AND KINCOR,7728
BERMONDSEY AND MOBILE,7729
LOWTHER AND SPADINA,7730
CHURCH AND KING STATION GEORGE,7731
LAPSLEY AND SHEPPARD,7732
BLOOR AND DORVAL,7733
MAJOR MACKENZIE AND TS,7734
COMAY AND GULLIVER,7735
LADY WORK A AND WILSON,7736
ANGLESL AND ROYAL YORK,7737
LAKESHORE GARAGE EXIT,7738
BRUNE AND MARTIN GROVE,7739
WILSON STATION DUFFERIN STATION TO,7740
EGLINTON P AND JANE,7741
SANDWE AND THE WESTWAY,7742
OUTSIDE OF KIPLING STATION,7743
ARBORETUM AND THE POND,7744
MAJOR MACKENZIE AND ST,7745
AIRPORT AND HIGHW,7746
KIPLING AND OLIVERWOOD,7747
ARMADALE,7748
UNDERHILL,7749
CRESCENT AND MT PLEASA,7750
FINCH STATION E AND SENECA,7751
HUMBERWOOD AND PI,7752
RALPH AND WASDALE,7753
EASTBOURNE,7754
COXWELL AND UPPER GERR,7755
ST GEORGE STATION ON P,7756
KINGSTON AND MORNIN,7757
BATHURST STATION OUT,7758
SHEPPARD EAST,7759
MARKHAM AND SHEPPARD E,7760
DON MILLS AND PARKWY F,7761
AVOCA AND PLEASAND,7762
STADACONA AND WILSON,7763
SN AND TEDDINGTON PARK,7764
EGLINTON AND OPPOSITE W,7765
SAULTER ST S,7766
CONC AND CONCORDE GATE,7767
HIGHLAND CREEK AND OLD,7768
AUKLAND,7769
COSBURN AND OAK PARK,7770
JANE STATION AND JOHN,7771
AND CONNER AND COXWELL STATION,7772
OVERLEA AND TORNCILFFE,7773
AVA ROADS AND BATHURST,7774
EIGHTH AND LAKESHORE,7775
CASCIE AND COXWELL,7776
COLLINGSGROVE,7777
PASSMORE,7778
GOWAN AND PAPE,7779
BLOSSOM AND FLEMINGTON,7780
AIRPORT AND JETLI,7781
AMEER AND SULTANA,7782
KENNEDY STATION 905,7783
JANE AND SHEPPARD 26,7784
KING AND VICTORIA,7785
MALVERN GARGE,7786
ST CLAIR AND WOODROW,7787
METROPOLITAN AND WARDEN STATION,7788
DON MILL AND ST DENNIS,7789
KIPLING AND PANORAMA C,7790
DUNDAS STATION AND WESTON,7791
HUPFIELD AND OVERLORD,7792
LESLIE AND OVERLAND,7793
MT DENNIS LRT STATION,7794
PACH AND VICTORIA PARK,7795
ORTON PARK AND SLAN,7796
ROYAL YORK AND SUMMITC,7797
HWY 4 AND RENFORTH,7798
MIDLAND AND PITFILED,7799
STEELES LOOP BY MARTIN,7800
HEATH ST E AND WELLAND,7801
MOORE AND ORCHARD GREE,7802
EGLINTON AND PEVERIL,7803
WALSH YO AND WESTON,7804
BETWEEN AIRPORT,7805
BETWWEN AIRPORT TERMINAL,7806
ROYAL YORK STATION LOOP,7807
ESPLANADE AND JARVIS,7808
ROSEHILL AND YONGE,7809
GARY AND WENDELL,7810
BRAE CR AND ROYAL YORK,7811
MAXOME AND STEELES,7812
MOUNTCASTLE GATE AND S,7813
CASTLEFIELD AND MARLEE,7814
BATHURST AND CLAIR,7815
CROW TRIAL AND NEILSON,7816
OAKWOOD AND ROGERS ROAD,7817
DON MILLS STATION BETWEEN ST D,7818
T WRIGHT AND WESTON B,7819
HORSESHOE AND HUPFIELD,7820
HODDER AND ST CLAIR,7821
ELLESMERE AND MILTIARY,7822
GREENWOOD STATION AND QUEEN,7823
DANFORTH AND LILY CUP,7824
ROYWOOD AND UNDERPASS,7825
BROADVIEW AND TORRENS,7826
DUFF AND EGLINTON W,7827
DREWRY AND MERTON,7828
LESLIE AND MAROYNE,7829
LAWRENCE AND WESTWOOD,7830
BAYVIEW AND VALLEYNNA,7831
EGLINTON SHEPPARD,7832
WALSH WI AND WESTON,7833
OVERLEA AND WILSON STATION MO,7834
DON MI AND DUNCAN MILL,7835
GRENOBILE AND SPANRIDG,7836
WESTWOOD SQUARE,7837
ELMHURST AND REDWATER,7838
KELVIN AND WILSON,7839
ADIRONDACK AND FINCH,7840
DANFORTH AND GLEDHILL,7841
MT PLEASSANT AND ST LE,7842
EGLINTON STATION 945,7843
ISABELLA,7844
APARTMENTS AND WARDEN,7845
KENNEDY STATION PLAT B,7846
COXWELL AND HANSEN,7847
PEARSON AIRPORT T1,7848
MCLEVIN S AND NEILSON,7849
BOXDENE AND MCNICOLL,7850
ANTIBES AND PLUM TREEW,7851
DURVAL AND LAWRENCE,7852
CHISWICK,7853
RANGOON,7854
LAWRENCE STATION AND UNDERHILL,7855
LAKESHORE AND NEWFOUND,7856
CLAIRE PORT LOOP,7857
ERIN GATE AND WELLESWO,7858
KINGSWAY AND WINDEMERE,7859
CHURCH AND GLOUCESTER,7860
ST REGIS,7861
CANMORE AND CONLINS,7862
DORMINGS AND ELLESMERE,7863
SENATOR O CONNOR,7864
RENFORTH STATION STATIOPN,7865
21 ETIE AND PARKING LOT,7866
EGLINTON AND RICHA,7867
DAWES AND GROWER,7868
DANFORTH AND SEMINOLE,7869
LAWRENCE AND TREMONT,7870
QUEEN AND QUEENSWAY,7871
DANFORTH AND WINTER,7872
BLOOR W AND MILL,7873
STEELES LOOP YONGE A,7874
WAYSIDE,7875
WILLIAM R ALLEN R,7876
DUFFERIN AND STAYNER,7877
COMMISIONER AND SAULTE,7878
1 13 MILL,7879
NATURE PATHWAY,7880
HWY 7,7881
OLD LESLIE AND SHEPPARD,7882
HIGHW AND MARTIN GROVE,7883
WELLINGTON ST W,7884
PRINCE ARTHUR,7885
BAYVIEW AND HEATHCOTE,7886
WESTON LIONS PARK 135,7887
AIRPORT AND SILVER DAR,7888
MAITLAND AND YONGE,7889
MARTIN GROVE AND RIDGE,7890
BLOOR ST W AND MARKLAN,7891
REDIEA AND STEELES,7892
ELLERSLIE AND SENLAC,7893
ELLERSLIE AND SEMLAC,7894
KEELE STATION AND STEELES W,7895
FINCHDENE SQUARE,7896
BATHURST AND LYONSGATE,7897
BAYVIEW AND BRICKWORKS,7898
ALLNESS AND FINCH STATION,7899
GLENCONE AND WARDEN,7900
LINE WIDE,7901
EGLINTON STATION RE,7902
PEARSON TERMINAL 3 P,7903
BLOOR AND CHRISTIE STATION,7904
JANE AND RITA,7905
VICTORIA PARK STATION STASTION,7906
LAWRENCE AND WELLAND,7907
WARDEN STATION STSATION,7908
EGLINTON AND MT DENNIS,7909
BLACKWATER AND NEILSON,7910
DON MILLS STATION STATAION,7911
ERINGATE AND RENFORTH,7912
VIKING LANE AND W S,7913
FRONT AND KING STATION,7914
CACTUS,7915
OLD STOCK YARD AND ST,7916
FINC HAND CHESSWOOD,7917
PORT UNION AND WINTER,7918
OWE AND UPPER HIGHLAND,7919
MARTING GROOVE AND STE,7920
BEATH AND MORNINGSIDE,7921
BAYVIEW STATION LOOP,7922
ANGUS GLENN AND MAJOR,7923
N WOODROW AND ST CLAIR,7924
DON MILLS AND GEORGE H,7925
MORTIMER AND ROOSEVELT,7926
BERNARD AND SPADINA,7927
TODD BAYLIS AND TRETHE,7928
CASTLR FRANK STATION,7929
GIBBES R AND MALL,7930
EASTERN AND LAING,7931
E D AND ISLAND,7932
PEARSON INTERNATIONAL,7933
KODAK AND SHEPPARD,7934
PIONEER VILLAG STATION,7935
MCCOWAN AND RAYMERVILL,7936
BEAVER,7937
CASTLEGATE PLACE,7938
EGLINTON AND EVERDEN,7939
SHEPPARD AND SIGNET,7940
FENELON AND GRAYDON HA,7941
MANIZA AND WILSON STATION,7942
ROYAK YORK STATION,7943
REXLEIGH ANDST CLAIR,7944
GARYRAY S AND WESTON,7945
DRUMHELLE AND ELMHURST,7946
GARY FITZG AND STEELES,7947
THE WESTWAY AND TRIO,7948
OVERLEA AND WARDEN,7949
BLOOR AND BRULE TERRAC,7950
ATLANTIC AND SNOOKER,7951
LAWRENCE STATION AMD BOLINGBRO,7952
BATHURST AND SARANAC,7953
BAGNATO AND LAWRENCE,7954
SUNNYBROOK HOSPITAL TO,7955
LIVINGSTON,7956
SPRING FOREST SQUAR,7957
AND BALMORAL,7958
AIRPORT AND BRESIER,7959
BRADSTOCK AND SHEPPARD,7960
BROOKBA AND YORK MILLS,7961
WILSON STATION BUS LO,7962
SHEPPARD W AND YUKO,7963
PIONER VILLAGE STATION,7964
DUFFERIN AND SPRINHURS,7965
PARKSIDE AND WRIGHT,7966
QUEEN STATION S AND SHERBOURNE,7967
KODIAK AND WHITEHORSE,7968
GRAND AND QUEENSWAY,7969
LAKESHORE GARGE,7970
HWY 2 AND WOODBINE,7971
HAZELWOOD AND JONES,7972
DIXON AND JETLINER,7973
LAWRENCE AND STARPRAY,7974
LAWRENCE AND VANDERBEN,7975
VANDERBRENT CRES,7976
CORPORATE,7977
NEW CASTLE AND ROYAL Y,7978
ARWICK AND FINCH,7979
OPPOSITE 3526 SHEPPARD,7980
SHEPPARD AND WALKWAY T,7981
MUIRBANK,7982
DUNDAS STATION ST W,7983
KEYWELL AND PARK LAWN,7984
MOUNT DENNIS GO AND UP,7985
GERVAIS AND UNDERHILL,7986
DUFFERIN AND LANSDOWNE STATION,7987
ELM BANK AND PHARMACY,7988
DRAGON ALLEY,7989
BROOKHA AND TRETHEWEY,7990
LOWER JARVIS ESPLANADE,7991
401 AND AT AND WESTON,7992
ANGLESEY AND HARTFIELD,7993
HIGHVIEW AND S WOODROW,7994
MAIN STREET STATION N,7995
KENNEDY STATION UNIT 4,7996
ADRA VILLAWAY,7997
VAN STASSE AND VARSITY,7998
LAIRD,7999
KENNEDY STATION AND PARK,8000
MCCOWAN STATION SCARBOROUGH,8001
BIRCHC AND KINGSTON,8002
EGLINTON AND LAIRD EA,8003
BAYVIEW AND FOXWARREN,8004
HOWARD MOSCOE AND STEELES,8005
APPLECREEK AND WARDEN,8006
CORONATION AND WALLAND,8007
KING STATION GEOR AND TRETHEWEY,8008
REDIEA CUL DE SAC,8009
UNIVERSITY OF SCARBOROUGH,8010
PRINCE AND ST GEORGE,8011
BATHURST AND DREWERY,8012
HWY AND MCCOWAN,8013
SAINT AND SERVICE,8014
JARV AND THE ESPLANADE,8015
BEDFORD AND BERNARD,8016
LIBERTY AND STRAC,8017
LIPINCOTT AND WESTON,8018
OLD YOP AND YORK MILLS,8019
EGLINTON AND FALMOTH A,8020
BIRCHMOUNT AND MCNICHO,8021
PARKMAN AND PERTH,8022
JANE AND RIVERCREST,8023
HA AND QUEEN STATION PLATE,8024
AND BOMBAY LOOP,8025
BLOOR AND ROXTON,8026
MARTIN AND WILLOWRIDGE,8027
ESPLANADE AND LOWER SHE,8028
DUFFERIN STATION AND GELNCARIN,8029
DONS AND VICTORIA PARK,8030
MILVAN,8031
PROMENADE AND W PROMEN,8032
EGLINTON W AND HARVIE,8033
MAIN STREET STATION STYATION,8034
ST ST CLAI AND WELLAND,8035
JANE STATION YEWTREE,8036
LAWRENCE AND WOODCLIFE,8037
MONTANA AND WILSON,8038
ATHABASCA AND YONGE,8039
EGLINTON YARD,8040
SHEPP AND WASHBURN WAY,8041
DONLANDS AND PAPE STATION,8042
LEASIDE BRIDGE,8043
LAKE SHORE AND TWENTY,8044
ST CLAIR STATION E AND WELLAND,8045
ENCHANTED HILLS CR,8046
DUNDAS STATION W AND PAULAR,8047
ALBION AND LATONIA,8048
MUN AND UPPER HIGHLAND,8049
CARLINGVI AND RENFORTH,8050
COMMISSIONERS STREE,8051
FINCH STATION AND MILLIKEN,8052
GOLDCREST AND LAWRENCE,8053
CLAIREVILLE AND HUMBER,8054
BATHURST AND OLD FORES,8055
VALE OF AVOCA YONGE S,8056
OLD STOCK AND ST CLAIR,8057
KELFIELD,8058
OF T SCARBOROUGH CAM,8059
UOFT SCARBOROUGH CAMPUS,8060
SHEPPARD AND WILLIAM R,8061
SUNNYBROOK SHEPPARD,8062
LAWRENCE STATION E ROUGE,8063
ABITIBI S O AND YONGE,8064
DREWRY AND FINCH,8065
BURNETT AND SENLAC,8066
CULFORD AND WOOLTON,8067
EGLINTON W AND W,8068
KEELE AND TORONTO,8069
MT PLEASANT AND SOUDAN,8070
SERVICE AND T,8071
HILLARY AND KEELE,8072
ATLANTIC AND SNOOKER S,8073
HUMBER LINE LOOP,8074
EGLINTON AND MC MCCOWAN STATION,8075
WILSON STATION LOWER P,8076
BIRMINHAM AND KIPLING,8077
FREDRICK TISDALE AND T,8078
LONG BRANCE LOOP,8079
DUFFERIN STATION ADN EGLINTON,8080
AMAZON FULLMENT CENTRE,8081
LEASIDE BRIDGE AND MIL,8082
CASTLEB AND ROYAL YORK,8083
KIPLING AND LEARMONT,8084
DYNAMITE AND MCNICOLL,8085
FERNSIDE AND YORK MILL,8086
GORODON BAKER,8087
HIGHLAND CREEK ROUT,8088
NEILSON ROUTE,8089
HUMBERLINE SCAR,8090
HUMBERLINE YORK,8091
ALAM AND EGLINTON W,8092
HAFIS AND SHEFFIELD,8093
BLOOR AND DIXIE,8094
RENFORTH STATION MISSI,8095
CALEDONIA AND LESWYN,8096
KENNEDY STATION DROP O,8097
CROW AND TAPSCOTT,8098
BERKELEY AND FRONT,8099
GERRARD AND PARLIAMENT,8100
YORK ACRES HALD,8101
FOURWINDS AND TANGIERS,8102
HUNTINGDA AND PHARMACY,8103
AND ST CLEME,8104
CALLOW AND THE WESTWAY,8105
HIGH AND QUEEN STATION,8106
CHRISTIE AND FOLLIS,8107
DIXON AND INCLIFFE,8108
PRINCES LOOP,8109
DON MILLS STATION SPA,8110
MICHEAL POWER PL,8111
KINGSTON RO AND WARDEN,8112
MILLWOOD BRIDGE,8113
DUPONT AND HURON,8114
DUFFERIN AND GLEN PARK,8115
DUNDAS AND RIVER,8116
DUPONT AND EDWIN,8117
NEW FOREST SQUARE,8118
STUBBS,8119
DANFORTH AND ELDON,8120
EGLINTON AND MUNICIPAL,8121
L AND QUEEN STATION QUAY E,8122
BRENTON AND DAWES,8123
CARLTON AND ONTARIO,8124
FIRWOOD AND LORD MANOR,8125
A AND LOWER SHERBOURNE,8126
DON MILLS STATION ANSD OVERLEA,8127
CALEDONIA AND ST CLAIR STATION,8128
CHILTEN AND O CONNOR,8129
CHAPLIN AND RUSSELL WEST,8130
BROADVIEW AND ERINALE,8131
VICTORIA PARK STATION LOOP VI,8132
CASTLE FRANKSTATION,8133
HOSPITAL AND RABB,8134
FINC AND YONGE,8135
AIRPORT CRES AND AL,8136
MAINT STREET STATION,8137
QUEEN AND UNIVERSITY,8138
CENTENIAL AND LAWRENCE,8139
FINCH AND PEARDALE,8140
VIKING LANE,8141
BELLAMY AND KINGSTON R,8142
CONNAUGHT AND QUEEN,8143
CEDARVALE AND EG,8144
NW GATE AND STEELES W,8145
NOREEN AND PHARMACY,8146
AERODROM AND VANDERHOF,8147
DISCO,8148
MAC DONELL AND QUEEN STATION S,8149
CANVARCO AND LAIRD,8150
QUAY AND QUEEN AND SHE,8151
ARROW YARD,8152
SCARBOROUGH GOLD CLUB,8153
LANSDOW AND ST CLAIR STATION W,8154
BLAC AND LAWRENCE STATION AV W,8155
KENNEDY STATION 903 P,8156
AUDUBON,8157
KIPLING STATION ST ALBANS ROAD,8158
ISLINGTON AND ORRELL,8159
WELLESLEY STATION ST E,8160
MOUNT PLEASANT,8161
CLAIRVE AND HUMBERLINE,8162
MAPLE AND SHERBOURNE STATION,8163
LAKESHORE AND SAULTERS,8164
EGLINTON STATION 56 B,8165
DONLANDS AND TORRENS,8166
ATLANIC AND KING STATION,8167
RIVERDALE,8168
DOVEHOUSE AND SENTINEL,8169
BULLOCK AND MARKHAM,8170
ARROW GATE N,8171
BANNATYNE AND LESLIE STATION,8172
DON VALLY STATION,8173
EGLINTON W A,8174
LITTLES AND SWELLS,8175
YONGE AND YONGE S,8176
ALBAN AND SERVICE,8177
YORK MILLS YONGE,8178
BEACHALL AND EGLINTON,8179
KINGSTON AND SANDOWN,8180
GLEBE AND YONGE,8181
ROYAL YORK AND SYMONS,8182
LAKESHO AND NEW CHERRY,8183
BRUNSWICK AND HARBORD,8184
FINCH AND WESTON E,8185
ARROW TRAFFIC OFFICE,8186
BROOKMI AND BROOKMILLL,8187
BERNER AND NEILSON,8188
BLOOR AND LANDSDOWNE,8189
DUFFERIN STATION AMD DOLOMITE,8190
THE AND THE W MALL,8191
SEWELLS AMD EMPRINGHAM,8192
MIDDLEFIELD AND NASHDE,8193
DUFFERIN STATION AND YORKDALE,8194
BLOOR S AND PARLIAMENT,8195
BRENYON WAY AND JOHN T,8196
SENMAR AND STEELES,8197
PORT AND QUEENSWAY,8198
GREENACRES AND KEELE STATION,8199
DENISON AND WARDEN,8200
CHURCH S AND WESTON,8201
CARLAW W AND DINGWALL,8202
HIGH AND ROYALCREST,8203
O CONNOR D AND PAPE,8204
YORK TOWN CENTRE,8205
WILSON STATION NORT AND YONGE,8206
BURNAMTHOR AND KIPLING,8207
GREAT OA AND ISLINGTON,8208
STEELES AND VICTORIA,8209
COXWELL AND DUERN,8210
YORK MILLS STATION ORMO,8211
MAYBROOK AND MCNICOLL,8212
BAY AND ST JOSEPH,8213
DON AND FREASMEADOW,8214
DENSLEY AND SHEFFIELD,8215
HIGHLAN AND SCHOLFIELD,8216
ROMANWOOD AND YONGE,8217
PRINCESS GATE WILSON STATION,8218
BALDONI AND FINCH STATION,8219
BRIMLEY AND EAGLEDANCE,8220
KINGSWAY AND RIPLEY,8221
EDMUNDS AND YONGE,8222
SOUTHPORT AND WINDEMER,8223
ASHDALE A AND GERRARD,8224
BOMBAY LOOP AN,8225
HIGHW AND MORNING STAR,8226
DUFFERIN AND SHEPPARD,8227
DUNDAS AND YONGE,8228
PIUONEER VILLAGE,8229
HAROLD EV AND MCNICOLL,8230
COLLEGE STATION ST W O,8231
BLOOR CLO AND DUNDAS,8232
ARLETA,8233
SPAR AND VICTORIA PARK,8234
MARTIN GROVE AND SLIVE,8235
JNAE AND OUTLOOK,8236
DEWEY AND PHARMACY,8237
TOWN CENTRE,8238
MAIN STREET STATION TORONTO O,8239
DUNDAS AND HIGWAY 427,8240
FRONT AND LOWER SHERBO,8241
DANFORTH AND KELVIN,8242
MCRAE AND SUTHERLAND,8243
ANGUS AND MAJOR MACKEN,8244
BAY AND LAKE SHORE,8245
BLOOR AND MONTOMERY,8246
MANITOBA,8247
MASSEYFIELD AND WARDEN,8248
ROYA Y AND THE WESTWAY,8249
BIRCHMOUNT ANND LAWRENCE STATION,8250
ARGILE AND OSSINGTON,8251
BELZISE AND YONGE,8252
GLEN M AND KINGSTON,8253
FINCH AND PAPE STATION,8254
THORNCLIFFE THORN,8255
KINGSTON AND SCAR,8256
FINCH STATION W STATEION,8257
GUIL AND KINGSTON,8258
LAWRENCE STATION AND VERNA,8259
LAKESHORE BOULVEARD WEST,8260
ESTHER AND OLD LESLIE,8261
RENAULT AND ROYAL YORK,8262
KIL AND ORIOLE,8263
DON MILLS AND FOREST H,8264
FINCH AND FINCHURST,8265
GORDON P AND MALL,8266
KINGSTON AND SCARBO,8267
CEDARVALE STATION YU STATION,8268
FENELON LOOP,8269
FRONT AND PRINCES,8270
SCRIVENER SQAURE,8271
PRINCESS AND THE ESPLA,8272
STEELES AMD CAPSTAN,8273
GLOUCESTER AND YONGE,8274
MEWBURN AND PARK,8275
TOU AND UPPER HIGHLAND,8276
PEARSON T3 ARRIVALS,8277
MIDDLEFIE AND SHEPPARD,8278
EGLINTON STATION BUS P,8279
BRECKON AND SHEPPARD,8280
ECCLESTON AND SLOANE,8281
COSENTINO AND MIDLAND,8282
CHURCH AND FRONT,8283
LEBOVIC 773,8284
POTTERY,8285
K AND WILLIAM R ALLEN,8286
YORK MILLS STATION STATIOBN,8287
COMMANDER,8288
MARTIN GRO AND WESTWAY,8289
LAIRD AND PARKLEA,8290
HUMBERWOOD LOOP SCA,8291
NORTHCLIFF AND ROGERS,8292
METROPLITAN AND WARDEN,8293
MARKHAM R AND PROGRESS,8294
CASTLEMOOR AND MINGAY,8295
CHIEFTAI AND FIFESHIRE,8296
CHIEFTAI AND FIRESHIRE,8297
ABRAFOIL CRESCENT,8298
LURGAN AND SENLAC,8299
HUMBERWOOD SCARBOROUGH,8300
GUILDWOOD GO,8301
CULFORD AND MAPLE LEAF,8302
LONG BRANCH,8303
BRENYON WAY AND SHEPPARD,8304
ATTWELL AND CARLSON,8305
MILVAN AND TORYORK,8306
HAWKSBURY AND SHEPPARD,8307
CARLINGVIEW AND METEOR,8308
COLONEL SAMUEL SMITH D,8309
SCARBOROUGH TOWN CEMTR,8310
GARRET AND WILSON,8311
HIGHLA AND KINGSTON,8312
ORILOE AND TRA,8313
QUEEN STATION S PARK CRES E AN,8314
CEDARVALE STATION,8315
DAVISVILLE STATION TU,8316
LAWRENCE STATION AND ORTON PARK,8317
SPRINGVIEW AND WILSON,8318
ROBINA AND ST CLAIR,8319
TEDDINGTON P AND YONGE,8320
DELROY,8321
DENTON AND VICTORIA,8322
LARID AND MCRAE,8323
BRIDAL AND CASTLEMORE,8324
DON MILLS AND PREMIER,8325
MIDLAND AND NORBURY,8326
DOURO AND KING,8327
MANITOBA AND STRAUGHAN,8328
EGLINTON W STATIOM,8329
BROWNS AND EVANS,8330
CALVERT AND WARDEN,8331
FINCH AND GRANTBROOK,8332
DRYDEN WAY,8333
FRONT AND TRINITY,8334
ISLINGTON AND ROWNTREE,8335
WALLASEY AND WESTON,8336
LAKE SHO AND PARK LAWN,8337
GLENHOLM AND ST CLAIR,8338
DUSSLAW AND LAWRENCE,8339
DENVALE AND ST CLAIR,8340
PARK HOME,8341
THORNCLIFFE,8342
HAWKSHEAD AND MCNICOLL,8343
BAECREST AND WESTWAY,8344
FRONT,8345
MARKINGTON SQ,8346
CONCORDE PLACE AND MCDO,8347
SONG MEADOWAY,8348
HAYNES AND MURRAY ROSS,8349
MILLIKEN GO AND STEELES,8350
LAWRENCE STATION W AND RALP,8351
FONTENAY,8352
CARL HALL,8353
WARDEN STATION DN STEELES LOO,8354
COLLBECK AND JANE,8355
CLOVERLAW AND DUFFERIN,8356
EDENBRI AND ROYAL YORK,8357
AMAZONG FULFILLMENT CE,8358
BIRCHMOUNT AND FUNDY B,8359
MCCOWAN AND TRITION,8360
THORNCLIFFE PARK DRI,8361
ELLE AND MILITARY TRAIL,8362
PAGE AND VICTORIA PARK,8363
COLLE AND QUEEN STATION S PARK,8364
BREMNER AND SPADINA,8365
KIPLING AND KIRDON,8366
GLEN E AND MT PLEASENT,8367
OSSINGTON AND SALV,8368
ARBORETUM AND HUMBER,8369
JEDBURGH AND LAWRENCE,8370
HEATH AND WELLAND,8371
UTSC LOOP,8372
DUNDAS STATION WEST STATION AND MABELLE,8373
GORDON BAKER AND VICTO,8374
HOUSTON AND VAN HORNE,8375
GARDINER EXPRESS WAY,8376
GOOCH AND MAGWOOD,8377
GIBRALTAR AND HWY,8378
KENNEDY STATION BUS BA,8379
DEANL AND THISTLE DOWN,8380
ABERFOYLE CR AND BLOOR,8381
BAYVIEW STATION AND BRICKSWORTH,8382
FINCH STATION W AND JAYZEL,8383
FINCH STATION E AND MORNINGSIDE,8384
WILSON STATION JUST O,8385
BAYVIEW AND HILLCREST,8386
FINCH STATION AND SIGNET,8387
DORIS BETWEEN GREENFIE,8388
JENET AND LANSDOWNE,8389
MCCOWAN STATION AND SIXTEENTH,8390
MAINSTREET STATION,8391
DONLANDS STATION OUTS,8392
KIPLING AND SNARESBROO,8393
WILSON STATION GARAGE TRACK,8394
EGLINTON AND LILLIAN,8395
KENNEDY AND PASSMORE A,8396
DUFFERIN AND KEYCREST,8397
PRINCES GATE WILSON STATION,8398
BAYVIEW AND MCKEE,8399
ST CLAIR STATION ELLESMERE STATION,8400
GRAY AND GRAYDON HALL,8401
LAKESHORE WHEEL TRANS,8402
DON M AND FRESHMEADOWS,8403
UP JOHN AND YORK MILLS STATION,8404
COMMISS AND LAKE SHORE,8405
EGLINTON W STATOIN,8406
ROCKCLIFF AND WOOLNER,8407
CALEDONIA,8408
FENMAR,8409
38TH AND HORNER,8410
CONNER AND COXWELL STATION,8411
EASTYORK ACRES,8412
LOUISE AND VAUGHAN,8413
GLENRIDGE,8414
MARTINDALE AND MCCOWAN,8415
DANFORTH AND MAC,8416
GUILDWOOD PRKWY AND PR,8417
CENTENNIAL COLLEGE STATION ENT,8418
MARTINDAL AND MCCOWAN,8419
EGLINTON AND THORNCLIFFE,8420
PHARMACY AV,8421
PROMENADE CIRCLE NW O,8422
CAR AND WOODBINE STATION DOWNS,8423
LAWRENCE AND VALIA,8424
BOROUGH AND OMNI,8425
MACDONALD AND SEAFORTH,8426
DYNAMIC AND TURBINA,8427
CONNER AND CURITY,8428
LEITCH AND THE POND,8429
EGLIN AND KENNEDY,8430
KINGSTON AND LAWSON,8431
CATUS AND GREEN BUSH R,8432
BRIMLEY AND OAKRIDGE,8433
KELFIED,8434
ELMVIEW AND FINCH,8435
CONSTOCK,8436
BIRCH AND DANFORTH,8437
BIRCHM AND DANFORTH AV,8438
GREENWIN AND STEELES,8439
LYNEDOCK AND ROYALWOOD,8440
MORNINGSIDE AND P,8441
MILL AND TOLEDO,8442
LAWRENCE AND PIMLICO R,8443
STANDFI AND YORK MILLS,8444
HUMBER COLLEGE STATION HUMBER,8445
BURNHAMTHORPE AND SILV,8446
HWY407 AND MCCOWAN,8447
OF T LOOP ELLESMERE STATION,8448
EVANS AND TREEVIEW,8449
KINGVIEW AND WILSON,8450
BATHURST AND ST LAWRENCE STATION,8451
MCCOWAN AND TOWN CENTE,8452
DIXON AND ST PHILIPS,8453
BROOKEHAV AND LAWRENCE,8454
OVERLEA AND THORNCIFFE,8455
DUNNY GLEN AND GATEWAY,8456
DON WAY W AND LAWRE,8457
MARKHAM AND WERNE,8458
BATH AND ST CLAIR STATION W,8459
BURBANK AND SHEPPARD,8460
COOPERAGE E AND MILL,8461
DAWES AND GOVER,8462
CALVINGTON AND KEELE STATION,8463
LORD SEATON AND UPPER,8464
THE W MALL AND W,8465
GLENRUSH AND LAWRENCE,8466
FOUNTAINH AND SENTINEL,8467
ELLESMERE AND MILBANK,8468
SHERWAY AND THE WEST,8469
PINEMORE CRESCENT,8470
TIPPETT,8471
BURHAMTHORPE AND RENFO,8472
EASRLSCOURT LOOP,8473
RICHMON AND UNIVERSITY,8474
GREENWOOD AND OCCONNOR,8475
GLEN LAK AND HIGH PARK,8476
KINGSTON AND MORN,8477
DON WAY AND LAWRENCE STATION,8478
BLOOR AND BRUNSWICK,8479
MORNINGSIDE AND PIXLEY,8480
QUEEN STATION S QUAY AND SHERB,8481
MANITOBA AND STRACHAN,8482
COL SAM SMITH AND LOOP,8483
N PROMAN AND PROMENADE,8484
CLUB HOUSE AND JANE STATION,8485
STEVENSON STATION,8486
OVERLEA AND WILLAM MOR,8487
MOUNT DENNIS LRT STATI,8488
UNIVERSITY AND WELLING,8489
OLD WESTON AND ROWNTREE,8490
MIDDLEFIELD AND NEWMIL,8491
IAN MACDONALD AND YORK,8492
ROMNEY AND ROYAL YORK,8493
EDWARD AND YONGE,8494
SEARLE AND WILMINTON,8495
BROOKBAN AND UNDERHILL,8496
AMAZON FULLFILLMENT CE,8497
ELLESMERE AND HIGHLAND,8498
LEXIFIELD AND WILSON,8499
QUEENSPLAT AND REXDALE,8500
YORK MILLS STATION COLLEGIATE,8501
DANFORTH AND TRENT,8502
DANFORTH AND LEYTON,8503
PARKSIDE AND RIDOUT,8504
JANE AND QUEEN STATION,8505
OSGOODE STATION,8506
WILLIAM BAKER TRAIL,8507
GARDINE AND PARLIAMENT,8508
KIPLING AND N HEIGHTS,8509
CUMMER AND DON MILLS STATION,8510
PINEWOOD AND ST CLAIR,8511
ISLINGTON AND RIDGEVAL,8512
BATHURST STATION ND CODSELL,8513
COXWELL AND STRATHMORE,8514
VALL AND VICTORIA PARK,8515
COLLINGGROVE AND LAWRE,8516
HUMBER COLLEGE STATION LOOP S,8517
JANE STATION W AND STEELES,8518
ISLINGTON AND THE QUEEN STATION,8519
BERR AND PRINCE EDWARD,8520
MILNER,8521
MIDDLEWOOD AND OVERLEA,8522
DAWES AND DOLLER,8523
LAWRENCE AND THISWICK,8524
ARBORETUM LANE,8525
DUNDAS AND INDIAN,8526
DUFFERIN AND HOLMSDALE,8527
FINCH AND SCOTTSFIELD,8528
AVENUW AND WILSON STATION,8529
BURNHAMTHROPE AND MILL,8530
CHAPLAIN AND ROSELAWN,8531
CHAPLIN AND ROSEL,8532
MILLWICK AND MILVAN,8533
ST ALBANS AND,8534
HUNI AND VICTORIA PARK,8535
CANADA AND PRINCESS,8536
KIPLING AND OLIVE,8537
KINGSMILL,8538
BRUNEL AND MARTIN GROVE,8539
CAMFORTH,8540
UNIVERSITY,8541
DUFFERIN STATION AND STEELES W,8542
BEDFORD AND PRINCE ART,8543
MORNINGSIDE AND TAPSCOTT,8544
SHEPPARD AND WINSTANLY,8545
ONTARIO AND PRINCESS B,8546
MORIS AND OLD KINGSTON,8547
MILLWOOD AAND OVERLEA,8548
DUFFERIN AND WHITLEY,8549
CONCORD PLACE,8550
DON MILLS AND MALLARD,8551
LLOYD MANOR AND RATHBU,8552
WESTON AND WILBY CRESC,8553
CHINE DRI AND KINGSTON,8554
KENNEDY AND STRATHON,8555
MARMAC,8556
LAKE SHOREBLVD,8557
RENFORTH AND SILVER DA,8558
LAWRENCE STATION E AND TOWNLEY,8559
BATHURST AND HWY 401,8560
KING AND PETER,8561
VALETIN AND YORK MILLS,8562
BATHURST AND E PROM,8563
DON M AND FRESDHMEADOW,8564
ISLINGTON AND PRINCE,8565
COXWELL STATION BLOOR STATI,8566
CHESTNUT HI AND DUNDAS,8567
LU AND WARDEN STATION CRESCENT,8568
SHERWAY GARDENS BUS TE,8569
DUFFERIN AND MELBORUNE,8570
COLONEL SMITH PARK LOO,8571
WILSON STATION STATTON UPPER,8572
FERNSID AND YORK MILLS,8573
DUNDAS AND WILLARD,8574
GIBSON AND WARDEN,8575
AIRPORT AND JETLINE,8576
LEASIDE,8577
PLEASANT OUTSIDE,8578
CHEORKEE AND FINCH,8579
CAMFORTH AND LAWRENCE STATION,8580
CATHERDRAL AND KING,8581
ATOM AND THE QUEENSWAY,8582
HUMBER COLLEGE STATION COLONE,8583
THE E MALL AND YARD,8584
STEELES AND WILSON STATION,8585
IAN MACDONALD AND NORT,8586
CLOVELLY A AND OAKWOOD,8587
ELLESMERE AND KINGSTON,8588
KING STATION AND RYLANDER,8589
COXWELL AND WOLVERLEIG,8590
MIDLAND AND MILLIKEN,8591
KIPLING AND REDWATER,8592
JANE STATION AND YORK GATE,8593
OF SPADINA STATION STATI,8594
BROADVIEW AND O CONNOR,8595
FINCH STATION E AND KENNEDY STATION,8596
PELMO AND UPHILL,8597
EASTERN AND QUEEN STATION E,8598
CARNEY AND FINCH,8599
WILLIAM KITCHEN ROAD,8600
BATHURST AND JOICEY,8601
LUPIN,8602
COMMISSONERS AND SAULT,8603
MAN AND MOUNT PLEASANT,8604
CHURCHILL AND YONGE,8605
FINCH STATION JUST OU,8606
BLAKTHORN AND EGLINTON,8607
B AND PARKWOOD VILLAGE,8608
MARTIN GR AND STEELES,8609
MARTIN AND ROYAL CREST,8610
KENNEDY STATION S,8611
BLOOR AND DUNDAS STATION ST WEST,8612
HWY 7 AND UPTOWN,8613
ELMHURTS AND ISLINGTON,8614
BROOK B AND VALLEYWOOD,8615
IVORDALE AND VICTORIA,8616
HORNER,8617
ATTWELL AND CARLINGVIE,8618
MALL AND WAULRON,8619
ANNETT AND JANE,8620
YORK LOOP HALDON,8621
E YORK A AND HALDON,8622
FAIRHOLME AND MARLEE,8623
OVERLAND AND PAPEBIRCH,8624
LAWRENCE AND MODERN,8625
CARRIER AND HWY 27,8626
DUNCAN MILL AND VALLEY,8627
LAWRENCE AND MORNING D,8628
CASTLEFIRLED AND FAIRB,8629
GERRARD AND HAMILTON,8630
LESLIE AND OLD CUMMER,8631
WILSON AND WILSON STATION PARK,8632
ROUGE HILLGO STATION,8633
DANFORTH AND MERTON,8634
COXWELL AND KINGHORN,8635
PROMENAD AND ROUGESIDE,8636
LYNV AND VICTORIA PARK,8637
BAYVIEW AND VALLEY,8638
SHEPPARD BRENTWOOD,8639
ROSLIN AND YONGE,8640
BIRMINGHAM AND EIGHTH,8641
PARKSIDE AND QUEENSWAY,8642
WILLRIAM ALLEN,8643
BESTVIEW AND STEELES,8644
AIRPORT AND CHURCHHILL,8645
BATHURST STATION AND DREWERY,8646
BLOOR W AND LOTHIAN,8647
HWY 400 AND SHEPPARD,8648
PEARSON TERMNINAL 3,8649
DUFFERIN AND HOMESDALE,8650
VALLEYW AND YORK MILLS,8651
BOUCHETTE AND COMMISSI,8652
BLOOR AND WILMAR,8653
C AND VICTORY CRESCENT,8654
KENNEDY AND TREVEERTON,8655
TANDRIDGE CRESCENT,8656
MARKHAM AND NUGGAT,8657
ST DENNIS AD LINKWOOD,8658
MOREPARK AND YONGE,8659
RONCESVALLES,8660
COLINS AND ELLESMERE STATION,8661
MALVERN GATE OPPOSITE,8662
BRIAN HIL AND DUFFERIN,8663
BAFFIN AND OLD FINCH,8664
AND GOLDERS G,8665
VICTORY CRESCENT,8666
EGLINTON E UNIT,8667
YORK MILLS STATION ANS SANDOVE,8668
OASIS,8669
DANFORTH AND DOWES,8670
COLTON AND ST CLAIR,8671
DANILACK,8672
EGLINTON AND LONVIEW,8673
BEOGRAD G AND ROSELAWN,8674
GENTIAN AMD RENFORTH STATION,8675
MCCOWAN AND SIXTHEENTH,8676
MARKHAM AND ST CLAIR STATION,8677
BRIMORTON AND ORTON,8678
POND AND SENTINEL,8679
ISLINGTON AND VELMA,8680
KINGSTON AND WALTER,8681
INGRAM AND KINCORT,8682
ATTWELL AND FAMBORA,8683
BRAD AND DUNDAS STATION ST W,8684
STEELES E LOOP,8685
YONGE NORTH,8686
CALEDONIA AND GLENGROV,8687
KODIAK AND SHEPPARD WEST STATION,8688
ANTIBES,8689
EASTER AND QUEEN STATION,8690
LANSDOWNE AND LAPPIN A,8691
VILLAGE GREEN SQUARE A,8692
BELFIELD AND HWY 2,8693
BLOOR OSSINGTON STATION SHA,8694
STEELES AND YONGE LOO,8695
BLACK CREEK AND PHOTOGR,8696
CRESCENT AND ROSEDALE,8697
BLOOR AND CLENDANAN,8698
DRIFTWOOD AND STRONG,8699
SGNETT AND STEELES,8700
CHAPMAN AND SCARLETT,8701
CENNTENARY LOOP,8702
COE HILL AND THE QUEEN STATION,8703
CEDERVALE STATION,8704
AMSTERDAM AND CONNOR,8705
BISHOP AND WILLOWDALE,8706
MILITARY TRAIL U,8707
CRESENT AND ROSEDALE,8708
CONCORD PLACE LOOP,8709
DUNDAS STATION W AND KEELE STATION,8710
BAYVIEW STATION AND YOR MILLS,8711
CLEARVIE AND TRETHEWEY,8712
KNOWLES AND STAINES,8713
DUNDAS STATION W AND PRINCE,8714
CRAYDON AND WESTON,8715
HACKLEBERRY AND WOODBINE STATION,8716
BRAEMAR AND EGLINTON,8717
BRAYMORE,8718
ROGERS AND WILSON,8719
FINCH AND WESTMOER,8720
MCLENNAN AND SUMMERHILL STATION,8721
ARMISTICE AND BAYVIEW STATION,8722
BLOOR AND GRACE,8723
SHERWAY WARDEN STATION,8724
PETER AND QUEEN,8725
EGLINTON STATIO,8726
LOCHINW AND YORK MILLS,8727
IRENEMOUNT AND STEELES,8728
WARDEN STATION TEMPO,8729
PORT UNION AND TI,8730
ARROW GARGE,8731
BEECROFT,8732
YORK CIVIC CENTRE,8733
DYMANIC AND MCNICOLL,8734
DARCEL,8735
GULLIVER,8736
SCARLETT ROD AND TILDE,8737
GREEN AND TRETHEWEY,8738
BAYVIEW AND SUTHERLAND,8739
OCONNOR AND SAINT HUBE,8740
BLACKWATER CRES,8741
MARTI AND THE W WAY,8742
KING STATION AND YORK,8743
GRENOB AND SPANDBRIDGE,8744
HAMBLEY AND QUEEN STATION,8745
THISTLE DOWN,8746
EGLINTON W AND MARLEE,8747
FINCH STATION W AND TORRES,8748
B P AND WESTMORE STATION W,8749
MIDLAND AND OVERLEA,8750
KEELE AND REGIS CRE,8751
DIXON AND NORTHCREST,8752
INGRAM AND KEELE STATION,8753
KINGSTON AND SAUNDERS,8754
AND CHAPLIN,8755
EGLINTON AND GUESTVILL,8756
FAIRGLEN,8757
GRENOBLE ANFD SPAINBRI,8758
DNCAN MILLS AND LESMIL,8759
BLOOR AND OLD MILL STATION TRA,8760
QUEENSWAY AND VANSCO R,8761
QU AND WINDERMERE,8762
EGLINTON AND NAIRN W,8763
HILLAR AND ROGERS,8764
HARVIE AND REDHILL,8765
CANADA BLDV AND MANITO,8766
GRENOBLE AND SPAINBRID,8767
ROBERT HICKS PARK,8768
STEELES AND TOWNSEND R,8769
GOLDEN LION AND YONGE,8770
BLOOR AMD MARKLAND,8771
HORNER AND ISLINGTON,8772
AUKLAND AND BLOOR,8773
ROYAL YORK STATION LELAND,8774
KENNEDY STATION BUS PL,8775
ALBION AND TODD BROOK,8776
STEELES AMD BIRCHMOUNT,8777
PRINCES AND WILLOWDALE,8778
DUFFERIN AND JANE STATION OLSE,8779
CHALKFARM,8780
DENSION AND WESTON,8781
LEAMEADOW WAY,8782
CASTLETO AND HENRIETTA,8783
ISLINGTON AND RIVERBAN,8784
FRO AND ORIOLE,8785
KEELE AND WHITB,8786
BLOOR AND WINDERMERE A,8787
FENSIDE,8788
CRESCENT,8789
BROOKSIDE AND KINGSTON,8790
BRIMLEY AND WALKWAY TO,8791
LAWRENCE AND PINE HOL,8792
NORELCO AND ORMONT,8793
TANDRIDGE CRESENT,8794
LAURLEAF R AND STEELES,8795
EASTPARK AND MARKHAM,8796
MIDLEFIELD AND STEELES,8797
DON MILLS AND LAPWORTH,8798
ELROSE AND WILSON,8799
KINGSLEY AND SYMINGTON,8800
MALVER GARAGE,8801
GR AND GRAYDON HALL,8802
BATHURST AND HELENA,8803
DUNDAS STATION W AND E MALL,8804
GLEN PARK PARKETTE,8805
UOFT SCARBOROUGH CAMPU,8806
BILLY BISHOP WAY,8807
AND MIDLAND STATION AND STEELES,8808
CURITY AND HOLINGER,8809
MIDLAND AND MONTGOMERY,8810
DANFORTH AND PLAYTER,8811
MCCOWAN STATION LOOP AND STEELES,8812
CARNARVON AND EVANS,8813
ISLINGTON STATION AMD KINGSVIE,8814
CRESCENT AND WRENTHAM,8815
5050 5068 SHEPPARD,8816
YONGE N AND YORK MILLS,8817
DUNCAN MILLS AND VALLE,8818
GRENOBILE AND VENDOME,8819
ANTIBES AND TORRESD,8820
JARVIS AND KING STATION,8821
CLINTON AND HARBORD,8822
CLEARVIEW AND TRETHEWEY,8823
FAIRFAX CRE AND WARDEN,8824
CONNOR AND LINSMORE,8825
ATKINSON AND RODEO,8826
SHAFTESBURY AND YONGE,8827
AVEN AND ST CLAIR STATION W,8828
FL AND MARTIN ROSS,8829
BEECHGROVE AND LAWRENCE STATION,8830
GOR AND ORIOLE,8831
KENNEDY STATION LAYOV,8832
DIXON AND GOLLFWOOD HE,8833
KINGSTON AND LOCHLEVEN,8834
SPENCER AND WESTON,8835
OLD LESLIE STATION,8836
TOUCHSTONE,8837
ALBION AND RIVERDALE,8838
DEAN AND VICTORIA PARK,8839
EGLINTON AND HIGHBOURN,8840
DRIFTWOOD AND NISKA,8841
EGLINTON AND WILLIAM R,8842
LAWRENCE STATION E AND MILD,8843
MANITOBA AND PRINCES B,8844
TERMINAL 3 PEARSON AI,8845
STEELES AND TOWNSEN,8846
MORNING VIEW TRAIL,8847
ARROW GARAGE BUS ENT,8848
HUMBER AND JOHN GARLAND,8849
CAPSTAN AND STEELES,8850
MIDLAND STATION STEELES,8851
AIRPORT AND INTERNATIO,8852
MCCOWAN AND PHYLLIS,8853
COLONEL SAMUEL LOOP,8854
PIONEER VILLAGE STATION STTION,8855
FLINT,8856
CORLEY AND WOODBINE,8857
RUSSE AND ST CLAIR,8858
AND CARDI AND LAWRENCE,8859
OF T CAMPUS,8860
DUPONT AND LAPPIN,8861
CASTLEFIELD AND YONGE,8862
MOUNT DENNIS STATION T,8863
DANFORTH HAND EGLINTON,8864
BICKERTON AND VAN HORN,8865
LAKEHORE AND MARINE PA,8866
ST CLAIR STATION AV AND YONGE,8867
DUNDAS STATION AND SHORNECLIFF,8868
WILS AND WILSON STATION HEIGHT,8869
KENNEDY STATION E,8870
KIPLING STATION GO STATION,8871
GENTIAN AND RENFORTH,8872
FRONT ST W,8873
COMMISSI AND LAKESHORE,8874
POPE JOHN PAUL SCHOOL,8875
SUNNYBROOK HOSPITAL H,8876
SUNCREST,8877
ST CLAIR STATION STATON,8878
CATCUS AND GOULDING,8879
INGRAM AND KINGCORT,8880
QUIETBROOK AND STAINES,8881
CONNER AND PAPE STATION,8882
DUNDAS AND JEROME,8883
ELLESMERE STATION AND MORISH,8884
VICTORIA PARK STATION ANDECOMB,8885
BIRCHBOROUGH AND KEELE,8886
JANE AND ROMANOWAY,8887
SIGNAL HIL AND STEINWA,8888
KEELE STATION AND LEPAGE,8889
DOWNSVIEW AND SHEPPARD,8890
ELLESMERE AND MORISH R,8891
HART AND QUEEN STATION S PARK,8892
KINGSTON AND MAIN STREET,8893
FINCH STATION W STATION TO,8894
ISABELA AND SHERBOURNE,8895
CONNORVALE AND HORNER,8896
MEWS AND STEPHEN,8897
MEADOWVALE STOP,8898
GL AND SOUTHWOOD,8899
MCCOWAN AND PROGRESS,8900
DONLANDS AND MILVERTON,8901
DELTA AND HORNER,8902
BIRCHMOUNT AND PARKETTE,8903
16TH AVENU AND MCCOWAN,8904
FINCH STATION N YORK,8905
O CONNOR AND VICTORIA,8906
INNISLAWN AND MCNICOLL,8907
EXECUTIVE AND MILNER,8908
JANE AND NELLIS,8909
GRAFT AND RONCESVALLES,8910
THE LINKS AND TOU,8911
MAGELIAN AND SHEPPARD,8912
EGLINTON AND KEEL,8913
DUFFERIN STATION AND SPRINGHURST,8914
BRIMLEY AND ST ANDREW STATION,8915
KEELE AND MAPLE LEAF D,8916
WILSON STATION DIVSION,8917
ISLINGTON STATION LOOP,8918
INTERNATIONAL AND VOYA,8919
KENNEDY STATION AND RADNOR,8920
ROCKCLIFFE,8921
BROADVIEW AND SPARKHAL,8922
DUFFERIN AND YORK,8923
SPRINGVIEW AND WILSON STATION,8924
EGLINTON AND WINCOT,8925
MEDULL AND QUEEN,8926
GORMAN AND SHEPPARD,8927
JONES AND MYRTLE,8928
DUPONT STATION AND EMERSON,8929
FINH AND MORNINGSIDE,8930
BOARHILL AND MIDLAND,8931
WOODBINE STATION LOOP 555 REX,8932
PRINCE EDWARD VIAD,8933
CARRIER LOOP ALBION A,8934
OVERLEA BUL,8935
CARLHALL LOOP,8936
CLONMORE AND CORNELL,8937
DON MILLS AND LEGATO,8938
MOUNT OLIVE STATION,8939
ALBANS AND KIPLING,8940
JANE AND ST JOHN S,8941
AND BROOKE,8942
BUSHBY HO AND MCCOWAN,8943
BRICK WORKS,8944
CONWAY AND GULLIVER,8945
CROW TRAIL AND HORSELE,8946
ROUGE AND SHEPPARD,8947
BOND AND DON MILLS,8948
DUNDAS AND MOUNT DENNI,8949
KIPLING STATION KIP,8950
CASTLEFIELD AND DANESB,8951
BURNHAMTHORPE AND REXD,8952
DOVERCOURT AND NOTHUMB,8953
MARYLAND AND STEELES,8954
DON MILLS STATION OR GRAYDON H,8955
BRIMLEY AND MANDARIN,8956
BERNUMTHO AND WESTMALL,8957
FERRIS AND GLENBURN,8958
MARCO AND MIDLAND,8959
CENTEN AND PROGRESS,8960
YORK MILLS STATIONS,8961
OLD MIL AND YORK MILLS,8962
COMMISSIONERS RIGHT A,8963
OSSINGTON AND SHANNON,8964
JOHN AND QUEEN STATION S QUAY,8965
DANFORTH AND MONAR,8966
CLEARVIEW HE AND KEELE,8967
ELMHURST AND ENDICOTT,8968
MEADOVALE LOOP,8969
DANESBURY AND R,8970
WELLESLEY STATION E,8971
CONCORD,8972
DUNDAS STATION NORT AND YONGE,8973
MARTIN GROVE JOHN GARL,8974
DAZING AND MORNINGSIDE,8975
CLIFFOR AND MAPLE LEAF,8976
TEWSLEY PLACE,8977
DUFFERIN AND GOODWOOD,8978
CORNING AND LESLIE,8979
KEELE AND WYNCOMBE S,8980
STEELES W AN,8981
KENNEDY STATION LOT B,8982
HARRISON WARDEN STATION BLV,8983
DEERFORD AND VAN HORNE,8984
EAGLE AND MCNICOLL,8985
FAYW AND WILSON,8986
NETWORK AND VISCOUNT,8987
MARTIN GROVE AND TROLL,8988
JOHN G AND KIPLING,8989
DUFFERIN AND YORK UNIVE,8990
SENLAC AND YORKVIEW,8991
HWY 27,8992
GATE AND PUTNAM,8993
ASHTON BEE AND WARDEN,8994
OCONNOR AND PAPE STATION,8995
CHAPLIN CRES,8996
PALMER AND SECORD,8997
WARDEN STATION 17 BIRCHMOUNT,8998
STAINES AND STAINES M,8999
MARKHAM AND ROCHMAN,9000
MT DENNIS STATION LR,9001
MCCOWAN AND PITFIELD R,9002
WILSON STATION DUFFERIN STATION,9003
GRANDSTAND AND HWY 27,9004
SCUNTHORPE AND SHEPPARD,9005
HACKNALL AND SENTINEL,9006
ST CLAIR STATION BU,9007
DONLANDS AND MEMORIAL,9008
DUPLEX,9009
UNIONVILLE GO PARKING,9010
BRADBROO AND ISLINGTON,9011
14TH AVENU AND MCCOWAN,9012
CENTINNIAL COLLEGE STATION BUS,9013
DEMASK AND WESTON,9014
THE QUEE AND WINDEMERE,9015
KENNEDY STATION PLATF,9016
CNTENIAL AND PROGRESS,9017
SHERWAY GARDENS AND WEST,9018
OVERLEA AND THONCLIFF,9019
NEW CHERRY LA,9020
CLEARVI AND TRETHEWEY,9021
WI AND WINDERMERE PLACE,9022
LAWRENCE AND MANSE ROAD,9023
MIDLAND AND STEELES TO,9024
EGLINTON STATION DO,9025
LAWRENCE AND LESLIE STATION TO,9026
OLDHAM,9027
ROBINA,9028
BERTH AND DAWES,9029
CEDARLAND AND RATHBURN,9030
DON MILLS AND EESTERBR,9031
LAWRENCE STATION E AND TRE,9032
LINDEN AND ST CLAIR STATION E,9033
DAVISVILLE AND FORSYTH,9034
HWY 427 AND VALHAL,9035
CARLUKE AND FIFRESHIRE,9036
BEECHGROVE AND CORONATI,9037
WHARTON SQUARE,9038
BAYVIEW STATION AND SUTHERLAND,9039
CORPORATE AND MCCOWAN STATION,9040
N Y AND ROYAL YORK,9041
BRIMLEY AND DANFORTH R,9042
ATLANTIC AND KI,9043
DUNDAS AND HUMBERSIDE,9044
CUMMER AND SILVERVIEW,9045
GARYRAY AND ROSSDEAN,9046
ASHBRIDGES LOOP,9047
SHER AND SHERWAY,9048
IANGROVE,9049
JUILIAN AND WILSON,9050
CHAMPAGNE AND CHESS,9051
EGLINTON AND RUMSAY,9052
DAVENPORT AND OLD WEST,9053
EGLINTON AND KIRKNEWTO,9054
COMMANDER AND HUNTINGW,9055
CATHEDRAL AND KINGSTON,9056
HWY 40 AND STEELES,9057
AND B BEFORE DIXON,9058
AND WHEELI,9059
CLONMORE AND WARDEN,9060
CHAMPAGNE AND CHESSWOO,9061
LLOYD JAMES LN AND TWE,9062
CANADA AND PRINCE,9063
NEW AND STEELES W,9064
DEERHIDE CRES,9065
DANFORTH AND PILKIN,9066
PHARMACY AND STAMFORD,9067
HOLINGER AND NORTHLAND,9068
MEADOWVALE,9069
RLANDER,9070
GENERATION AND MEADOWV,9071
ST REGIS CRES NEAR,9072
ELLE AND MILTARY TRAIL,9073
COSBUR AND DONLANDS,9074
FRONT E,9075
SENECA AND THE POND,9076
LOIRE CT,9077
WILSON STATION BAY STATION 8 L,9078
MARTIN GROVE STEELES L,9079
FRESHMEADO AND STEELES,9080
GARRATT AND REGEN,9081
ST PATRICK STATION,9082
INN AND LESLIE,9083
TORONTO PEARSON INTERN,9084
HWY 409 AND MARTIN,9085
BAYVIEW STATION AND MCNICOLL,9086
MCGRISKIN AND SHEPPARD,9087
ALNESS AND SUPERTEST,9088
YORKDALE STATION GO,9089
EARLDOW AND WILLOWRIDE,9090
N O AND ST DENNIS,9091
BROOKBANKS AND VALLEYW,9092
LAWRENCE STATION YORK MILLS STATION,9093
VALLEY WOODS,9094
RAINBOW AND SHEPPARD,9095
BARMAC AND GARYRAY,9096
KENNEDY STATION ANF FINCH STATION,9097
CONNOR AND MILTON,9098
DOUGLAS,9099
SPANBRIDGE AND VICTORIA,9100
CATARQUI AND WARDEN,9101
MALL CRESCENT AND TH,9102
NORT AND VICTORIA PARK,9103
ADELAIDE AND YORK,9104
OLD WEST AND ST CLAIR STATION W,9105
ARTHUR MEIGHAN BUILDIN,9106
ANGLESEY AND KINGSWAY,9107
LYNEDOCK AN ROYWOOD,9108
HARRIS AND LAWRENCE,9109
MANITOBA AND PRINCES,9110
CEDARVALE STATION BU,9111
BERKELEY AND KING STATION,9112
HUPFIELD AND PENNY HIL,9113
ALBERTUS AND YONGE,9114
BRICKWORDS AND DON VAL,9115
UNIONT STATION,9116
KENNEDY AND LINWOOD,9117
MCCOWAN STATION B AND STEELES,9118
BELFIED AND HWY 27,9119
MARLEE AND RIDDLE,9120
GOFLDOWN AND ISLINGTON,9121
LYNDOCK AND ROYWOOD,9122
MORNINGSIDE AND S,9123
MIDLAND STATION AND ST CLAIR STATION E,9124
CACT AND GOUDLING PARK,9125
FINCH STATION E AND MORNIN,9126
DONLANDS AND FLOYD,9127
GERVAISE,9128
CRESCENT AND S,9129
FINCH STATION W AND YORK GA,9130
BLOOR AND HOWLAND,9131
LUMSDEN,9132
FINCH STATION KENNEDY STATION,9133
OLD YARD STOCKS R,9134
DELBURN,9135
QUEEN STATION ST E,9136
EASTDALE,9137
EGLINTON AMD MCCOWAN STATION,9138
MCDONALD AND QUEEN,9139
HUMBERWOOD AND PINECON,9140
BLOOR AND ST GEORGE,9141
CONNOR AND RALSTON,9142
COSBURN,9143
COBALT AND JANE,9144
ESANDAR AND LAIRD,9145
VANDERHOOF,9146
ASHCOTE AND STEELES,9147
BRI AND SHEPPARD E,9148
AND BELMORAL,9149
ELLESMERE STATION AND SCARLETT,9150
LAMSDOWNE AND LAPPIN,9151
SAND OV AND YORK MILLS,9152
DAVISVILLE AND MCCORD,9153
HILDA,9154
TAYM AND THE QUEENSWAY,9155
MORRISH,9156
BREMONDSEY,9157
PARKSIDE AND WARDEN STATION,9158
CHADWICK AND SPADINA,9159
ROCKCLIFFE AND TERRY,9160
SHE AND SHERWAY GARDENS,9161
COE HIL AND WINDERMERE,9162
BATHURST AND GREENWOOD STATION,9163
HUNTINGWOOD CRESENT,9164
DON MILLS AND MARBLEMO,9165
BATHURST STATION AND BRIDGMAN,9166
BLACKHORN AND NAIRN,9167
MT CASTLE AND STEELES,9168
BOULDER AND STAINES,9169
CHIPSTEA AND YOR MILLS,9170
JANE STATION BUS PL,9171
KILBAR AND ORIOLE,9172
MASCOT PL,9173
BURNHAMTHORPE AND SATU,9174
R AND ROCKCLIFFE,9175
BATHURST AND HOPSPUR,9176
ALBERTA AND E,9177
COR AND LAWRENCE STATION W,9178
FENEL AND GREYDON HALL,9179
MCROBERTS AND ROGERS,9180
SELECT AV AND TAPSCOTT,9181
BELFIELD AND SHAFT,9182
CAVEHILL CRESCENT,9183
BIRCHMOUNT GARARGE B,9184
BENTON AND LAWRENCE STATION W,9185
LAWRENCE STATION W AND OLYMPIA,9186
MT PLEASANT,9187
BERKELEY AND QUEEN,9188
SHEPPARD W AN,9189
SHEPPARD BETWEEN RIVAL,9190
AROW GARAGE,9191
TORONTO INTERNATIONAL,9192
AYLESWORTH AND HEALE,9193
DONLANDS AND O CONNER,9194
DREWERY AND GRANBROOK,9195
HO AND RAAB BLOULEVARD,9196
ROGERS AND WARDEN,9197
MCNICOLL AND SILVER SP,9198
CORDOVA AND DUNDAS,9199
GISBURN AND YORK MILLS,9200
STE AND VICTORIA PARKS,9201
HUMBER COLL AND HWY 27,9202
E DALE AND SECORD,9203
JANE AND LAWRENCE STATION W,9204
FINCHDENE AND PULLMAN,9205
DIXON AND KINGSTON,9206
ARAGON AND SHEPPARD,9207
ARROW AND BARTOR,9208
CORNWALLS AND KENNEDY,9209
BAYVIEW AND TARBERT,9210
GRIERSON,9211
RIVALDA,9212
DUFFERIN STATION AND LAWRENCE STATION W,9213
MT DEENIS GARAGE,9214
ANDONA CRES,9215
DUFFERIN AND MCADAMS,9216
WARDEN STATION BUS B,9217
CEDARVALESTATION,9218
KINGSTON AND PARK CREST,9219
ISLINGTON AND WESTHAMP,9220
CASCI AND COXWELL,9221
CAPSTAN GA AND STEELES,9222
GRANDVIEW AND STEELES,9223
SIGNAET HI AND STEELES,9224
MARTIN GROVE AND REDGR,9225
KINGSTON AND MANDERLEY,9226
STRATTON,9227
AND MELROS,9228
ELDERGROV AND SHEPPARD,9229
OSSINGTON STATION M,9230
BROADOAK AND KEELE,9231
BRAHMS AND MCNICOLL,9232
COSBURN BETWEEN PAPE STATION,9233
MARTIVE GROVE AND W,9234
MIITARY TRAIL AND MORN,9235
BRIMLEY AND BRIMORTON,9236
BROOKVIEW AND LAWRENCE STATION,9237
BATHURST AND TOWNS GAT,9238
HUMBER AND OSSINGTON,9239
DEAUVILLE LANE AND ST,9240
DENISON AND MARKHAM,9241
L AND THE DON WAY E,9242
INDUSTRY AND TODD,9243
DUNDAS AND STERLING,9244
MCLEVIN,9245
LAWRENCE STATION E AND ST EDMU,9246
ROUGE HILL GO LOOP,9247
KENNEDY AND SUMMER DRI,9248
ELLESMERE AND MONDEO,9249
EDMUND AND YONGE,9250
PETERKAISE AND STEELES,9251
ELLESMERE AND WILLOWDA,9252
WOODBINE STATION BRIDGE,9253
BELMONT AND YONGE,9254
CONNER BRIDGE,9255
GREENWOOD AND ST CLAIR STATION,9256
ARAZ AND GLENORCHY,9257
BELLEVUE AND COLLEGE,9258
ADELAIDE AND KING,9259
TERMINAL 1 P4,9260
HUMBERLINE AND VIEW,9261
CAMPBEL AND YORK MILLS,9262
DUNDAS STATION W AND WILMAR,9263
ORFUS AND PAUL DAVI,9264
BIRCHMOUNT AND HARLEYF,9265
MARKHAM AND,9266
CORRIONATION AND WALLS,9267
DUNDAS AND EAT MALL,9268
GREENBRE AND MARKHAM,9269
MURRAY ROSS PKWAY,9270
ALBION AND BANKFIELD,9271
SLON AND VICTORIA PARK,9272
FLYCATCHER,9273
ARLETA AND MEDAL LN,9274
MOUNT PLEASANT AND TED,9275
LAKESHORE GARAGW,9276
BUSHEY AND WESTON,9277
SHEPPARD AND YONGE STATI,9278
GO AND YORKDALE,9279
FINCH STATION AND MCNICOLL,9280
MARKHAM AND VERNE CRES,9281
UPHILL AND WOODWARD,9282
HOSKIN AND TOWER,9283
BLACK CREEK AND PHOTOG,9284
DRYSDEN AND FAYWOOD,9285
BANNATYNE AND BEAVER H,9286
FOUR WIND AND TANGERIE,9287
CARLAW AND DUNDAS STATION ST E,9288
LOVERS LN,9289
YONGE ST 211,9290
CARLAW ANED QUEEN STATION,9291
KING STATION LOUIS CRESCENT,9292
KENNEDY STATION STATIOPN,9293
O C AND ST CLAIR STATION W,9294
BLAC AND LAWRENCE STATION W,9295
KENNEDY STATION OFFL,9296
CONSILIUM AND PROGRESS,9297
CALEDONIA AND RATHEM,9298
CARLTON AND JAMES,9299
LAPSELY R AND SHEPPARD,9300
GUNN S LOOP,9301
DUFFERIN STATION AND WINGOLD,9302
SUNNY BROOK LOOP HOS,9303
CONLINS R AND SHEPPARD,9304
DOONAREE AND UNDERHILL,9305
TRITON,9306
HEPTICA AND STAINES,9307
LA PEER B AND MCNICOLL,9308
BROADVIEW AND QUEEN STATION,9309
GARDINER EXPY AND ROYA,9310
DUNDAS STATION AND SHORNECLIFFE,9311
MERRIL AND WOODBINE,9312
LUMSDEN AND W LAKE,9313
DUNSFOLD,9314
BANNATYNE AND LESLIE,9315
INGLIS BUILDING,9316
OLD WESTON AND ROGE,9317
CURITY,9318
QC65 8V VAUGHAN,9319
ELLESMERE STATION ANDMILITARY,9320
BROOKEVIE AND LAWRENCE,9321
GERRARD AND ST MATTHE,9322
CALYSON AND WILSON,9323
DUNDAS STATION W AND KIPLING,9324
CAVER AND MARTIN GROVE,9325
EGLINTON AND ROYAL,9326
INN ON THE AND LESLIE,9327
LLOYD MANOR AND PRINCE,9328
SCARBOROUGH TOWN STATI,9329
HASSARD,9330
STEELES W UNI,9331
CONNER AND HUTTON,9332
RE AND WATERBURY,9333
MAFEKING CRESCENT,9334
EGLINTON AND O CONNOR,9335
HIGHVIEW AND LILLINGTO,9336
THE LINKS AND TOURNAME,9337
DUNDAS AND SHAW,9338
PASSMORE AND SILVER,9339
KEELE AND MARYPORT,9340
BROOKDALE AND YONGE,9341
EGLINTON AND GILBERT,9342
BARBERRY AND SHEPPARD,9343
PARK WOODS VILLAGE,9344
JANE AND,9345
SHAWFIEL AND UNDERHILL,9346
ANTIBES AND TORREDALES,9347
HARBORD AND SHEPPARD,9348
DUNDAS AND LAWS,9349
REXLEIGH AND ST,9350
AUGUSTA,9351
WOODBINE STATION RACE TRACKS,9352
WATE AND WILLIAM ALLEN,9353
LITTLE AND RANGELEY,9354
FLORENS AND PHARMACY,9355
KENNEDY STATION BT ST CLAIR STATION AN,9356
APPROCHING AND HWY 401,9357
DELAHAYE AND WILSON,9358
HILLSVIEW AND KEELE,9359
STAINES AND WARBLER,9360
WALKER AND YONGE,9361
EMERY STOP,9362
COXWELL AND DANFORTH A,9363
CRAYFOR AND PHARMACY Y,9364
CONNOR AND GARDENS C,9365
KNIGHTSBR AND PHARMACY,9366
LAKESHORE AND SIXTEENT,9367
CHANNEL 9 AND MCCOWAN,9368
QUEEN STATION QUAY AND SMALL,9369
BRAECREST LOOP ROYAL,9370
BROCK AND QUEEN,9371
BROWNS LINE AND LAKESH,9372
CONNOT AND GLEBENMOU,9373
BRIMLEY AND WATERFIELD,9374
COLLINGSGROVE NORTH,9375
ALLIANCE,9376
ELMHURST AND HEL,9377
BLOOR W AND SYMINGTON,9378
DIRECTOR C AND STEELES,9379
CALEDONIA STATION,9380
GUILDWOOD PRKW AND PRI,9381
ACRON AND DUNDAS,9382
DON MILLS AND HWY 401,9383
PARLIA AND QUEEN STATION QUAY,9384
GRANTBROOK,9385
DON M AND OVERLEA,9386
BRIMLEY AND LOMBARDY,9387
BLOOR S AND SHERBOURNE,9388
BURBURY AND LAURENRIDE,9389
BANATYNE AND DAVEAN,9390
BRIDLE PATH AND L,9391
CONNAUGHT AND EASTERN,9392
EGLINTON AND PHOTOGRAP,9393
FINCHAND WESTON,9394
BLAC AND EGLINTON W,9395
DANESBURY AND ROSELAWN,9396
ELL AND HIGHLAND CREEK,9397
COSBURN AND W LAKE,9398
JANE STATION AND PRITCHARD,9399
EVAMS AND KIPLING,9400
DON VALLEY LRT STATION,9401
KENNEDY AND PURCELL SQ,9402
CONCORDE PL AND WYNFORD,9403
OLD DUNDAS AND VARSITY,9404
JANE AND WILLIAM GRAGG,9405
STARSPARY LOOP,9406
LAWSON AND WICKEY,9407
YORK MILLS AND,9408
BATHURST AND YO,9409
BRIMLEY LOOP,9410
BROADVIEW STATION AND QUEEN,9411
LIBERTY,9412
BAYVIEW AND THE BRICKW,9413
DUNDAS STATION ANDS WILMER,9414
COLLEGE STATION AND UNIVERSITY,9415
DONLANDS AND FIELDING,9416
MILNER 102,9417
MOUNT DENNIS OSSING,9418
DUCKW AND LAWRENCE,9419
SANDOVER,9420
CHRISHOLM AND LUMSDEN,9421
KEEL AND SHEPPARD,9422
GARRY AND HUNGTINGWOOD,9423
OLIVE A AND WILLOWDALE,9424
BRIMORTON AND LINVILLE,9425
PASSMORE AND STATE CRO,9426
ST CLAIR STATION E AND VICTORIA,9427
MORNINGSIDE AND ST,9428
CARLINGVIEW AND WORCES,9429
COLNEL SAM SMITH LOOP,9430
MCNOCILL GARAGE,9431
HUMBER COLLEGE AND WIN,9432
BELFIELD AND HWY 409,9433
DUNDAS STATION AND THE E,9434
KEELESDALE STATION BUS,9435
YOR AND YORKLAND,9436
KILCULLIN AND MIDLAND,9437
LAKESHORE AND PARK SHO,9438
FOXLEY AND OSSINGTON,9439
TURNBERRY CO AND YONGE,9440
GLEN AND SUMMERHILL STATION,9441
HERRON HI AND SHEPPARD,9442
MCCOWAN STATION LOOP,9443
FENMAR AND STEELES W,9444
BAY AND QUEEN STATION QUAY W,9445
SUNNYBROOK HOSPITAL MA,9446
FOUR AND JOHN GARLAND,9447
LANSDOWNE AND,9448
BAYVIEW STATION AND CUMER,9449
THORNCLIFFE PARK SOUT,9450
KEELE STATION AND SHEPPARD W,9451
FINCH STATION WEST STATION AND TANGIERS,9452
NEWGALE G AND TAPSCOTT,9453
FOGAL AND HWY 50,9454
MEADOWAVALE LOOP,9455
FIREBRACE,9456
RANGOO AND WELLESWORTH,9457
BLOOR QAND SHERBOURNE STATION,9458
AND ISLAND,9459
BAYVIEW AND GLENELIA,9460
NORTHYORK GENERAL HOSP,9461
FINCH AND WINLOCK PARK,9462
CHESSWOOD AND FINCH STATION W,9463
MA AND RIDGECREST,9464
SHEPPARD W A,9465
BLOOR W AND MARGUERETT,9466
LAURENTIDE AND TETBURY,9467
OLD DUNDAS STATION,9468
DANFORTH RO AND WARDEN,9469
CACTUS AND HOMEWOOD,9470
ANTIBES AND DAWN LAKE,9471
MAPLE LEAF,9472
ISLIN AND STEELES LOOP,9473
CROSSROADS PLACE,9474
GERRARD STATION ST E,9475
KENNEDY STATION PARKETTE,9476
DREWRY,9477
NUGGET AND TRANSFER PL,9478
ARMIST AND WELNESS WAY,9479
COLERIDGE,9480
LAWRENCE STATION W AND RALPH,9481
KINGSTON AND VICT,9482
STARVI AND STARVIEW,9483
PIONVEER VILLAGE STATI,9484
KEELE STATION AMD COLVILLE,9485
KINGSTON AND MEADOVALE,9486
DEEPWOOD CRESCENT,9487
LEASIDE STATION,9488
KENNEDY AND RANCHOR,9489
PATARCIA AND YONGE,9490
CONSENTIN AND PROGRESS,9491
FLETCHER AND ISLINGTON,9492
YORK COLLEGIATE,9493
HUMBER COLLLEGE BUS TE,9494
REXLIEGH,9495
IRONSIDE CRES,9496
GUILDPARK PATHWAY,9497
LONSDALE AND,9498
STEVENWOOD,9499
SCARB TOWN CTR STATION,9500
BRIMLEY AND DORCOT,9501
FLINT AND SUPERTEST,9502
KINGSTON AND KINGSWOOD,9503
DUNCAN MILLS AND LESMI,9504
SUNNYBROOK HOSPITAL W,9505
SUNNYBROOK AND WELLNESS,9506
QUEEN AND WINVERA,9507
SUNNY BROOK HOSPITAL,9508
DUNDAS STATION AND OLD DUNDAS,9509
GITSPUR AND MAGELIAN,9510
DON MILLS AND GAT,9511
GERRARD AND SCARBOROUGH,9512
PASSMO AND SILVER STAR,9513
MORNINGSIDE AMAZ,9514
CAM AND EGLINTON W,9515
BADGEROW AND CARLAW,9516
GULLIVER AN KEELE STATION,9517
YORK REGIONAL,9518
ROLPH AND SUTHERLAND,9519
CALEDONIA AND RATHBURN,9520
ATHLETIC AND GREENWOOD,9521
LAWSON AND WICHEY,9522
LOGAN AND QUEEN,9523
OPPOSITE 215 CARLINGVI,9524
JEFFCOAT,9525
WESTON UNIT A,9526
MAVERN GARAGE,9527
DUNCAN MILL AND LESMIL,9528
DON MILLS AND GATE WAY,9529
BIRCHMOUNT AND DULVERT,9530
HERON PARK P AND MANSE,9531
WELLESLEY STATION BU,9532
OAKWOOD AND ST CLAIR STATION A,9533
MARCHMOU AND OSSINGTON,9534
BERMONDS AND HOLLINGER,9535
ALBION AND IRWIN,9536
NEILSON AND SILVERBELL,9537
YORK MILLS STATION 9,9538
LANSDOWNE AND WARDEN STATION,9539
SHEPPARD AND ZOO,9540
BRIARFIELD,9541
ANCAST AND REGENT,9542
GROSBEAK AND SEASONS,9543
BIRCHMOUNT AND FINCH STATION E,9544
BROOKBANKS AND UNDE,9545
CONS AND YORKLAND,9546
DOVEHOUSE,9547
NORCROSS,9548
OF T LOOP MILITARY,9549
CUMMER AND FLEMMING,9550
401 AND YONGE,9551
WILSON STATION DIV,9552
TERMINAL 3 T12,9553
CO AND YORK ACRES,9554
HIGHLA AND SCHOOLFIELD,9555
VICTORIA PARK AND WIND,9556
LITLTLES AND SEWELLES,9557
ROGERS AND W MOUNT,9558
BIRCHMOUNT AND PAPE STATION,9559
BRIARWOOD,9560
WELLESLEY STATION ST W,9561
MALVERN BUS GARAGE,9562
CHER AND COMMISSIONERS,9563
CAVEN AND SOUTHWOOD,9564
ELSA VINEWA AND LESLIE,9565
PPC 93,9566
CENTENIAL COLLEGE STATION TERM,9567
SHERWAY GARDENS AMD SH,9568
AIRPORT TERMINAL 3 P,9569
CHESSWOOD AND VANLEY C,9570
KEELE AND REGIS,9571
HUMBER WOOD COLLEGE STATION,9572
KIPLING STATION AND WESTWAY,9573
ELLESMERE AND ORION,9574
FINCH AND WILLOSDALE,9575
BLUFFWOOD AND STEELES,9576
BEDFORD AND CHICORA AV,9577
DUFFERIN AND REGAL,9578
CORDOVA AND DUNDAS STATION W,9579
KEITH AND MCROBERTS,9580
MARTI AND STEELES LOOP,9581
FINCH STATION E AND FINCHDENE,9582
MAIN AND WESTWAKE,9583
JANE STATION NAD GRANDRAVINE,9584
DOWNSVIEW STATION,9585
JARVIS AND QUEEN STATION S QUA,9586
HUMBERWOOD AND WILSON,9587
GRACEFIELD AND KEELE,9588
DAVISVILLE STATION OUT,9589
ROSELAWN,9590
KIRTLING PL,9591
DANFORTH AND SAVARIN,9592
BARKSDA AND ISLINGTON,9593
LIVINGSTON N,9594
CALEDONIA AND EGLIN,9595
ATLEE AND PARK,9596
CHURCH AND GEORGE,9597
LADY OF YOR AND WILSON,9598
LEE CENTRE,9599
RICHG AND WILLOWBRIDGE,9600
CLOCKTOW AND DON MILLS,9601
SPADINA AND WILLCOCKS,9602
KEELE AND KEELESGATE D,9603
DUNDONALD,9604
AIRPORT T3,9605
LAURELLEAF AND STEELES,9606
HERRON AND ST CLAIR,9607
COMMAN AND HUNTINGWOOD,9608
WILSON STATION TRAINING CENTRE,9609
KINGSTON AND MANSON,9610
CASTLEMORE,9611
CALEDONIA LRT STATION,9612
CEDARVALE STATION 1300 EGLIN,9613
DUFFERIN AND ST GLENCA,9614
SCARLETT,9615
BORIS AND KENNEDY,9616
VAUGHAN AN ARLINGTON,9617
DUNDAS STATION AND ROYAL YORK,9618
QUEEN STATION QUAY LOOP,9619
CLUMBE AND WELLESWORTH,9620
YELLOW BIRCHWAY,9621
CEDARVALE STATION AND KEELE,9622
GREENWIN VILLAGE R,9623
EGLINTON AND WILLIAMS,9624
BEA AND EGLINTON E,9625
CEDARVALE STATION STATAION,9626
EMERALD AND STEELES W,9627
LANSDOWNE STATION AND SEAFORTH,9628
AUCKLAND AND BLOOR,9629
QUEEN STATION S PARK AND TREAS,9630
CONSILIEUM AND MCCOWAN,9631
MORNINGSIDE AND SHEPPP,9632
NORTHQ AND SHORNCLIFFE,9633
MARKHAM AND SHORTING,9634
BARTON AND BATHURST STATION,9635
CHAPLIN,9636
CHAPLIN CRES N O,9637
HIGH AND QUEENSWAY,9638
YORK MI AND YORK MILLS,9639
CORDELLA AND WESTON,9640
STATE CROW AND STEELES,9641
LITTLES AND WESTON,9642
MANTIS AND STAINS,9643
BELFIELD AND W SHAFT,9644
BLYTHWOOD,9645
PHARMACY AND SUNDRIGE,9646
UNIVERSITY TORONTO,9647
FOXRIDGE AND KENNEDY,9648
CARNIVAL CT,9649
BEVERLY HILLS AND JANE STATION,9650
MALL AND W DEANE,9651
GUILDWOOD GO STATION,9652
PLESANT AND YONGE,9653
CROW TRAIL AND TAPSCOTT,9654
SIGNET ARROW STATION,9655
DVR STATION,9656
FINCH AND MAXHOME,9657
STEELES E AND WALKW,9658
BLANTY AND KINGSTON,9659
BRADSTOCKQ AND WESTON,9660
DANFORTH AND WARD,9661
DANFORTH AND WA,9662
ARNOTT AND FINCH,9663
CROW TRA AND TAPSCOTT,9664
MELFORD AND TAPSCOTT,9665
GARNETT AND TWELFTH,9666
AND CUMBERLAND,9667
MILITARY TRAIL AND UN,9668
LANSDOWNE STATION BLOOR S,9669
SCARBOROUGH TOWN CENRE,9670
SENATOR O CONNOR HIGH,9671
LANSDOWNE STATION CEDARVALE STATION,9672
WILSON AND YONGE BUS,9673
PIONEER VILLAGE STATION JAN,9674
BERGAMONT AND REXDALE,9675
HAROLD EVANS CRES,9676
HAROLD EVA AND MCNICOLL,9677
HIGHLAND CR AND LAWSON,9678
ST JOSEPH AND YONGE,9679
MILLENIUM AND TR,9680
DUFFERIN AND SPRINGSHU,9681
ST ALBAN AND ST ALBANS,9682
DRIFTWOOD AND YELLOWTR,9683
REHAB AND WELLNESS,9684
BAYVIEW STATION AND WELLNESS,9685
OSSINGTON AND REBECCA,9686
BIMBROK AND EGLINTON,9687
MAIN STREET STATION VICTORIA,9688
MAIN VICTORIA PARK STATION,9689
HUDDERS AND HUMBERLINE,9690
VICSOUNT STATION,9691
LAKE SHORE AND THIRTY,9692
EGLINTON AND SCARBOROUGH,9693
BURNH AND THE WESTMALL,9694
BROOKSIDE A AND DUNDAS,9695
STAM AND VICTORIA PARK,9696
POINT R AND STAINES,9697
BURNAMTHORPE AND SATUR,9698
EASTDALE AND GO,9699
4725 4727 SHEPPARD,9700
PARKING LOT 10 IRONS,9701
BL AND SHERBOURNE,9702
BAYVIEW AND BELSIZE,9703
OLD F AND SEWELLS,9704
MALVEFRN GARAGE,9705
GATEWAY AND S SIDE,9706
CHAPLIN AND WARDEN STATION,9707
ISL AND THE QUEEN STATION WAY,9708
ST CLAIR STATION E AND WEST,9709
GRANDOR CT,9710
FAIRHOLME,9711
FENMAR AND STEELES,9712
CLAIRVIE AND TRETHEWEY,9713
DONLANDS STATION STATIOPN,9714
H AND MURRAY ROSS,9715
BINGHA AND KINGSTON,9716
CHAPLIN AND MEMORIAL P,9717
DOLOMIATE AND DUFFERIN,9718
BOUCH AND COMMISIONERS,9719
CLAREMORE AND PARK,9720
FINCH STATION W AND WESTON,9721
BLACK C AND EGLINTON W,9722
BLACKCREE AND LAWRENCE,9723
STEELES LOOP AND YONG,9724
LANDSDOWNE AND QUEEN STATION T,9725
FINCH STATION WESR W STATIO,9726
STEELES HIGHWA,9727
DUFFERIN AND WELLER,9728
LAWRENCE AND TREELAWN,9729
SHAVER SOUTH,9730
GILTSPUR,9731
FAIRLAWN AND YONGE,9732
DIRECTOR,9733
BRAEMORE GARDENS,9734
LAWRENCE STATION W AND RAL,9735
KALMAR AND KINGSTON,9736
ATTWELL AND CARLING VI,9737
FINCH AND PINEWAY,9738
SHERWAY WARDEN STATION STOP,9739
SHERRWAY GARDENS,9740
FINCH STATION WST STATION,9741
KIPLING AND RED WATER,9742
GALLOWEY AND KINGSTON,9743
DUFFERIN AND ROSECLIFF,9744
CORDOVA AND DUNDAS STATION WEST STATION,9745
CASTLETON AND CORBETT,9746
ADELAIDE AND CHURCH,9747
BLOOR AND KINGS LYNN,9748
MCCOWAN AND STEELES LO,9749
SCARLETT AND TILDEN,9750
ATTWELL AND FAMBORO,9751
EMERALD AND STEELES,9752
BRANYON AND SEWELL,9753
AIRPORT AND RIPON,9754
HUMBER COLLEGE STATION ETOBICO,9755
AIRPORT CRESCENT,9756
KEELE STATION NAND ST REGIS,9757
KEELE STATION OUTSID,9758
SUNNYBROOK HOPSITAL,9759
LAWRENCE STATION W AND LOR,9760
FRESH MEA AND TOWNSEND,9761
INVERDON,9762
CALEDONIA AND KITCHNER,9763
CARTWRIGHT SUBST,9764
BRYAN AND VAN HORNE,9765
BREBEUF CO AND STEELES,9766
CHISHOLM AND DANFORTH,9767
HIG AND PARKSIDE,9768
BIRC AND KINGSTON,9769
LAKE SHORE AND PARLIAMENT,9770
SHANK AND SHAW,9771
GLEN AND MOUNT PLESANT,9772
DANFORTH ADN PARKETTE,9773
VALLEYB AND YORK MILLS,9774
EDMONTON AND VAN HORNE,9775
TOURNAMENT AND UPPER H,9776
BRIDLE PATH AND PARK L,9777
BROWNS LINE AND RIMILT,9778
CANOE CRES AND SEASONS,9779
PETROLEA AND STEELES,9780
QUEENSWAY AND YONGE,9781
DANF AND DANFORTH,9782
DUPONT STATION AND ST GEORGE,9783
CAMFORTH AND LAWRENCE,9784
COMMANDER AND MCC,9785
ORMONT AND WILSON STATION,9786
RANE AND TURTLE ISLAND,9787
PALACE PIER,9788
ROYAL YOR AND THE W,9789
BUSHBEE AND MCCOWAN,9790
ANSFORD,9791
MANITOBA AND SASKATCHE,9792
APPL AND BURNHAMTHORPE,9793
ALLINGHAM G AND WILSON,9794
SENECA LA AND THE POND,9795
SHEPPARD BETWEEN WARDEN STATION,9796
BLOO AND COLBURN LODGE,9797
ARLETA AND SPENVALLEY,9798
SHEPPARD AND YONGE EA,9799
BIRCHMOUNT AND FUNDY,9800
NORTHCLIFF AND VAUGHAN,9801
MT DENNIS STATION D,9802
BERKELEY AND NICHOLSON,9803
DUNCANWOODS STATION,9804
DUNDAS STATION E AND REGENT,9805
PETWORTH CRES,9806
PIONERR VILLAGE STATIO,9807
GOVE AND PRINCE EDWARD,9808
LADY YORK A AND WILSON,9809
LADY YORK AND WILSON STATION,9810
BATHURST AND INVERMWAY,9811
HEALE AND PARK,9812
CENTRAL PA AND CORDOVA,9813
LESLIE STATION BARNS,9814
INNISMORE AND PHARMACY,9815
LAWRENCE STATION E AND MAR,9816
COSBURN AND HALDEN,9817
JANE STATION JOHN LAWRENCE STATION,9818
JAEN AND PATIKA,9819
LITTLES AND SEWELLES,9820
N YORK B AND YONGE,9821
BROADVIEW AND WESTMORE,9822
STEELES BUS AND WARDEN,9823
DEEFORD AND DON MILLS,9824
CEDARVIEW AND LAWSON,9825
COSBORN AND PAPE,9826
DUFFERIN AND JOE SHUST,9827
KODAK CRES,9828
CANMORE AND PARADE SQU,9829
EGLINTON AND ROSTREVOR,9830
OF T LOOP SCARBOROUGH,9831
MEADOWVILLE LOOP,9832
ST JOHN HENRY CHS,9833
HEPATICA AND STAINES,9834
WILSONAND JANE STATION,9835
ADELAIDE,9836
LAWRENCE STATION E AND MT,9837
KODIA AND SHEPPARD,9838
DIRECTOR CT,9839
ANGELSEY AND ISLINGTON,9840
DAVENPORT AND LIGHTBOU,9841
GARYRAY,9842
CARL HALL AND CHESS,9843
MILLWOOD AND SUTHERLAN,9844
STAIRVIEW,9845
JANA AND WESTON,9846
MOUNT PLESANT AND SOUD,9847
LAKEHSORE AND LOUISA,9848
EGLINTON AND PLESANT,9849
EGLINTON AND OLD FORRE,9850
SYDNEY BELL AND WESTON,9851
POYNTZ AND YONGE,9852
SCUNTORPE AND SHEPPARD,9853
GIBRALT AND HWY 50,9854
427 AND FINCH,9855
GRANDST AND THORNCLIFF,9856
BELFI AND MARTIN GROVE,9857
ALNESS BETWEEN DOLOM,9858
RIVENDALE AND STAINES,9859
LAWRENCE AND MILDEN H,9860
CRAIGTON D AND PHARMACY,9861
BRIMLEY 103,9862
MIMICO AND ROYAL,9863
DAWES AND LANE N,9864
DANFORTH AND KENWORTHY,9865
GILBERT PARKETTE,9866
ARNC AND VICTORIA PARK,9867
DE AND ST DENNIS,9868
MARKHAM AND SPRIN,9869
RINGWAY CRESCENT,9870
AMS AND CONNOR,9871
AV AND EGLINTON,9872
KNOB H AND WESTON,9873
ST CLAIR AND TWEEDSMU,9874
LAWRENCE STATION VICTORIA PARK STATION,9875
O CONN AND THORNCLIFFE,9876
DENISON E,9877
OVERLEA AND THORN,9878
BIRCHMOUNT AND BURCANA,9879
DENSLEY AND KEELE,9880
DUNDAS STATION S AND HIGH PARK,9881
BEN AND LAWRENCE STATION E,9882
CUL AND LAWRENCE STATION W,9883
FAIRWAY AND STEELES,9884
HUMBER AND ROYAL YORK,9885
BARKDENE HILLS AND LAR,9886
ELMHURST AND HAL,9887
LANDSDOWNE AND ST CLAI,9888
DON VALLEY AND EGLINTON,9889
MERTON AND MOUNT PLEAS,9890
WOODBINE STATION LOOP ASHBRID,9891
WICKSTEED,9892
DUNDAS AND WINDERMERE,9893
MIDDLFIELD AND STEELES,9894
CANADA AND P,9895
ALONG ROUTE,9896
DOWN AND STANLEY GREEN,9897
CLOUSTON AND WESTON,9898
OLD SCARL AND SCARLETT,9899
DONNYBROOK AND DUNDAS,9900
HUNTINGWOOD AND R,9901
CARLUKE CRESCENT AND F,9902
WENDERLY,9903
MANNING AND QUEEN STATION,9904
PEEL REGIONAL,9905
GILSPUR AND JANE STATION,9906
QUEEN AND SPADINA STATION,9907
EDWA AND PRINCE EDWARD,9908
MUNT DENNIS STATION,9909
RATHBURN ANDTHE W M,9910
DON MILLS STATION ADND HAVENBR,9911
AND LYNWOOD,9912
KENNEDY STATION FIN,9913
FINCH STATION LITTL,9914
RUTHERFORD AND WESTON,9915
CLO AND THE DONWAY W,9916
SCARBOROUGH TOWN,9917
CATHDERAL AND KINGSTON,9918
HAREFIELD AND HINTON,9919
PIONEER VILLAGE STATION STTAIO,9920
KENNEDY AND PENTLY,9921
ST GEORGE STATION BD STATION,9922
DUNDAS STATION W AND GILMOU,9923
BERMONDSE AND CONNOR,9924
IAN MACDONALD AND STEELES,9925
BROOKWELL AND SENTINEL,9926
MARTINGR AND WATERBURY,9927
ELLESMERE AND GREAT W,9928
LESLIE STATION AND WICKSTEAD,9929
L AND PARK LANE CIRCLE,9930
JANE AND YORKWOOD,9931
ELLESERME AND KENNEDY STATION,9932
PARKWOODS VILLAGE A,9933
BROWN S LINE AND HORNER,9934
EGLINTON OU AND YONGE,9935
MORNINGSIDE AND STANS,9936
KIPLING STATION 945 EX,9937
C AND LAKESHORE GARAGE,9938
MEADOWV AND ROYAL YORK,9939
CROMARTY AND ELMHURST,9940
PAGET AND VICTORIA,9941
DUVEL AND LAWRENCE,9942
ROANOKE AND UNDERHILL,9943
NEW AND PROMENADE,9944
EGLTINO AND ROYAL YORK,9945
MORNINGVIEW AND TRAIL,9946
LAKESHORE AND TEN,9947
GREENWIN AND REGATTA,9948
MOUND DENNIS GARAGE,9949
FENN AV AND YORK MILLS,9950
GOULDING AND PECKHAM,9951
STEPHEN AND WANISKA S,9952
BIRCHMOUNT AND FLORA,9953
KENNEDY STATION ELL,9954
FOUR WINDS AND TANGIE,9955
NEW CAS AND ROYAL YORK,9956
M AND MAJOR MACKENIZIE,9957
40TH STR AND LAKESHORE,9958
LLOYD AND RATHBURN,9959
SUNNYBROOK LOOP,9960
ROYAL YORK STATION AND WESTWAY,9961
DUFFERIN AND PEEL,9962
ROYAL AND STRATH HUMBER,9963
HUMBERWOOD AND WESTOWA,9964
FINCH AND LISZT GATE,9965
SWEENEY AND VICT,9966
MARTIN GROVE LOOP WEST,9967
HOWARD MOSCOE AND NORT,9968
BRIMLEY AND GRITTANI,9969
DUPONT AND RUNNYMEDE STATION,9970
OUTLOOK AND ROCKCLIFF,9971
MARKHAM AND SPRINGDALE,9972
LIPPINCOTT AND WESTON,9973
DANFORTH AND MARSH,9974
BETTY NEAGL AND WESTON,9975
DEBIGH AND KEELE,9976
FINCH STATION VICTORIA,9977
JOHN DRURY AND SHEPPARD,9978
NEILSON AND TRAILRIDGE,9979
BLAINE AND LAWRENCE,9980
WOODBINE STATION HEIGHTS,9981
WILSON STATION ANDE JANE STATION,9982
DANFORTH AND KENNEDY STATION,9983
FINCH STATION ACE E,9984
JACKSON AND KEELE,9985
MURRAY ROSS AND SHOREH,9986
BISON,9987
ARLETA AND GRANDRAVINE,9988
HUNTINGWOOD AND RIDGEC,9989
KENNEDY STATION HOLDIN,9990
YONGE COLLEGE STATION GER,9991
BIRCHMOUNT AND ST CLAIR STATION E,9992
MEADOWVALE AND WHITE,9993
VIC PARK STATION,9994
ISLINGTON STATION AND MILLWICK,9995
MEDAOWVALE LOOP,9996
C AND WHEELS TRANS EXIT,9997
BERRY AND GLEN MURRAY,9998
DRIFTWOOD AND TOPPCLIF,9999
COLLEGE AND MCCAUL,10000
CARLIN AND HWY 409,10001
AMAZON FULFILLMENT,10002
KNOBHILL AND WESTON,10003
COBURN AND GLEBEMOUNT,10004
BATHURST AND CASTLEFIE,10005
FERRIS AND PLAXTO,10006
KING AND SPENCER,10007
16TH WAR AND WARDEN,10008
401 AND LESLIE,10009
TERMINAL 3 PILLAR C4,10010
MAJOR MACKENZIE AND WA,10011
BARBER GREENE AND DON,10012
THE W MALL AND WAUL,10013
AND CASTLEFIELD,10014
ROUGE HLL GO STATION,10015
ST CLAIR STATION W A,10016
COLONEL SMITH PARK DRI,10017
BIRCHMOUNT AND KI,10018
STAINES AND WARBLER CL,10019
GALL AND KINGSTON,10020
CHRISTIE AND YARMOUTH,10021
HWY 27 AND VULCAN,10022
KENNEDY AND LAWRE,10023
CHURCH AND KING STATION,10024
ALBI AND CARRIER,10025
ORCHID VIEW AND YONGE,10026
OF T SCARBOROUGH CAMP,10027
DON VALLEY,10028
LAKESHORE AND THIRTEET,10029
BROADVIEW STATION AND MORTIMER,10030
BRGSTOCK AND KENNEDY,10031
CLAUBIUS AND ELLESMERE,10032
PARKVIEW HILLS AND WOO,10033
BURH AND THE W MALL,10034
FAITH,10035
ANNETTE AND INDIAN ROAD,10036
EGLINTON AND LAIRD TO,10037
BLO AND OLD MILL STATION TRAIL,10038
THE PATH BAY STATION WELL,10039
EUGENE AND LAWRENCE,10040
DON MILLS STATION AND OVER LEA,10041
BILLIN AND DUNDAS STATION W,10042
YORK MILLS STATION BU,10043
CHUR AND THE ESPLANADE,10044
WOODBINE STATION STATON,10045
DUFFERIN STATION AND EGLINTON W,10046
ARBO AND THE POND,10047
CORPRATE AND LEE CENTR,10048
FORTROSE CRESCENT,10049
YONGE BISHOP CUMM,10050
THE W MALL EVA TO,10051
427 AND BLOOR,10052
AIRPORT TERMINAL 3 D,10053
CALEDONIA STATION AT,10054
13 10 AND STARSPRAY LOOP,10055
DUNDAS STATION W AND SHORNCLIFF,10056
KENNEDY AND REDNOR,10057
DUFFERIN AND SPRINGHU,10058
CACTU AND STEELES,10059
ELLESMERE AND MIRRORBA,10060
QUEEN AND ST PATRICK STATION,10061
SHEPPARD AND TRANSFER,10062
SHAUGHNES AND SHEPPARD,10063
EIGHTH AND LAKE SHORE,10064
NEWGALE GATE AND TAPSC,10065
HUMBER COLLEGE STATION PLATFOR,10066
DON MILLS AND LEI,10067
GUILVER AND KEELE STATION,10068
KEELE AND WILLI,10069
PRINCE ARTHUR AVENU,10070
PATMOORE AND THORNC,10071
KENNEDY AND STRAT,10072
VICTORIA PARK STATION AVENU,10073
HAYMARKET AND WILSON STATION,10074
HOWARD PA AND PARKSIDE,10075
CENNTENIAL COLLEG BUS,10076
WESTWOOD SQUARE TERMIN,10077
COMBERME AND PARKWOODS,10078
BENNETT AND LAWRENCE,10079
ACONA AND FINCH,10080
KING AND LAWRENCE STATION,10081
BATHURST AND WARICK,10082
SPADINA STATION TORONTO,10083
ST ALBANS AND W SE,10084
VICTORIA PARK STATION STEELES,10085
ST PHILLI AND WESTON,10086
HUPFIELD TRAIL AND OVE,10087
MIDLAND STATION AND ST CLAR,10088
HOSKIN ANDST GEORGE,10089
DON MIL AND WYNFORD,10090
HUMBER AND IXWORT,10091
IXWORTH AND WESTHUMBER,10092
NEWBR AND SHORNCLIFFE,10093
N AND SHORNECLIFFE,10094
ISLINGTON AND KINGS VI,10095
CENTENNIA AND LAWRENCE,10096
BEVERLY HILL AND JANE,10097
YORK MILL STATION 12,10098
ALLENFORD,10099
KIPLING AND WINGROVE H,10100
KEELESDALE STATION B,10101
LAWSON AND OSSINGTON,10102
KEELE STATION AMD CLEARVIEW,10103
KING AND LOWER RIVER S,10104
CONNOR AND HUTTON,10105
PECKHAM AND PLEASANT A,10106
BELLMANY AND ELLESMERE STATION,10107
BENT AND LAWRENCE STATION W,10108
NETWORK AND VISCO,10109
BYRON AND DANFORTH,10110
MCCOWAN AND PHYLIS,10111
KIPLING STATION 40,10112
SHERWAY WARDEN STATION MALL,10113
NEILSON FINCH STATION,10114
MT DENNIS STATOIN,10115
MCCAUL AND SHEPPARD,10116
AND B OFF RAMP DU,10117
CHESSWOOD AND VANLEY,10118
GUILDWOOD AND SCHUBERT,10119
LEAVEWORT AND THE W,10120
CUMMER AND DYNAMIC,10121
RIDGEGR AND WILLOWRDGE,10122
FINCH AND HAWK,10123
WESTWOOD SQUARE TRANSI,10124
NORTHLINE AND OCONNOR,10125
DANFORTH AND WESTLAKE,10126
HUNGTINGWOOD AND PHARM,10127
MORNINGSIDE TRAIL,10128
STRATHMORE CEDARV,10129
DON MILLS STATION OVERLEA,10130
CENTENIAL COLLEGE STATION LOOP,10131
MALVERN GARGAE,10132
DERBY AND PARLIAMENT,10133
VICTORIA PARK STATION AVEN,10134
KIP ING AND REXDALE,10135
BAYVIEW STATION AND WELLNESS WAY,10136
ATRIA BLV AND SHEPPARD,10137
ROUGESIDE PROMENADE AN,10138
COE HILL AND THE,10139
BRAECREST,10140
NORTHHOVE AND SHEPPARD,10141
CHA AND ORIOLE,10142
ELLMHUR AND MUNCEY,10143
LONGMORE AND SHEPPARD,10144
CALEDONIA STATION Q,10145
EASTERN AND LOWER COXW,10146
BETHRID AND HWY 27,10147
WESTON RAMP ALBION,10148
GUILDWOOD AND LIVINGSTON,10149
MORNINGSIDE AND WA,10150
COSBURN AND DONLANDS,10151
GROSVE AND QUEEN STATION PARK,10152
MOR AND OLD FINCH,10153
MILNER BU AND PROGRESS,10154
ISLINGTON STATION STATOIN,10155
ANNACON AND BIRCHMOUNT,10156
GREENFIELD AND YONGE,10157
ARROWM GARAGE,10158
BANNATYNE AND DEVAN,10159
BATHURST AND HWY 4,10160
LUMSTON A AND WESTLAKE,10161
CEDAR BRAE AND EGLINTON,10162
DAWES AND HALSEY,10163
AC AND DUNDAS STATION ST W,10164
ENCHANTED HILLS CRE,10165
ANCROFT AND SHERBOURNE,10166
PAPE AND PEPLER,10167
CELARVALE STATION,10168
ALTANTIC AND KING STATION,10169
DANFORTH COXWELL STATION,10170
BLACK CRE AND TRETHEWEY,10171
BATHURST AND NAPTUNE,10172
BLOOR AND WINDEMERE,10173
NEVILLE PARK AND QUEEN,10174
CONNAUGHT AND QUEEN STATION,10175
DUNFORD AND DURNESS,10176
SANFIEL AND YORK MILLS,10177
BIRCHMOUNT AND PARRNEL,10178
BATHURST STATION ADN STEELES,10179
MARIS SHE AND SHEPPARD,10180
BATHURST AND ELLISON,10181
ALGOMA AND ROYAL YORK,10182
DEERFORD AND DON MILLS,10183
KING STATION W,10184
DANFORTH AND LAWRENCE,10185
DUFFERIN AND WENTWORTH,10186
HAYHURST AND KIPLING,10187
HAYBURST AND KIPLING,10188
HUDD AND HUMBERLINE,10189
ANNETTE AND PACIFIC,10190
BROADVIEW STATION COSBURN,10191
BLOOR AND PEACOCK,10192
LINDEN,10193
RIVER G AND WINTERMUTE,10194
FINCH STATION STAITON,10195
MEADOWVIEW AND YONGE,10196
AND CARIBOU,10197
BIRCHMOUNT AND SIVER S,10198
LAWRENCE STATION AND RAILSIDE,10199
DANFORTH AND PHARM,10200
BOMBAY AND,10201
SCARBOROUGH GOLF GLUB,10202
LAWRENCE STATION W STATIN,10203
CAMBRIAN AND MALL,10204
BEERCROFT AND FINCH,10205
COLONEL LOOP,10206
FINCHDENE,10207
BATHURST AND CEDERCROF,10208
BAYLON AND FINCH,10209
BLOSSOMFIELD AND DANE,10210
MCCOWAN AND PERCY REES,10211
AL AND SERVICE,10212
CONVAIR AND RENFORTH,10213
AMORO AND WESTHUMBER,10214
BETH NEA AND WICKSTEAD,10215
O CONNER AND ST CLAIR,10216
GERVALS AND WYNFORD,10217
COPELAND AND WICKSTEAD,10218
INVERGORDON AND TINETA,10219
EGLINTON AND WINNET,10220
WILSON STATION ANA JANE STATION,10221
BANNATYNE AND BEAVERHA,10222
HIL AND MOUNT PLEASANT,10223
DA AND OLD WESTON,10224
SKYWAY,10225
NEWCASTLE AND ROYAL YO,10226
BARKW AND THISTLE DOWN,10227
BROWNING AND PAPE,10228
GLEN AND ROXBOROUGH,10229
CARLAW AND EASTREN,10230
ASPEN AND PARKVIEW,10231
FLORENCE AND JANE,10232
GREYABBY AND GUILDWOOD,10233
STANLEY GREENE PARK,10234
BROADSTOCK AND WESTON,10235
BERGARMO AND ISLINGTON,10236
GUNNS LOOP AND ST CLAI,10237
KEELESDALE ANMD EGLINTON,10238
DON MILLS AND O SHEA,10239
RIVERV AND ST PHILLIPS,10240
DELORAINE AV AND YONGE,10241
JARVIS AND SHUTER,10242
ELMWOOD AND YONGE,10243
CHMI AND IAN MACDONALD,10244
CROW TAIL AND NEILSON,10245
BRENT C AND VANDERHOOF,10246
DUNDAS STATION ST W BT HUMBER,10247
CONNAUGHT AND QUEN,10248
LAWRENCE STATION AND PINT,10249
DUFFERIN AND TYCOS,10250
37TH AND LAKESHORE,10251
LAWRENCE AND STARSSPRA,10252
SIGNAL HILL 1,10253
MOUNT DEENIS STATION,10254
QUEEN STATION QUAY AND SHERBOURNE STATION,10255
LOWER S AND QUEENSWAY,10256
ARROW GARRAGE,10257
HOPSTUR AND NEPTUNE,10258
ROFFSDEAN AND STEELES,10259
MAIN AND MARKHAM,10260
TRANSWAY CRES,10261
POINT ROUG AND STAINES,10262
SHUTER,10263
FINCH AND SENLEC,10264
EMDAABII AND LAKESHORE,10265
ST PHILLIPS PARKE,10266
CREEK AND DAWES,10267
FRED MCLAR AND MARKHAM,10268
LYALL AND MAIN,10269
WARDEN STATION UNIT 2,10270
ELROSE,10271
JANE AND YORKWOOD GATE,10272
LAWRENCE AND WEILAND,10273
DUNDAS STATION ST W AND JANE STATION,10274
DUNDAS AND VICTORIA,10275
EGLINTON AND MOUNT DENN,10276
ME AND SCARBOROUGH LOOP,10277
EGLINTON STATION 97 D,10278
SCARBOROUGH COLLEGE STATION L,10279
KINGSTON LOOP OUTSIDE,10280
COMMISSIONERSE AND SAU,10281
BIRCHMOUNT AND VAUXHAL,10282
BATHURST AND CRESTWOOD,10283
ELLESMERE STATION AND MORNINGSIDE,10284
TAVISTOCK,10285
DON MILLS STATION GATEWAY,10286
NIGHSTAR AND WHARMSBY,10287
ISLINGTON AND SANDALE,10288
JANE STATION SATATION,10289
INDUSTRY AND TODD BAYLI,10290
BAYVIEW AND KILGOURS R,10291
BOYDWOOD AND SHEPPARD,10292
RAINBROW AND SHEPPARD,10293
SPADINA STATION BD STATION,10294
BROADVIEW AND PRAETORI,10295
CAROLINE AND QUEEN,10296
ROYAL YORK AND TREMAYN,10297
MONTIMER AND PAPE STATION,10298
CARLAW AND LAKESHORE B,10299
BURNANTH AND MALL,10300
BATHURST AND KINGSBRID,10301
BURNAHMT AND MALL,10302
CLOCK TOWER AND DONWAY,10303
ATRIUM AND KENNEDY,10304
KING STATION ST W KI,10305
ROSEDEAN AND STEELES,10306
BRIMORTON AND ORTON PA,10307
MOUNT DENNIS LRT,10308
GUILDWOOD AND KIN,10309
VISCOUNT STATION,10310
DON MILLS STATION RAOD,10311
BRIMLEY AND HWY 40,10312
CORONO AND MORNINGSIDE,10313
CROATIA S AND DUFFERIN,10314
SHERB AND THE ESPLANADE,10315
BRIMLEY AND SCARBOROUGH,10316
CHAMBERLA AND EGLINTON,10317
DOWNSVIEW AND KEELE STATION,10318
CALEDONIA STATION QU,10319
MILL AND RATHURN,10320
LAMBETH AND ROYAL YORK,10321
LAMBTON AND ROCKCLIFF,10322
MANTIS AND STAINERS,10323
CALEDONIA CALEDONIA,10324
DRIFTWOOD STATION,10325
NEILSON AND PURPLEDUSK,10326
TERMINAL 1 ARRIVALS,10327
AIRPORT TERMINAL 3 ARR,10328
ISLINGTON AND WESTON,10329
VANSTASSEN AND VARSITY,10330
MORTIMER AND WOODYCRES,10331
GRANDS AND THORNCLIFFE,10332
HUPFIELD TRAIL AND SEW,10333
MIMICO AND WHEATFIELD,10334
HIGHVIEW AV AND WILSON,10335
PARK LN CIR AND POST,10336
FINCH STATION SPARE P,10337
KEELE AND WESTACRES,10338
AGLI AND THE QUEENSWAY,10339
EGLINTON AND MAYFAIR,10340
ALLAN AND EGLINTON,10341
PHILLIPS AND WESTON,10342
EMLHURST AND REDWATER,10343
DANFORTH VARIETY VIL,10344
GLEBEHOLM AND WOODBINE,10345
WOLVERLEI AND WOODBINE,10346
EGLINTON AND LEBOVIC A,10347
MORNINGSIDE AVENU,10348
ROCKBANK CRESCENT,10349
427 AND EGLINTON,10350
WESTON AND WILBY CRES,10351
BRIMLEY AND DANFORTH RO,10352
COSBURNA DN TODMORTON,10353
PIONEER VILLAGE STATION LOOP,10354
KIPLING AND N OR LAKES,10355
EGLINTON AND HWY 27,10356
CREIGTON AND PHARMACY,10357
BIRCHMOUNT GARAGE HOL,10358
COXWELL STATION ANDE SPRINGDAL,10359
BAYVIEW STATION AND ELLESMERE,10360
COLONOL SAMUEL SMITH L,10361
IVY BRIDG AND RATHBURN,10362
HUMBERLINE AND,10363
PARK LAWN AND QUEENSWAY,10364
MOUNT PLEASANT AND SAI,10365
ROYAL YORK AND ST CLAI,10366
BELLAMY AND TORRENCE,10367
WESTPM AMD CARDE,10368
CHAPLIN CRESCENT AND E,10369
DON MI AND FRESH MEDOW,10370
LAKESHORE AND THIRTY S,10371
DANFORTH AND SIBLEY W,10372
BESSBOROU AND EGLINTON,10373
BAYVIEW STATION LO AND STEELES,10374
MONDOVI AND ST CLAIR,10375
GRANDRAVINE AND OLLERT,10376
DOHME AND OCONNOR,10377
DUNDAS AND DUNDAS STATION W,10378
UNIVERSITY AND WEL,10379
AND ORCHAR,10380
ORMOND AND SIGNET,10381
JEAN AND SUMMERHILL,10382
BLOO AND BURNHAMTHORPE,10383
PARLIAMENT AND ST JAM,10384
CARLTON,10385
KING STATION AND ST CLAIR,10386
NORTHCLIFFE AND ST CL,10387
ST CLAIR AND WINONA,10388
BRIMLEY AND SKAGWAY AV,10389
PROGRESS AND SCHICK CT,10390
LANSDOWNE STATION SATION,10391
EGLINTON AND LEBOVICH,10392
FINCH AND JAYZAL,10393
ST CLAIR AND WESTON,10394
PRIONEER VILLAGE STATI,10395
JANE STATION ANDS ALLIANCE,10396
ROGERS AND ST CLAIR,10397
EGLINTON AND RUSSEL HI,10398
KIPLING STATION LOOP KIPLING STATION,10399
KENNEDY AND PERTSHIRE,10400
LAKE SHORE AND THIRTEE,10401
FINCDENE AND PULLMAN,10402
SERVICE KEN,10403
COLLISION AND WILSON,10404
BRIMORTON AND OR,10405
APEX AND LAWRENCE STATION W,10406
DERR AND SENTINEL,10407
AND CLEMENTS,10408
INDUSTRY AND MT DEN,10409
MORNINGSTAR AND NIGHT,10410
SHAFTSBURY AND YONGE,10411
BIRCHMOUNT AND ROUGESIDE,10412
SCATLE FRANK STATION,10413
BEDFORD AND ST GEORGE STATION,10414
CAMBR AND MORNING STAR,10415
COXWELL STATION AND FAIRFORD,10416
CULNAN AND QUEENSWAY,10417
STEELES LOOP AND VICTO,10418
MORNING SIDE AND NIGHT,10419
FREDRICK AND SENTINEL,10420
CANADA AND PRINCE S,10421
NIPIGON AND YONGE,10422
ANNDALE AND YONGE,10423
HARSHAW AND JANE,10424
PINEWOOD AND VAUGHAN,10425
EARL S LOOP,10426
EGLINTON SQ AND VICTORIA,10427
MID AND SHEPPARD E,10428
HOPEDALE AND O CONNOR,10429
DEXTER AND LESLIE STATION,10430
KEELE STATION BETWEEN VICTORY,10431
COMMERCIAL AND MILLWOOD,10432
EGLINTON AND LACESELLE,10433
LIBERTY AND PIRANEELLO,10434
LIBERTY AND PIRANDELLO,10435
LAWRENCE STATION ANAD CALEDONIA,10436
BLOOR ST E,10437
BLOOR AND ST GEORGE STATION,10438
MARTIN GROOVE AND REDG,10439
ANGLESSEY AND THE KING STATION,10440
GORDON AND JANE,10441
GREENBROOK D AND KEELE,10442
CONCORD AND LANE 2,10443
OTONABEE NE AND YONGE,10444
KINGSTON AN HIGHLAN,10445
ST CLAIRE STATION,10446
ARROW GATE,10447
JUNCION AND KEELE,10448
LESLIE AND WICKSTEED,10449
LEXING AND MARTIN GROVE,10450
FAWNDALE AND WARDEN,10451
SEN AND SHEPPARD W,10452
EASTERN ACRES LOOP,10453
DON MILLS AND GRAYD,10454
LAKESHORE AND MILES,10455
FORTROSE AND ROYWOOD,10456
EGLINTON AND OSSINGTON,10457
MCCOWAN AND WILFRED MU,10458
CONCORD PL AND WYNFORD,10459
LAVERT AND MEADOWVALE,10460
FAYWOOD AND WILSON STATION,10461
ROUGE HILL GO TRANSIT,10462
PIUONEER VILLAGE STATI,10463
DANFORTH AND EGLI,10464
KENNEDY STATION GO,10465
AMBERJACK AND BELLAMY,10466
BINSWOOD AND CONNOR,10467
ELLESMERE AND MC MCCOWAN STATION,10468
WANLESS AND YONGE,10469
BOMB BAY STATION LOOP,10470
EGLINTON AND MT PLESAN,10471
PALESTIN AND PRITCHARD,10472
HENRITTE AND RUNNYMEDE,10473
POPE JOHN PAUL II SCHO,10474
STEELES LOOP M,10475
SUNNYSIDE LOOP,10476
CARLAW AND EASTERN AV,10477
THE CHIMNEY STACK,10478
EMMIT AND VERONA,10479
JANE AND MARSHLYNN,10480
ARROWSMITH AND KEELE,10481
PRIVATE WOLSELEY LOOP,10482
BROOKERS AND LAKESHORE,10483
TRANSWAY,10484
HUMBER AND I,10485
DAIRYMPLE AND JANE,10486
FINCH STATION ADN TORRESDALE,10487
YORK MILLS STATION AN OLD YORK,10488
FINCH AND PAIGE,10489
CROW TRAIL AND NIELSEN,10490
RIVENDE AND STAINES,10491
EL AND MORNINGSIDE,10492
FUT AND GRANDRAVINE,10493
ST CLAIR STATION ADN SANTAMONI,10494
ALBION RAMP AND WESTON,10495
ISLINGTON AND LEDUC,10496
MAIN STREET AND OLD WEST,10497
MARKHAM AND OLD WELLING,10498
R AND ST PHILLIPS,10499
KEEWAT AND MT PLEASENT,10500
HWY7 AND MARKHAM,10501
BIRCHMOUNT AND DANF,10502
DANFORTH AND LYNN,10503
DON MILL AND VAN HORNE,10504
MAYFAIR AND VESTA,10505
MORINGVIEW TRAIL AND S,10506
FALSTAFF,10507
BROWN S LINE AND VALER,10508
DOCKSIDE AND QUE,10509
DO AND GRAYDON HALL,10510
BLA AND EGLINTON W,10511
SUN AND VICTORIA PARK,10512
MT DENIS GARAGE,10513
CASEBR AND MORNINGSIDE,10514
QUEEN AND THE E MAL,10515
KIPLING AND N QUE,10516
HOLY AND HUMBERLINE,10517
ROGERS AND WESTON AV,10518
HIGHVIEW AND OAKWOOD,10519
HIGH MEADOW PL,10520
DON MILLS AND DUNCA,10521
FINCH AND WILMING,10522
LAWRENCE AND WESTON R,10523
FORBES AND ROGERS,10524
HOSPITAL AND WELLNE,10525
BATHURST AND ST CLEME,10526
KENNEDY AND SHEPP,10527
OVERLEA AND THORKCLIFF,10528
DON MILLS AND EGL,10529
DVP EXI AND YORK MILLS,10530
LANSDOWNE AND LAPIN,10531
LA AND SCARB GOLF CLUB,10532
RAAB AND WELLNESS,10533
LAWRENCE STATION AND OSSINGTON,10534
GLENBOURNE AND WARDEN,10535
BISHOP AND WILSON,10536
CONNOS AND ST CLA,10537
CHURCH AND RICHMOND,10538
COXWELL STATION AND STARTHMORE,10539
PIONEER VILLAGE STATION SUBWAY,10540
JOSEPH AND QUEEN STATION PARK,10541
QUEEN STATION QUAY W AND YONG,10542
STEELES LOOP YONGE AN,10543
DAWES,10544
INDUSTRY AND MOUNT DEN,10545
CANARCTIC AND KEELE STATION,10546
RAMEAU AND RAVEL,10547
BANNATY AND WOODSWORTH,10548
LOMAR AND SHEPPARD,10549
CUMMER AND DREWR AND YONGE,10550
BEAVER AND LLOYD MANOR,10551
AND OLD AND ST CLAIR,10552
ALBION AND THISTLE DOWN,10553
BURHAMTHORPE LOOP,10554
CHAPLIN AND ELMSTHORPE,10555
EXIBITION W LOOP,10556
DUFF AND SHEPPARD W,10557
ATTWELL AND MARMAC,10558
MARTIN GROVE AND SEDGE,10559
YORKDALE STATION MALL BY GO,10560
CRESCENT TOW AND DAWES,10561
CARLAW AND FRIZZELL,10562
CROWTRAIL AND NEILSON,10563
ALLNES AND MARTIN ROSS,10564
JARVIS AND QUEEN STATION S QUAY,10565
HWY 401 AND WARDEN,10566
LAWRENCE STATION W AND SHER,10567
EGLINTON W AND FLAN,10568
OLD WESTON AND,10569
OSSINGTON STATION ADN DAVENPORT,10570
AND JOICEY,10571
JANE AND MILO PARK,10572
KINGSWAY AND QUEENSWAY,10573
LEONA AND SHEPPARD,10574
ELLIS AND THE QUEENSWAY,10575
CHAPIN AND ROSELAWN,10576
FINCHDENE AND NEW GALE,10577
BATHURST AND LANSDOWNE STATION,10578
DANFORTH AND PARKETT,10579
REXDALE AND VETIVER,10580
BAYVIEW STATION AND CUMMAR,10581
BAY AND JOSEPH,10582
CEDRIC AND JESMOND,10583
OLD WESTON AND RO,10584
HOWE AND SHEPPARD,10585
BLOOR OSSINGTON AND C,10586
MANITOBA AND QUEBEC,10587
PERAON AIRPORT TERMINAL,10588
GRANTBROOK AND ST BLAK,10589
MIDLAND AND STEELES ES,10590
FINCH AND SENLACK,10591
CHERRY AND EASTERN,10592
SAULTER AND VILLERS,10593
MACDO AND SEAFORTH,10594
GUN AND ST CLAIR STATION W,10595
DRIF AND DRIFTWOOD,10596
ST AND ST CLAIR STATION W,10597
COM AND WHEELTRANS EXIT,10598
FINCH STATION W AND MARTIN,10599
DUNDAS AND WILMAR R,10600
MUIRSON,10601
MALL AND N QU,10602
MCNICOLL AND MIDDLFIELD,10603
DUNCAN WOODS AND FINCH,10604
EMMITT AND JANE STATION,10605
BRADSTROCK AND WESTON,10606
CHESTER STATION AND DANFORTH,10607
FINCH AND TOLLEITON,10608
DERRY AND GRAND RAVINE,10609
BATHURST STATION AND SON LAKE,10610
ELLES AND MORNING SIDE,10611
ELLESMERE STATION MORNING,10612
BROCKLAWN AND KINGSTON,10613
MIDLAND AND STUBBSWOOD,10614
LUNDY AND OLD DUNDAS,10615
SOUTHPO AND WINDERMERE,10616
MACLENN AND SCHOLFIELD,10617
BATHURST AND CARSCADDE,10618
B AND TODD BAYLIS,10619
FLEMINGTON AND REPLIN,10620
ALLIANCE AND ROCKCLIFE,10621
BIRCHMOUNT AND CROUSE,10622
DEAKIN AND ROCKCLIFFE,10623
LAWRENCE AND REDBURY,10624
DURNESS AND DURNFOD,10625
SENLAC AND YORK CEMETE,10626
UNIVSERITY OF TORONTO,10627
EGLINTON AND RUSSELL R,10628
30TH AND HORNEY,10629
HUPFIELD T AND MCLEVIN,10630
GR AND HUMBERWOOD LOOP,10631
EGLINTON AND INDUSTRY,10632
DAVISVILLE AND MOUNT,10633
CONCORD AND NORTHUMBER,10634
BOGERT AND YONGE,10635
HAYWOOD AND SHEPPARD,10636
LOCUST AND STANLEY GRE,10637
BONNYC AND QUEEN STATION QUAY,10638
WAT AND WILSON STATION HEIGHTS,10639
CHOICELAN AND KINGSTON,10640
DANFORTH AND DRAYTON,10641
YONGE STEELES,10642
KINGSTON AND WESTHILL,10643
DVP AND LAWRENCE,10644
SHUTTER AND YONGE,10645
MALVERN DIVISION 5050,10646
HUPFIELD TRAIL AND LAD,10647
KENNEDY AND STATTON,10648
BROADVIEW AND HILSIDE,10649
BARNAC AND ORMONT,10650
COXBURN AND PAPE,10651
JANE AND SPEERS,10652
ANNEX AND SPADINA,10653
BRIMLEY AND STRODE,10654
BYNG AND WILLOWDALE,10655
ARNCL AND VICTORIA PARK,10656
KEELE AND SIR WILLAM H,10657
BEN AND LAWRENCE,10658
LAWRENCE AND WAYNE,10659
MAINSH AND WESTON,10660
QUEENSWAY TRAFFIC OFFI,10661
ALLANFO AND BIRCHMOUNT,10662
EGLINTON AND VICTORIA P,10663
JOHN AND SHEPPARD,10664
ERNEST AND WESTON,10665
CONNOR AND WOLVERTON,10666
KINGSTON AND KITCHENER,10667
LIPTON,10668
AIRPORT AND ALB,10669
MARLEE AND VIEWMOUNT,10670
DON MILLS STATION LAND SHEPPARD,10671
BLOOR BETWEEN DUFFERIN STATION,10672
EGLINTON STATON WHEEL,10673
ALBION AND CLAIREVILLE,10674
MAJOR MCKENZIE AND WAR,10675
DANFORTH AND MAIN STRE,10676
DON MILLS AND GRAYDONH,10677
CASTLETO AND PRITCHARD,10678
MAGWOOD AND VARSITY,10679
ANCONA AND FINCH,10680
FAWCETT TR AND MCLEVIN,10681
PINE AND STEELES,10682
BIRCHMOUNT AND COMSTOCK,10683
QUEEN AND RIVER,10684
CHRISHOLM AND DANFORTH,10685
BAILEY AND KINGSTON,10686
ALLANHU AND ROYAL YORK,10687
HAW AND SHEPPARD E,10688
BAY AND QUEEN STATION S QUAY,10689
HWY AND STEELES W,10690
METRO ZOO BUS LOOP,10691
MORNINGVIEW TRIAL,10692
ANGUS GLEN LOOP AND MA,10693
COLONEL SAMUAL PARK AN,10694
DUDLEY E AND STEELES,10695
MARRAY ROSS AND STEELES,10696
E AND THE QUEENSWAY,10697
STEELES YONGE,10698
SPADINA AND WARDEN STATION,10699
STEPHEN AND THE QUEEN STATION,10700
ESARNSCLIF AND OAKWOOD,10701
BLOOE AND SHERBOURNE STATION,10702
MURRAY ROSS AN,10703
BROADVIEW AND RIVERDAL,10704
FARNHAM AND YONGE,10705
DUFFERIN AND THORBURN,10706
GLEN AND WHITNEY AV,10707
FINCH STATION AND MORNINGVIEW,10708
PLAINFIELD AND WRIGHT,10709
LAWRENCE AND VISTA HUMBER,10710
400 OFF RAMP AND FINCH,10711
JANE STATION TRETHEWEY,10712
MC MCCOWAN STATION AND STEELES,10713
CARLAW AND DUNDAS,10714
GORWA AND MORNING STAR,10715
ELLESMERE STATION AND MOORISH,10716
EGLINTON W AND GABI,10717
GLENOBLE AND PAVEWAY L,10718
KI AND WIDDECOME PLACE,10719
FOURTEENTH AND WARDEN,10720
ANTIBIS AND BATHURST,10721
MILITA AND OF T LOOP,10722
DIXON AND LAWRENCE,10723
DUFFERIN AND LIBERTY S,10724
JANE AND SCARLETT,10725
DUNDAS STATION ST W AND WILMAR,10726
MINN AND SHEPPARD,10727
ATWOO AND THISTLE DOWN,10728
DUNDAS AND SAMUEL WOOD,10729
MARBURY AND ROYWOOD,10730
NEWGATE AND TAPSCOTT,10731
PARKLAWN AND THE QUEEN STATION,10732
CARRIER AND HWY2,10733
JOHN GARLAND BETWEEN M,10734
EVAN AND THE W MALL,10735
BAYVIEW STATION AND MOORE,10736
CHISHOLM AND LUNSDEN,10737
DUFFERIN AND WATERLOO,10738
LANDSDOWN AND QUEEN STATION,10739
MUNITION AND VILLIERS,10740
ELLESMERE AND W SER,10741
MISSISSAUGA TRANSIT WA,10742
BLOOR S AND LANSDOWNE,10743
HUNTINGWOOD AND MOLLAR,10744
KINGSTON AND WHITE CAP,10745
SHEPPARD AMD F,10746
SHEPPARD AND TORBARRIE,10747
MURRY ROSS AND YORK UNIVERSITY,10748
400 AND JANE,10749
KIPLING AND MOUNT OLIV,10750
ELMER AND QUEEN,10751
NEVILLE PARK LOOP,10752
BYNG AND TANDRIDGE,10753
EGLIN AND MIDLAND,10754
EGLIT AND MIDLAND,10755
HILLCREST COMPLEX,10756
CREEMORE AND EVANS,10757
MORNINGSIDE AND NIGHT,10758
BOLINGBRO AND LAWRENCE,10759
JARVIS AND LAKSHORE,10760
NORTON AND YONGE,10761
EMMETTE AND VERONA,10762
HWY 27 AND STEELES EA,10763
STEELES LOOP OUTSIDE,10764
MT PLEASANT AND ST CLA,10765
LESLIE AND MARSHFIELD,10766
BLACK CREEK B AND JANE,10767
DENNISON AND WARDEN,10768
DON MILLS AND ST DENN,10769
FRONT AND TANNERY,10770
GREETREE AND TRETHEWEY,10771
DUPONT AND EMERSON,10772
BRUSSELS AND MIDLAND,10773
AND ORCHARD VIE,10774
BRIMLEY AND CORVETTE,10775
MARKHAM R AND SHEPPARD,10776
PARVIEW HILL CRES,10777
OF 400 COLLECTO,10778
GARY AND LANGSIDE,10779
ISLINGTON STATION STAITION,10780
FINCH STATION ISLINGTON STATION,10781
ITALIA AND ST CLAIR,10782
DOWNSVIEW AND KELLE,10783
MORNINGSIDE AND NIGHTST,10784
PINE VALLE AND STEELES,10785
WARDEN STATION DN HUNTINGWOOD,10786
ROSEDALE STATION STARTION,10787
DOWNWVIEW PA AND KEELE,10788
DOWNVIEW PAR AND KEELE,10789
BROOK AND YONGE,10790
ANTIBIES AND TORSDALE,10791
IMPERIAL S AND YONGE,10792
LAWRENCE STATION E STATION,10793
GRAND RAVINE AND KEELE,10794
HARN AND QUEEN STATION S PLATE,10795
GUILDWOOD AND SCARCLIF,10796
MALVERN GATE AND SHEPP,10797
MCCOWAN STATION AND PROGRESS,10798
DANFO AND MONARCH PARK,10799
ABERDEE AND PARLIAMENT,10800
MILL AND YONGE,10801
ARDORETUM AND THE POND,10802
DEEP DEE AND ELLESMERE,10803
DUNCAN CREEK TRAIL PED,10804
401 AND MARTIN GROVE,10805
N S AND SHERBOURNE,10806
CASHMAN AND LAMBTON,10807
OLD ORCHARD AND,10808
ANTHIA AND ISLINGTON,10809
DARTHELL AND DAVENPORT,10810
HUMBERWOOD BVLD AND MO,10811
WESTON AND WILSON STATION,10812
EGLINTON W AND GUES,10813
GERRARD AND ST MUNRO,10814
ATLANTIS AND KING STATION,10815
CUMMER AND MCCOWAN STATION,10816
KEELE STATION AND TRETHEWEY,10817
GILTSPER AND MAGELLAN,10818
KINGSTON AND NEILSON A,10819
MRTIN GROVE AND STEELES,10820
ALBION AND SANAGAN,10821
DI AND ROYAL YORK,10822
A AND BRITISH COLUMBIA,10823
DIXON AND ROYAL YOR,10824
CHOICE AND KINGSTON,10825
CANADA LOOP MAN,10826
NEVILLE AND QUEEN,10827
BLOOR AND HWY,10828
BURNAMTHORPE AND E,10829
HEAVYTREE,10830
KIPLING AND PRINCE GEO,10831
HEATHERSI AND PHARMACY,10832
EVANS AND WESTMALL,10833
MAPLE AND VAUGHAN,10834
57 AND MABELLE,10835
QUEENSWAY AND S KI,10836
LAKESHORE DIVISION,10837
FINCH STATION CORR AND MIDLAND,10838
EASTBOURNE AND WILSON,10839
STEELES AND VALLONCLIF,10840
DASHWO AND THISTLEDOWN,10841
BAYMILLS AND SHEPPARD,10842
FINCH STATION STATIOIN,10843
AIRPORT AND BEVERLY,10844
DYANMIC AND MCNICOLL,10845
QUEEN STATION AND WINERVA,10846
JARVIS AND QUEEN STATION QUA,10847
RENFORTH AND,10848
KENSIDE AND ROYWOOD,10849
ARLETA AND JOHN LINDSA,10850
FINCH AND TOBEMORY,10851
AVEUNE AND LAWRENCE,10852
LO AND UPPER CANADA,10853
DANFORTH AND WOLFE AV,10854
KIPLING STATION AND STEELES W,10855
MORNINGSIDE AND PASSMOR,10856
BAY AND HARBORD,10857
LIBERTY AND STRATCHAN,10858
BISON AND GREENWIN,10859
LAKESHORE AND SEVENTH,10860
BURNHAMTHORE AND MILL,10861
CLANTON PA AND FAYWOOD,10862
AND LOWTHER,10863
GARRYB AND HUNTINGWOOD,10864
ALBION AND BYNG,10865
KEE AND SHEPPARD W,10866
LONG BRANCH LOOP 3830,10867
GIBSON AV AND SPEERS A,10868
DUFFERIN STATION QUEEN STATION,10869
GILTSPUR AND PURCHA,10870
AND TUDOR,10871
CARRIER AND HWY,10872
GREEN VILLAGE GATE,10873
SLINGSHOT,10874
ALLIANCE AND DALRYMAPL,10875
LAKESHORE,10876
LAKESHO AND THIRTEENTH,10877
SETTTLERS AND SHEPPARD,10878
GUILDWOOD AND LIV,10879
SHEPPARD AND YONGE STATIO,10880
FENCESI AND YORK MILLS,10881
BATHURST STATION STAITION,10882
DANFORTH AND WARDEN STATION W,10883
BRENCTLIF AND EGLINTON,10884
DAVEAN AND DUNLACE,10885
FENELON AND GRAYDON,10886
BATHURST STATION AND VAUGHN,10887
KIPLING STATION AND SIGNAL HILL,10888
ATKINSON AND SPRING GA,10889
CORDELLA AND LOUVIN,10890
MURR AND STEELES W,10891
SHEPPARD-YONGE STATION BUS PLA,10892
LESLIE STATION AND LESMILL,10893
CELEST AND KINGSTON,10894
DANFORTH AND N WOO,10895
EGLINTON STATION 1106 AM,10896
BATHURST AND SOUTHBORN,10897
GWYNNE AND KING,10898
RED LEA LOOP,10899
AV AND MARKHAM,10900
DUNDAS STATION W AND SCARLETT,10901
BAY AND FRONT BUS IS,10902
EGLINTON W IN FRON,10903
SHOREH AND THE POND,10904
LYNN AND THE E MALL,10905
STEELES NAD FUTURITY,10906
MCCOWAN AND MELDAZY,10907
PARKLAWN AND QUEEN STATION WA,10908
MCCAWON AND SANDHURST,10909
SEWELLS AND TRAIL,10910
HOWARD MOSCOE WY,10911
PRIN AND PRINCE S,10912
FAITH AND FAYWOOD,10913
PIONEEER VILLAGE STATI,10914
COLLEGE AND SPADINA STATION,10915
DON MILLS STATION STATIION,10916
QUEEN AND RONCESVALLES,10917
BROWN S LIN AND EVAN S,10918
COLBEC AND JANE,10919
CHELMSFORD AND DRWERY,10920
MASS AND SHEPPARD E,10921
DON MILLS STATION 25,10922
DON MIL AND YOKR MILLS,10923
ROYAL YORK STATION QUEENSWAY,10924
CATCLE FRANK STATION,10925
RICHMOND AND SHERBOURNE,10926
OLD AND YORK MILLS,10927
DOVEDALE AND NUGGET,10928
CENNITAL COLLEGE STATION LOOP,10929
AIRPORT AND RIDON,10930
MCNICOLL MIDDLEFIELD,10931
HOPEDALE W AND PAPE,10932
DON MIILS STATION,10933
FINCH AND MILVAN D,10934
STEELES AND YONGE STE,10935
KIPLING STATION LOOP AND STEELES,10936
BRIMLEY AND PITFIELD,10937
CHARLOTTE AND LAWRENCE,10938
SUNNY SIDE LOOP,10939
HUPFIELD TRAIL,10940
VICTORIA PARK STATION DON M,10941
BIRC AND SHEPPARD E,10942
BURNHAMTH AND EASTMALL,10943
CARLINGVI AND LAWRENCE,10944
JUNE STATION,10945
KELVIN AND WALSH,10946
LAWRENCE AND ST EDMUND,10947
BALLIOL AND YONGE,10948
NEAR 720 MIDLAND,10949
MICHEAL POWER ST JOSEP,10950
DUNDAS STATION ST W AND GILMOU,10951
QUEEN STATION Q AND SHERBOURNE,10952
LITTLES AND OLD FINCH,10953
CAWT AND THE QUEENSWAY,10954
EGLINTON AND FALMOUNT,10955
DOCKSIDE AND QUEENSQUA,10956
CURZON AND QUEEN,10957
EGLINTON STATOIN,10958
DUBRAY AND WILSON STATION,10959
KENNEDY STATION STAWTION,10960
CAMBR AND MORNING STAT,10961
RIMR AND WILLIAM ALLEN,10962
BROADVIEW AND FERNWOOD,10963
ATLAS AND VAUGHAN,10964
LOMA AND QUEENSWAY,10965
BOTF AND BURNHAMTHORPE,10966
LANSDOWNE AND SEA,10967
MURRY AND WILSON,10968
CARLAW AND DICKENS,10969
BARTOR AND SHEPPARD,10970
ARLINGTON AND ST CLAIR,10971
KEELE STATION AND NEILSON,10972
OSSINGTON AND SHAW,10973
DAVENPORT AND LAUGHTO,10974
EGLINTON AND TARLTON,10975
DUNDAS STATION W AND POPLAR AV,10976
BARTON N AND BATHURST,10977
LEASIDE BRIDGE MILLWOOD,10978
AIRPORT AND DERRY R,10979
THE E MALL A,10980
EGLINTON W AND GAB,10981
BRIMLEY AND DALLYN CRE,10982
ANTIBES AND PLUM TREE,10983
OLD W AND ST C,10984
KING AND QUEENSWAY,10985
HARBORD AND MAJOR,10986
AVON LOOP AND ROGERS,10987
PIONEER VILLAGE STATION SATION,10988
SCOLLARD AND YONGE,10989
AND DONLA AND DANFORTH,10990
GLEN MANO AND KINGSTON,10991
FINCH AND WILRED,10992
BERTRAND A AND KENNEDY,10993
MEADOWVALE AND SHEP,10994
VALLEYWOOD,10995
MT DENNIS GARARGE,10996
HOLIDAY AND MALL,10997
SLOAN AND SWEENEY,10998
ALTON TOWERS N AND MCC,10999
STEELES NORTH AND WARDEN,11000
BAECREST AND THE W,11001
LAWRENCE AND UNDER,11002
FINCH STATION BUS BA,11003
GUNNS AND ST CLAIR,11004
SHERBOURNE STATION ADELAIDE,11005
HUMBER COLLEGE STATION S O,11006
LORD SEATON AND YORKMI,11007
BATHURST AND ROSEMARY,11008
HWY 407,11009
BELLAMY AND NORTHLEIGH,11010
LANDSDOWNE AND SEAFORT,11011
CLIN AND VICTORIA PARK,11012
FRASER AND LIBERTY,11013
DUNCAN AND QUEEN STATION,11014
WOODBINE STATION CASINO 555,11015
FINCH STATION E AND WILLOW,11016
BATHURST AND DONLAKE G,11017
CURLINGVIEW AND INTERN,11018
RAGLAN AND ST CLAIR,11019
401 N AND BRIMLEY,11020
LOWER LEVEL WILSON STATION,11021
DUNCANWOOD D AND FINCH,11022
ALTON AND MCCOWAN,11023
NEIL MCNEIL HIGH SCHOO,11024
CASS AND VICTORIA PARK,11025
LAIRD AND STICKNEY,11026
CHRISTIE STATION DIVERSION,11027
MCNICOLL AND PINEWAY,11028
ATOMIC AND QUEENSWAY,11029
EGLINTON AND WINON,11030
YORK UNIVERSITY STATION,11031
BATHURST AND KENTON,11032
BALES AND SHEPPARD,11033
HWY 427 RAMP AND PE,11034
HUMBERWOOD AND ST CLAIR,11035
FINCH AND FINCHDEAN,11036
CUMMER AND MAXHOME,11037
UNVERSITY OF TORONTO B,11038
BLOOR N AND KEELE,11039
DANFORTH ANDE VICTORIA,11040
HIGH AND SIGNET,11041
CUTIRY AND HOLLINGER,11042
POPLAR PL AND ST CLAIR,11043
FREEMAN AND WARDEN,11044
PETROLIA,11045
KING AND QUEEN STATION,11046
COMSTOCK AND FAULKLAND,11047
BENNETT AND BRIMLEY,11048
49THORNCLIFFE PARK,11049
BATHURST AND BRENT HAL,11050
GO TREMIN AND YORKDALE,11051
NEW TORONTO,11052
MAPLE BUSH AND WESTON,11053
MOUNT PLEASANT AND ST,11054
BEECHWOOD AND LAMBTON,11055
YORK ACRES PARKIN,11056
FIRGROVE NORTH AND JANE,11057
BATHURST AND VERWOOD,11058
EGLINTON AND PARK HILL,11059
LAKESHORE AND WINDERME,11060
ALLAN AND SHEPPARD,11061
TRANSWAY CRESCENT KE,11062
STEELES AND VAUGHAN,11063
GRAYDON HALL AND YORK,11064
YONGE CUMMER,11065
DOWNSVIEW AND KEELE,11066
STEELES WESTON,11067
PIONNER VILLAGE,11068
MOUNTCA AND WINTERMUTE,11069
CANARCTIC AND THE POND,11070
KING AND LOWER RIVER,11071
HUMBER COLELGE BUS,11072
GOODERHAM AND LAWRENCE,11073
KENNEDY AND LANDSEER R,11074
PASSMORE AND STEELES,11075
GLENDAR AND ROYAL YORK,11076
ROUGE HIL AND SHEPPARD,11077
BOB AND MILITARY TRAIL,11078
BLACK CREEK AND LAW,11079
FINCH AND WIMMINGTON A,11080
ALBION AND WILSON STATION,11081
LAWRENCE AND TOWER,11082
SHEPPARD BATHU,11083
ASNFORD AND FAYWOOD,11084
CORPORATE AND PROGR,11085
BURNHAMTHORPE AND MEAD,11086
ATTWELL BETWEEN,11087
QUEEN STATION S QUAY AND SMALL,11088
MAJOR AND PROSPECTOR S,11089
E AND SHEPPARD W,11090
OPPOSITE 366 AND THE E,11091
BIRCHMOUNT AND BRIAR H,11092
DON VALLEY AND QUEEN,11093
DUNKIRK AND MORTIMER,11094
BOUCHETTE AND LAKE SHO,11095
WILLAMSON AND WINEVA,11096
PROMENADE TERMINAL,11097
ATKINSON AND DUNDURN,11098
BRIDLEWOO AND SHEPPARD,11099
GRENOBLE AND LEEWARD G,11100
LAURENTIDE AND SILVERD,11101
DUFFERIN AND GORDEON,11102
OV AND THORNCLIFF PARK,11103
IONSTONE AND MARKHAM,11104
COMMONS D AND SHEPPARD,11105
CARDCLIFF AND EGLINTON,11106
STEELES AND YONGE EAST,11107
OVE AND WILLIAM MORGAN,11108
ABRAHA AND SHEPPARD W,11109
MIDLAND AND REDLEA,11110
COSBURN E AND PAPE,11111
KINGSTON V,11112
SETTLER AND STEELES E,11113
LAURENTID AND WOODBINE,11114
CARL AND DOWNVIEW PARK,11115
SUTH AND VICTORIA PARK,11116
BURNAMTH AND ISLINGTON,11117
ST CLAIR STATION ON,11118
SPRINGHURT LOOP,11119
STEELES LOOP W MAR,11120
STEELES AND YONGE LO,11121
KINGSTON S,11122
BRENDEN AND MOORE,11123
LESLIE STATION AND MARKHAM,11124
EARLSCOURT AND ST CLA,11125
DUFFERIN AND MILLIKEN,11126
LAWRENCE AND MARCOS,11127
EMIT AND VERONA,11128
EGLINTON AND RANEE,11129
DIXON AND GOLFWOOD HEI,11130
JOHNSTON AND YONGE,11131
DUNDAS AND MICHAEL POW,11132
NEAR LAWRENCE STATION W STATION,11133
FAWCE AND SEWELLS,11134
LOWER JARVIS AND QUEEN,11135
BATHURST STATION AND CARPENTER,11136
MCCOWAN AND NEILSON NORTH,11137
BATHURST AND HOTSPUR R,11138
SHALE GATE AND STEELES,11139
ASH BRIDGE BAY STATION LOOP,11140
RONCESVALLES CAR HOUSE,11141
CHRI AND ST CLAIR,11142
KENNEDY STATION GO STATION,11143
MCNICOLL YARD,11144
NEI AND SHEPPARD,11145
BELLFIELD AND MARTINGR,11146
ST CLAIR STATION E AND WARDEN,11147
BELLAMY AND GRANGEWAY,11148
JANE AND ST JOHN,11149
COLBOURNE,11150
COXWELL AND ROBBINS AV,11151
ST CLAIR STATION W AND WEL,11152
BREN AND VICTORIA PARK,11153
ATTWELL AND BELLFIELD,11154
BAYWOOD AND ROYALCREST,11155
MARKHAM AND NEILSON,11156
GRAYDON HALL YORK MILLS STATION,11157
KINGSTON BETWEEN MCCOWAN STATION,11158
KEELE STATION AND YORE,11159
QUEEN AND STRATCHAN,11160
KINCORT AND SHEFFILED,11161
MEADOWAVALE AND SHEPPARD,11162
KINCO AND NORTHWESTERN,11163
BE AND CONNOR,11164
LOWER J AND PARLIAMENT,11165
CHURCH AND WILLOWDALE,11166
ELMBURST AND HINTON,11167
EDGAR WOOD AND STEELES,11168
HILLCRE AND WILLOWDALE,11169
FIFTEENT AND LAKESHORE,11170
ANNETTE AND CLENDENAN,11171
SHELDRAKE AND YONGE,11172
MORNING STAR LOOP,11173
COSBURN AND E YORK,11174
CONSUMERS AND WILLIAM,11175
PETHERHIL AND WILSON,11176
SPADINA AND ST CLAIR STATION A,11177
CHARLES HI AND OVERLEA,11178
DUFFERIN AND MUIR,11179
GLEN AND SCHOFIELD,11180
HIGHLAND AND SCHOFIELD,11181
MOUNT PLEASANT AND RAN,11182
VAUGHN CHERRYWOOD,11183
FINCH STATION NORT AND WARDEN,11184
HUMBER AND LUVIN,11185
OLD WEST AND ST CALIR,11186
BANT AND SHEPPARD W,11187
REDLEA A AND STEELES,11188
CONNAUGHT AND STEELES,11189
ESPLANADE AND LOWER SH,11190
EMPIRE AND QUEEN,11191
KIPLING STATION STTION,11192
MOUNT PLEASENT AND ST,11193
CORDOVA AND MAYBELLE,11194
JET LINER AND LAWRENCE STATION,11195
EARSDALE AND OAKWOOD,11196
FLERIMAC AND LAWRENCE,11197
SHEPPARD WSEST STATION,11198
LAKESHORE AND THIRTY N,11199
MARKHAM 14TH,11200
DEANVAR AND VICTORIA,11201
DON MILLS AND DONWAY W,11202
EGLINTON AND THERMOS,11203
E M AND QUEEN,11204
FINCH AND NORWOOD,11205
COXWELL STATION AND DUNDAS,11206
DUDLEY AND SHEPPARD,11207
WILSON STATION UPPER B,11208
AVOCA WEST AND PLEASANT,11209
SMOOTH RO AND YORKLAND,11210
HILLCREST COMPLEX GU,11211
SIR WILLIAM HEARST,11212
HUMBER COLLEGE AND,11213
HOLYWELL AND KIPLING,11214
BATHURST AND FAIRHOLME,11215
HUMBER COLLEGE STATION BLVE AN,11216
DUPONT STATION AND JANE,11217
DALNER AND WILSON,11218
EASTDALE AND SECOR,11219
LAWRENCE AND WEXFORD,11220
AND YORKVILLE,11221
BELMONT STRE AND YONGE,11222
BROADVIEW AND HOGARTH,11223
BERRYMORE AND DANFORTH,11224
EVA AND THE W MALL,11225
BLAKE AND GRANTBROOK,11226
DUFFERIN AND DUNDAS STATION WEST STATION,11227
BROWN S LINE AND FINSB,11228
BATHURST AND FRONTENAC,11229
MARDOWVALE LOOP,11230
DANFORTH AND LOGAN,11231
LAWRENCE AND MARTIN GR,11232
GARRATT AND KATHERINE,11233
DRIFTWOOD AND LONDON G,11234
QUEENSWAY GARAGAE,11235
QUEENSWAY AND RONCESVA,11236
JANE AND WEATHERALL,11237
ANDERSON AND ORIOLE,11238
BURNAMTH AND MALL,11239
MAJOR MACK AND MCCOWAN,11240
CONCORD AND HALLAM,11241
CHAPLIN CRES AND EGLIN,11242
DUNN AND KING,11243
DURNFORD AND RYLANDER,11244
DEAUVILLE AND DENNIS,11245
KEELE STATION AND TANGIERS,11246
KIPLING AND W WAY,11247
JAMESON AND QUEEN,11248
BEECROFT AND ELMHURST,11249
KODIAK CRESCENT AND SH,11250
BLOOR AND WESTMALL,11251
ARLETA AND MEDAL LANE,11252
BATHURST AND CENTRE,11253
CAWELL AND ROYAL YORK,11254
GLENLAKE AND KELLE,11255
STEELES AND TANGREEN C,11256
FAIRWAY HE AND STEELES,11257
BYNG AND TANBRIDGE,11258
EGLINTON AND WALDER,11259
KINCORT AND SHEFFIELD,11260
IRVINE AND LAWSON,11261
GOLDWYNN AND JANE,11262
NORTHFI AND ORTON PARK,11263
PLAINS AND WOODBINE,11264
ARDAH AND JANE,11265
BLOOR AND COSMO,11266
NOVA SCOTI AND PRINCES,11267
EXIT 40 AND TERMINAL 3,11268
BEECHGROVE AND BETHLEY,11269
HIGHLAND AND ROXBOROUG,11270
COSBOURN AND PAPE STATION,11271
CUMMER AND WILLOW,11272
CLIFF AND HUMBER,11273
BRIMLEY AND MCCOOL,11274
KIPLING STATION STARTION,11275
DANFORTH AND LINSMORE,11276
SLOANE AND WIGMORE,11277
BATHURST AND SHALLMAR,11278
CALYSON AND WILSON STATION,11279
STEELES LOOP MARTINGR,11280
BIRCHMOUNT AND HWY,11281
EATON AND KENNEDY,11282
LAWRENCE AND MILDEN HA,11283
SIGNAL HILL AND ST,11284
MACKLEN AND SUMMERHILL,11285
ROE AND,11286
WESTON BLACK CREEK,11287
BIRCHMOUNT GARAGE TR,11288
FINCH AND HUNTINGDALE,11289
MAPLE AD GLEN,11290
DUNDAS AND SHUTER,11291
HOSPITAL AND WELLNES W,11292
CRESEN AND MT PLEASANT,11293
KINGSTON AND ST CL,11294
ST CLAIR AND VAUGHAN R,11295
HUMBER COLLAGE,11296
CALEDONIA AND DUFFERIN,11297
CHILCHOT AND ISLINGTON,11298
ORDNANCE AND STRACHAN,11299
ROCKVALE AND ROGERS,11300
LIPTON AND PAPE STATION,11301
CHRISTIE AND TYRREL,11302
ELLESMERE AND VIC PARK,11303
MONDOVI G AND ST CLAIR,11304
GARDINER AND SPADINA STATION,11305
BISHOP SOUT AND YONGE,11306
BEECHGROVE AND JANELLA,11307
BEXLEY AND JANE,11308
FIRGROVE AND JAND,11309
NUGGET AND SHORTIN,11310
ALLIANCE AND DALRY,11311
QUEENSWAY AND RONCESSA,11312
BRIAR HILL A AND YONGE,11313
YONGE S AND YORK MILLS,11314
BOWLE AND DUFFERIN,11315
FINCH AND VICTORIA,11316
SHERBOURNE STATION BETWEEN WEL,11317
MARTIN GROOVE AND TOLL,11318
KENWOOD AND ST CLAIR,11319
ELMHURST AND HALLOW CR,11320
ISLINGTON AND MILADY,11321
LESLIE AND MOSLEY,11322
KIRKWOOD N AND LESLIE,11323
MARTIN GROVE REXDALE B,11324
TRETHEWEY AMD JANE STATION,11325
MCCAUL LOOP,11326
KING STATION AND QUEENSWAY,11327
DOUGLAS AND GELN,11328
MCCOWAN STATION LOOP STEELES,11329
LAYNARD AND WESTON,11330
DAVEAN AND SHOULDICE,11331
CALVINGTON AND FORTH B,11332
EGLINTON AND JARVIS,11333
ANNABELLE AND KIPLING,11334
DON MI AND FREASHMEDOW,11335
BIRCHMOUNT AND COURSE,11336
HWY 407 TERMINAL,11337
TERMINAL 3 GROUND LEVE,11338
FRESHMEDOW AND YELLOW,11339
LAKESHORE AND ROY,11340
COMMISSIONERS AND NEW,11341
EASTSI AND QUEEN,11342
JANE AND MONTYE,11343
PHARMACY AND ST BEDES,11344
WILSON STATION STATON,11345
BANNOCK B AND BATHURST,11346
PRINCES GATES CANADA,11347
FINCH STATION W AND NORFINCH,11348
JANE AND SAN ROMANO WA,11349
DUPONT STATION EA AND STEELES,11350
SHEPPARD BETWEEN VIC,11351
SILVER BELL LANE,11352
PAN AM LOOP,11353
PORTLAND AND WESLEY,11354
GRAND RAVINE AND JANE,11355
LELAND AND ROYAL YORK,11356
KENNEDY STATION AND MCNOCILL,11357
DURNFORD AND TAILPIPE,11358
SHEPPARD W AND WESTON,11359
DUNDAS AND SHERIDAN,11360
ALLEN AND RANEE,11361
BISHOP ALLEN SCHOOL,11362
LONG AND MARTIN GROVE,11363
ARMISTICE AND BA,11364
BOWATER AND WARDEN,11365
ELM AND S,11366
ELLE AND MIITARY TRAIL,11367
BATHURST AND ROXTON,11368
KEELE STATION DUNDAS STATION,11369
DANFORTH AND WOODROW,11370
HOWARD AND STEELES,11371
AND MASTWOOD,11372
LIBERTY AND LYN WILLIA,11373
WOODBINE STATION CASINO ENTRA,11374
COL SAMUEL LOOP,11375
DAVENPORT AND SALEM,11376
GOOCH AND VAN STASSEN,11377
MARKHAM GATE AND SHEPP,11378
DANFORTH AND PATRICIA,11379
DON WAY W AND LAWRENCE,11380
WESLLEY STATION,11381
BAYVIEW AND BRENHAM,11382
DUNDAS AND HEINTZMAN,11383
DOWNSVIEW AND RIDGE,11384
METROPOLITO AND WARDEN,11385
JANE AND MAPLELEAF,11386
MORNING IEW AND OLD FI,11387
DANFORTH AND WOODYCRES,11388
HILDA AND YONGE,11389
GREEENWIN VILLAGE,11390
OLD WESTON AND WESTON,11391
GERRARD AND PHARMACY,11392
JOHN TABOR AND MCLEVIN,11393
KENNEDY STATION EXITING,11394
CEDARBRAE AND EGLINTON,11395
CORONATION AND MANSE,11396
DIXON AND ST PHILIP,11397
CHRCHILL AND OSSINGTON,11398
KENNEDY AND WILLIAM KI,11399
DUNDAS AND SUBWAY,11400
KENNEDY STATIONQ,11401
MCLASHAN AND YONGE,11402
MENDEL S AND WOODBINE,11403
KINGSTON AND WOBBINE,11404
BASIN AND BOUCHETTE,11405
ROU AND VERCLAIRE GATE,11406
ST ALBANS ACROSS FOR,11407
CLAIRLEA AND PHARMACY,11408
PHARMACY AND ROSSCOWAN,11409
GERRARD AND MUNROE,11410
CRANFIELD AND CURITY,11411
CENTENNIAL COLLLEGE,11412
CHURCH 4 AND JANE,11413
A AND HUMBERLINE,11414
CHETTA PLACE AND DIXON,11415
ALEX MUIR BTWN,11416
GREAT O AND ISLINGTON,11417
KEELE STATION EA AND SHEPPARD,11418
NORFINCH,11419
EGLINTON AND ENNERDAL,11420
CELESTINE AND WESTWAY,11421
BUDE AND OAKWOOD,11422
ARROW GARAGE HOLDING,11423
SHENDALE AND WESTON,11424
MEADOWVALLE AND SHEPPARD,11425
BAYVIEW AND WELLNESS,11426
KEELE AND ST CLAIR STATION SOUTH,11427
HUMBERWOOD LOOP N,11428
HENERIET AND RUNNYMEDE,11429
BIRCHMOUNT AND HWY 7,11430
ED MIRVISH PARKETTE,11431
HWY STATION,11432
FINCH AND WELLS,11433
JANE AND PATIKA,11434
DRIFTWOOD AND HOOVER,11435
NOTHUMBERLAND PLAYGROU,11436
EGLINTON AND LIARD,11437
MALL AND W MAL,11438
DUNDAS STATION AND KINGSTON,11439
BRUSHBY AND MCCOWAN STATION,11440
BELLAMY N AND GRACE,11441
EASTO AND SHEPPARD,11442
FORDWICH AND ISLINGTON STATION,11443
MORNINGSIDE AND NE,11444
LANSD AND ST CLAIR,11445
ORMONT D AND SIGNET,11446
BRAWLEY AND QUEENSWAY,11447
MORNING STAR AND REIND,11448
CRAWFORD AND KING,11449
LANCAS AND MORNINGSTAR,11450
BATHGATE AND LAWRENCE,11451
CRE AND VICTORIA PARKA,11452
DANFORTH AND HILLINGDO,11453
LESLIE AND THORNY VINE,11454
DUFFERIN STATION DN GORDON,11455
OLD WESTON AND WEST,11456
EGLINTON ADN DUFFERIN STATION,11457
LAWRENCE AND OLYMPIA D,11458
QUEEN STATION PARK AND TREASU,11459
MILNER AND NOVOPHARM,11460
LANDEN AND MERRI,11461
DALRYMPLE AND JANE,11462
FINCH AND MUIRKIRK,11463
STEELES SOUTH AND YONGE,11464
BIRC AND DANFORTH,11465
400 AND SHEPPARD,11466
MORINGVIEW TRAIL AND O,11467
MORINNG VIEW TRAIL AN,11468
OVERLEA AND THOORNCLIF,11469
ATKINSIN AND CAMPBELL,11470
CHEVRON AND KENMARK,11471
MCCOWAN STATION MILNER,11472
EASTERN AND PAPE,11473
EVON CRESCE AND WESTON,11474
GARDINER AND PARK LAWN,11475
ROYAL YOR AND THICKSON,11476
F AND PRINCE EDWARD,11477
MAJOR MACKENIZIE AN,11478
HOMER AND ROCKCLIFF,11479
NEWGALE GATE AND PULLM,11480
CEDARVALE STATION AND DANFORTH,11481
AILEEN AND KEELE,11482
DUPONT AND,11483
CHURCH,11484
BRIAN MERTON AND THORB,11485
GREEN MEADO AND LESLIE,11486
DUFFERIN STATION ADN DUNDAS STATION,11487
LAWRENCE AND THE DOWNW,11488
QUEEN STATION QUAY W,11489
EGLI AND MARTING GROVE,11490
HWY 27AND DIXON,11491
QSWY AND WINDMERE,11492
KING STATION AND LOWER RIVER,11493
MARLEE AND STAYNER,11494
GALSWORTH AND PHARMACY,11495
GRACE AND JOHN GARLAND,11496
CAULFORD AND LAWRENCE,11497
FINCH STATION E AND TAPSCOTT,11498
BAYVIEW STATION EXTENSION,11499
AVON CRESCE AND WESTON,11500
MORNING AND WINDERMERE,11501
KING STATION ST W AND QUEEN STATION,11502
ESPLANADE AND GEORGE,11503
ISLINGTON AND SAYBROOK,11504
YORKDALE STATION GO TRANSIT TE,11505
ATKINSON AND CAMPBELL,11506
MATHESON AND RENFORTH,11507
ESTER SHINE AND LESLIE,11508
BOULTON AND QUEEN,11509
KEELE STATION AND TORO,11510
BLOOR AND WINTEMERE,11511
CAPITOL AND GLENCAIRN,11512
FINCH STATION AND VICTORIA,11513
PARM AND VICTORIA PARK,11514
FINCH AND LITTLES,11515
GLENLAKE AND HIGH PARK STATION,11516
GA AND SHERWAY GARDENS,11517
COLLEGE STATION VIE AND ORIOLE,11518
MACDONALD AND PINE,11519
LAWRENCE AND OPPOSITE,11520
MARTIN GROOVE AND W,11521
DENISON,11522
HWY 400 AND WILSON,11523
MT PLEASANT AND STIBBA,11524
JAND AND WILLIAM CRAGG,11525
KINGSTON AND WHITEC,11526
KIPLING STATION AND RATBURN,11527
KINGSTON AND SAUNDE,11528
HUMBER COLLEGE STATION LOOP N,11529
IRVING AND TRETHEWEY,11530
LAKE SHORE AND PARKSIDE,11531
AND KELWAY B,11532
LAURENTI AND YORK MILLS,11533
SERVICE RDOAD AN,11534
CHURCH HIL AND VICTORY,11535
LITTLE AND OLD FINCH STATION,11536
SERVICE K,11537
ROYAL YORK AND STRUTHE,11538
KENNEDY AND MIDLAND STATION,11539
GILTSPUR AND NORTHOVER,11540
PORTICO,11541
BATHURST AND MILNER,11542
ANTHONY R AND DUFFERIN,11543
BIRCH AND HIGHVIEW,11544
27 AND FINCH,11545
LOW AND THE ESPLANADE,11546
SHEPPARD W AND YONGE,11547
ELLESMERE AND MORISH,11548
BEECROFT AND FINCH STATION W,11549
SEWELLS ABND MCLEVIN,11550
MACGREGO AND RUNNYMEDE,11551
ST AND WILLOWDALE LOOP,11552
RIVA AND SHEPPARD W,11553
BELLAMY AND PANDORA,11554
ALA AND FINCH STATION E,11555
ED CLAR AND OLD WESTON,11556
K AND LAWRENCE STATION E,11557
ELLINS AND JANE,11558
GO T AND YORKDALE,11559
E GATE AND LAWRENCE,11560
EGLINTON E AND MARKHAM,11561
BRIMLEY AND BRITWELL,11562
BATHURST STATION OUTS,11563
CUL DE SAC AND REDLEA,11564
MOORE AND WELLAND,11565
ES AND WESTHUMBER,11566
SHERWAY GARDENS S,11567
BRAMBLEBR AND MCNICOLL,11568
AYLESWORT AND HIGHVIEW,11569
FIRGROVE AND JANE STATION,11570
ARDROSSAN AND LAWRENCE,11571
EARLSCOURT AND ST CLAIR STATION,11572
MIDLAND AND SHIELDS,11573
CLINTON AND PAGE,11574
LIPTON AND PAPE STATION PAPE STATION,11575
STEELES LOOPS MARTIN,11576
DUFFERIN AND JEFFERY L,11577
LAWRENCE STATION W AND PINE,11578
ST CLAIR STATION AND VAUGHN,11579
GO TERMIN AND YORKDALE,11580
13TH AND LAKESHORE,11581
DON M AND EGLINTON E,11582
EXHIBTION LOOP,11583
MIMCO AND ROYAL YORK STATION,11584
HIGHVIEW AND KINGSTON,11585
BERNERSYD AND EGLINTON,11586
CRESENT AND MOUNT PLEA,11587
BAY STATION AND DAVENPORT,11588
FINCH AND SILVER STONE,11589
GALLOWAY AND LAWRENCE STATION,11590
AIRPORT AMERICAN,11591
YORK MILLS STATION YONGE,11592
NE AND PROMENADE,11593
DUNCAN MILLS VALL,11594
STAVERTON CT,11595
MCNICOLL GARAGE TRACK,11596
BETT AND MARTIN GROOVE,11597
ST BASIL THE GREAT CO,11598
HOWARD MOSCOW WAY,11599
KIPLING STATION AND LAWRENCE,11600
MARTIN GROOVE AND THE,11601
CARTWRIGH AND DUFFERIN,11602
ANNEKE AND HIGHVIEW,11603
JAMES FINDL AND WILSON,11604
BOUCH AND COMMISSIONER,11605
QUEEN STATION AND RONCESVALLES,11606
BURNFIEL AND OSSINGTON,11607
GOODLAND AND MIDLAND,11608
CHR AND ST CLAIR STATION W,11609
EGLINTON W AND EVER,11610
ELM GROVE AND KING,11611
HUMBER AND SILVER BELL LN,11612
CHA AND GUILDWOOD,11613
COLONEL SAMUDL SMITH P,11614
EDGEWOOD CRES AND GLEN,11615
DANFORTH AND WETH,11616
GLADSTONE AND PEEL,11617
DON MILLS AND MILL,11618
CARLAW AND COMMISIONER,11619
ANTLIER AND SYMINGTON,11620
KILBARRY AND SPADINA,11621
MARKHAM AND ORCHARD PL,11622
JEFFERSON AND LIBERTY,11623
LAWRENCE AND RONAN,11624
FINCH AND KENDLETON,11625
CABER AND MARTIN GROVE,11626
LIBERTY AND LYNN WI,11627
BATHURST AND WEMBLEY,11628
NEW WESTMINSTER AND PR,11629
FO AND STEELES W,11630
MARKHAM AND STEELES E,11631
STEELES LOOP BAYVIEW STATION,11632
DON MILLS AND FINCH STATION AV,11633
KIPLING AND REXDALE GA,11634
BRANDON A AND DUFFERIN,11635
KENNEDY AND STEELES EA,11636
C AND HUMBERLAND,11637
DUFFERIN STATION AND KING STATION W,11638
CHAPLIN CR AND WARDEN STATION,11639
COXWELL AND QUEENSDALE,11640
DUNDAS AND EARLINGTON,11641
ROUG AND SHEPPARD E,11642
MARTIN AND ROYALCREST,11643
ARMSTICE AND WELLNESS,11644
DIXON AND LAWRENCE STATION,11645
HWY 27 AND QUEEN STATION PLATE,11646
CIVI AND THE W MALL,11647
BAY AND KING STATION W,11648
YORKDALE STATION STATON,11649
BLOOR ST E OUTSIDE CA,11650
N AND STEELES W,11651
STEELES W AND WESTON,11652
CASTLE FANK STATION,11653
DIXON AND ST PHILLIP,11654
DUNDAS STATION W AND JANE STATION,11655
EGLINTON AND EMMETT AV,11656
HONEYVI AND HUMBERWOOD,11657
BAY AND HARBOUR S,11658
BLANT AND GERRARD STATION E,11659
BRI AND ST CLAIR STATION E,11660
ARLETA AND MEDAL,11661
BAY STATION AND FRONT W,11662
BROW AND SHEPPARD E,11663
FORTOSE AND ROYWOOD,11664
401 EX AND MORNINGSIDE,11665
ROCKBANK AND STARVIEW,11666
GEARY AND OSSINGTON,11667
EGLINTON AND SNIDER,11668
EGLINTON AND JIMMY WIS,11669
ANGUS GLEN COMMUNITY,11670
CORNADO AND WESTON,11671
BATHURST STATION ANDF WILSON STATION,11672
CARLING AND DIXON,11673
CANADA AND MANNIT,11674
CEDA AND EGLINTON E,11675
DANF AND EGLINTON E,11676
DUNDAS STATION E AND RIVER,11677
BIRC AND ST CLAIR STATION E,11678
ST OLAVE AND WINDEMERE,11679
ANEWEN AND SLOAN,11680
RENFORTH STATION AND TEAK,11681
TUNDRA AND VARNA,11682
WINDEMER AND WINDEMERE,11683
LAKE SHORE AND SEVENTH,11684
HILLSIDE AND LAKESHORE,11685
MARTIN AND RICHGROVE,11686
BLOOR AND GREENLANE,11687
AND HEADINGTON,11688
CENTRAL PA AND CODROVA,11689
CRISCOE AND HENRIETTA,11690
THIST AND THISTLE DOWN,11691
KIPLING STATION L AND STEELES,11692
CARNEY AND FINCH STATION W,11693
BELL AND EGLINTON E,11694
BIRC AND LAWRENCE STATION E,11695
QUEEN STATION W AND SHAW,11696
DUNDAS STATION W AND ROYAL,11697
LANSDOW AND QUEEN STATION W,11698
WHOLE ROUTE,11699
AIRPORT EGLINTON,11700
ISLINGTON AND NORSMAN,11701
SPROINGHURST LOOP,11702
ROLA AND VICTORIA PARK,11703
HUCKNAIL AND SENTINEL,11704
AND ROSE LAWN,11705
EGLINTON W OSSIN,11706
BANBURY AND ELLESMERE,11707
LESLIE AND ORIOLE,11708
DEANVAR AND LAWRENCE,11709
LENNOX AND MANNING,11710
CHURCHHILL A AND YONGE,11711
ARROW BETWEEN DEERHID,11712
FRANCO BASILE GROVE AN,11713
HOLYOA AND HUMBERLINE,11714
BINSC AND HIGHLAND,11715
BINSCARTH AND HIGHLAND,11716
CLOVERDAL AND DUNDAS STATION W,11717
ST CLAIR AND TAMBLYN,11718
BRIXTON AND DUFFERIN,11719
LIBERTY AND LYNN WILLI,11720
SUNNYBROOK HOSPITAL LO,11721
CULVER LN AND STAINES,11722
WILLOWDALE LOOP,11723
FIINCHDENE SQUARE,11724
BLOOR AND ST THOMAS,11725
DEER PARK AND ST CLAIR,11726
FAWCETT AND MCLEVIN,11727
ARCOT AND TANDRIDGE,11728
AVENAL AND BATHURST,11729
ELLESMERE AND TRITON,11730
CULF AND LAWRENCE STATION W,11731
KIN AND SHEPPARD E,11732
KENNEDY STATION AND STEELES E,11733
STEELES W AND YONGE,11734
DORI AND SHEPPARD E,11735
GARNETT JANE AND NINT,11736
EGLINTON AND WINNETT D,11737
BROO AND LAWRENCE STATION W,11738
SHEPPARD EA AND WARDEN,11739
FINCH STATION W AND TANGIER,11740
DOUGLAS AND LAKESHORE,11741
LAKE SHO AND PARLIAMENT,11742
ELLESMERE STATION AND SHEPPARD,11743
KING AND RONCESVALLES,11744
SIGNET LOO AND STEELES,11745
MALVERN AND MCLEVIN,11746
DORVAL,11747
DOWNSVIEW PARK STATION TRAIL A,11748
JANE STATION DUNDAS STATION TR,11749
DUNDAS AND JANE AND JANE STATION,11750
KIPLING STATION AUKL,11751
EGLINTON E AND SOUT,11752
MURRA AND STEELES W,11753
CALEDONIA PARK,11754
ST OLA AND WINDERMERE,11755
MALL CR AND THE W,11756
WARDEN STATION 902 P,11757
ISLINGTON AND YORKVIEW,11758
KINGSTON AND MIDLAND,11759
HUMBERWOOD LOOP HUMBER,11760
OSSINGTON AND TENDRITH,11761
E LIBERTY AND STRACHAN,11762
QUUENS PARK CIRCLE,11763
BAYVIEW AND MACRAE,11764
FELBRIGG AND YONGE,11765
MCCOWAN AND SHEPPARD E,11766
DONW AND LAWRENCE STATION E,11767
HUMBER C AND YORK MILLS,11768
LANCA AND MORNING STAR,11769
SHAW AND WHITE SQUIRRE,11770
ARDWYCK AND FINCH,11771
BERKELEY AND THE ESPLA,11772
BATHURST AND STORMART,11773
SIGNALHILL AND STE,11774
MIDLAND AND S SHEI,11775
JANE AND SHORHAM,11776
SILVE AND STEELES E,11777
SIGNET AND STEELES WEST,11778
DUNCAN MILLS AND GRADO,11779
FREASHMEADOW D,11780
ORBITOR AND SATELLLITE,11781
CARL AND CENTENNIAL,11782
HUMBER LOOP AND QUEEN STATION,11783
EGLINTON W AND MARL,11784
MCRAE AND RANDOLPH,11785
EGLINTON W AND VEST,11786
AVON AND HUMBER,11787
ELDORADO AND GRANDRAVINE,11788
DUNDAS AND OSSINGTON STATION,11789
CONNER AND SUNRISE,11790
MORNING STAR,11791
LINCOLN WOODS,11792
BILLINGHAM AND DUNDAS STATION,11793
WILSON STATION STAION,11794
AND HADDINGTON,11795
LORD SEA AND THE LINKS,11796
DUFFERIN AND RAY,11797
LINKWOO AND ST DENNIS,11798
SCUNTHORE AND SHEPPARD,11799
MCNICOLL AND MORTBANK,11800
GLENAYR EMERGENCY EXIT,11801
MALL WITH GIBBS,11802
FINCH AND TUDY,11803
OVERLEA AND THIRNCLIFF,11804
UNIVIERSITY OF TORONTO,11805
ST AND STEELES LOOP YONGE,11806
VICTORY CRESSCENT,11807
BLUFFERS PARK AND BRIM,11808
FLEMINGTON AND RENEE,11809
DUFFERIN AND STEELES W,11810
QUEENSWAY DIVISON,11811
COMMISONARIES AND SAUL,11812
JOHN PERKINS BULL A,11813
MARK AND SHEPPARD E,11814
JOHN DRURY AND SHEP,11815
ARROW AND FINCH STATION W,11816
BETWEEN SPRINGHURST AN,11817
HORFIELD AND MCCOWAN,11818
NORTHHUMBERLAND AND OS,11819
EGLINTON W AND HENN,11820
DAVISVILLE AND FOREMAN,11821
SHAW AND STOKES,11822
ADRIAN AND SYMINGTON,11823
PORT UNION AND TILEY,11824
SLOAN AND TINDER,11825
DANFORTH AND HUMBER,11826
BARR AND SECORD,11827
BAMFORD AND HUMBERLINE,11828
BURNAMTHORPE AND THE W,11829
EGLINTON E AND KENN,11830
MCCOWAN AND STEELES EA,11831
DENNIS AND MILLWOOD,11832
WILSON STATION TRANSIT JA,11833
FINCH STATION W AND TALBOT,11834
KIRK AND PRINCE EDWARD,11835
EGLINTON E AND MOUN,11836
BLOOR AND RENFORTH STATION,11837
BLOOR W AND MARKLAN,11838
C AND NEW WESTMINISTER,11839
BAYVIEW AND FINCH STATION E,11840
LAWRENCE STATION E AND MIDLAND,11841
DALE AND MAPLE,11842
OF ROSELA,11843
AND CARMICHAEL,11844
FINCH STATION W AND ROMFIEL,11845
LAWRENCE STATION SCARLETT,11846
KING AND WILSON STATION PARK,11847
LAWRENCE STATION WEST STATION AND WESTON,11848
HORNDER AND JUDSON,11849
LAKE SHORE W AND LE,11850
PROMENADE BUS TERMINAL,11851
LANSDOWN AND ST CLAIR,11852
LIVERPOO AND RUNNYMEDE,11853
SAN AND ST CLAIR STATION E,11854
MIDLAND AND SILVERSTAR,11855
BRIAN AND SHEPPARD E,11856
BEAVERBROO AND KIPLING,11857
KINGSTON AND OLD KING STATION,11858
427 S RAMP,11859
CACTUS AND GREE,11860
IAN MACDONDALD AND VAN,11861
CALEDONIA AND INNES AV,11862
WELLINGTON AND YO,11863
BAINBRIDGE AND YEOMANS,11864
DUNDAS STATION W AND EDNA,11865
CROCUS AND ELLESMERE,11866
COLLINS AND WILSON,11867
WOODBINE AND WOODBINE STATION,11868
LYNEDOCK AND ROYWOOD,11869
KING AND THE QUEENSWAY,11870
BLAK AND BURNHAMTHORPE,11871
VAUGHAN BETWEEN ST CLA,11872
ELEANOR AND OAKWOOD,11873
DON WAY AND LAWRENCE,11874
DENNIS AND DON MILLS,11875
KING AND TYNDALL,11876
KINGSTON AND SCRABOROU,11877
CLAIRVI AND HUMERBLINE,11878
DUFFERIN STATION LIBERTY,11879
JANE AND NICKLE,11880
CASTLE FRANKS STATION,11881
HOUNSLOW AND SENLAC,11882
WILSON STATION BUS STATION LOW,11883
CHAPLI AND ORIOLE,11884
ARCHER AND SPADINA,11885
LINKS AND LORD SEATON,11886
MORNINGSIDE AND SHAPPA,11887
S AND SHERWAY GARDERNS,11888
CONNOR AND WARLAND,11889
BLOOR E AND JARVIS,11890
SENT AND SHEPPARD W,11891
DRIFTWOOD AND FINCH STATION W,11892
HWY 2 AND STEELES,11893
PHAR AND SHEPPARD E,11894
FINCH STATION W AND NORFINC,11895
FINCH STATION W AND KIPLING STATION,11896
FINCH STATION E AND MIDLAND STATION,11897
DANFO AND EGLINTON E,11898
CAPST AND STEELES W,11899
KENNEDY AND OXBRIDGE,11900
PARK AND SHEPPARD E,11901
ISLINGTON AND RATHRBUR,11902
SHADL AND STEELES E,11903
KIPLING STATION STATIN,11904
JUBLIEE AND WESTON,11905
MCCOWAN AND SCARBOROUGH,11906
OLD YONG AND YORK MILLS,11907
QUEEN STATION PARK,11908
BLOOR AND GARDENVALE,11909
STEELES S O AND YONGE,11910
KIPLING AND STEELES WEST,11911
SHEPPARD E AND YONG,11912
MILLI AND STEELES E,11913
ELLESMERE AND MIRROW C,11914
MARKHAM AND STEELES EA,11915
SERGIO M AND TORBARRIE,11916
BAMBLETT AND WARDEN,11917
BLAMBLETT AND WARDEN,11918
HENDE AND STEELES E,11919
KINGSTON AND QUEEN STATION E,11920
BRIMLEY AND TRITOIN,11921
FALLINGB AND KINGSTON,11922
MILITARY TRAIL AND U O,11923
EGLINTON W AND OAKWOOD,11924
EGLINTON W AND KIPLING,11925
DUDLEY AND FINCH STATION E,11926
CENTRE AND MARKHAM,11927
MILITARY TRAIL LOOP,11928
STEELES AND WARDEN STATION LOO,11929
GERRARD STATION E AND OSBOR,11930
BRECKON AND MURISON,11931
MIDDLEFIE AND PASSMORE,11932
AND TURFF AND STEELES,11933
QUEEN STATION S PARK CRESCENT,11934
HWY 401 AND WILSON,11935
HIGHWA AND HWY 409,11936
STEELES AND W GATE,11937
ACORN AND BLOOR,11938
HUMBERWOOD AND KI,11939
DUFFERIN STATION ADN ORFUS,11940
427 AND DIXON,11941
LAWRENCE STATION EAST AND MANSE,11942
8TH AND LAKESHORE W,11943
DAW AND VICTORIA PARKS,11944
FINCH STATION E AND TRUDY,11945
PETER AND QUEEN STATION W,11946
BATHURST AND FINCH STATION WEST STATION,11947
GATEWAY S AND GREN,11948
THE W WAY AND WINCO,11949
BRIM AND SHEPPARD E,11950
JANE AND STEELES W,11951
MAPLE LEAF ANF CULFORD,11952
BAMBURGH CIRCLE AND WA,11953
STEELES LOOP E SID,11954
IRONSIDE CRESENT,11955
BLOOMINGTON AND HUMBERLINE,11956
HARLANDALE,11957
GREENHO AND MARKHAM,11958
BICKNEL AND OLD WESTON,11959
DON MILLS AND GREENE,11960
E AND LOWER COXWELL,11961
LEAVENWO AND MALL,11962
LESLIE STATION AND YOK MILLS,11963
YORKDALE STATION MALL LOOP,11964
COTTON AV AND ST CLAIR,11965
BRIDG AND CALEDONIA,11966
CALEDONIA AND LOTHERTO,11967
BRUSS AND COMMONWEALTH,11968
KINGSDALE AV AND YONGE,11969
KIPLING STATION 49 B,11970
FAIRHEAD M AND GERRARD,11971
KENN AND SHEPPARD,11972
DON MILLS AND SKYMARK,11973
OLD YONGE AND YORK MIL,11974
E O AND MILITARY TRAIN,11975
DON VALLEY BRICKWORK P,11976
STARPRAY LOOP,11977
ASHDALE AND QUEEN,11978
GENERATI AND MEADOWALE,11979
BATHURST AND BRIAR HI,11980
GRENOBLE AND ST DENNIS,11981
GLEN AND LAWRENCE STATION W,11982
MARTIN GROVE AND STEELES LO,11983
MOU AND MOUNT PLEASANT,11984
DOCTOR AND PARLIAMENT,11985
CASLTE FRANK STATION,11986
REAN AND SHEPPARD,11987
KIPLING AND NAMCO,11988
LONSDA AND ORIOLE,11989
PHARMACY AND REDDINS,11990
BLV AND HUMBER COLLEGE,11991
SHEPPARD W AND WILS,11992
DAIR AND STEELES E,11993
JANE STATION ND WEATHERELL,11994
BIRCHMOUNT AND HIGHGAT,11995
BOON AND ROGERS,11996
KENHI AND THISTLE DOWN,11997
ARDWICK E O AND FINCH,11998
DANFORTH AND MACK E O,11999
MLARVERN GARAGE,12000
ANNETTEB AND KEELE,12001
SCARBOROUGH CNETRE STATION,12002
WILSON STATION ANCA,12003
ANDERS AND ORIOLE,12004
BURNHAM AND MALLE,12005
GO TERMINAL AND YORKDALE,12006
DOWN AND SHEPPARD W,12007
BAYVIEW AND SUNNYDENE,12008
CARN AND LAWRENCE STATION E,12009
MARKHAM AND NASHDEEN,12010
CACTUS AND PLEASANT,12011
CLARION AND WATERBURY,12012
DUNCANWOODS AND FINCH STATION,12013
FINCH STATION AND HUMBRLINE,12014
CHERRY AND MILLS STREE,12015
MACDONELLE AND QUEEN,12016
KENEWEN AND SLOANE,12017
SCARLETT AND ST CLAIR STATION,12018
BILLY BISHOP AND DUFFE,12019
KIPLING AND WIDDECOMBE,12020
ARROW AND DRIFTWOOD,12021
CHAP AND EGLINTON W,12022
DORSET AND KINGSTON,12023
GERRY FITZGERRALD,12024
JOHN GARLAND AND KIPL,12025
KEELE AND TILBURY N,12026
CROMWE AND KINGSTON,12027
QUEEN STATION S PARK CIRCLE AN,12028
ISLINGTON STATION REXDALE,12029
LAWRENCE STATION WARDEN STATION,12030
DAWES AND ROSEVEAR,12031
ISLINGTON AND THE WEAT,12032
MILIT AND MORNINGSIDE,12033
BURNER AND NEILSON,12034
LAKESHORE AND THIRTEEN,12035
MEADOW AND SCARBOROUGH,12036
UNIVERSTY OF TORONTO S,12037
ZOO THE ZOO LOOP,12038
RATHBURN AAND THE E,12039
KEELE STATION W STATION,12040
HULLMARK AND JANE,12041
LYNN GATE AND MALAMUTE,12042
CALEDONIA AND SCHELL,12043
KENNEDY STATION B PL,12044
RATHBURN AND WALKWAY,12045
HUMBERCOLLEGE,12046
ST CLAIR AND SYMINGTON,12047
ERINGATE AND RENFORTH STATION,12048
LAWRENCE STATION ANDD CARNFORT,12049
MILL AND TOLDEO,12050
BRANDSTOCK AND WESTON,12051
DORCHEST AND QUEENSWAY,12052
COSBURN AND LANKIN,12053
DVR AND YORK MILLS,12054
DELAYS EVENT CONQUER,12055
ISLINGTON STATION L,12056
MCCOWAN AND PENMARRIC,12057
MIDDLEFIELD AND ORATOR,12058
CONNAUGHT AND VAUGHAN,12059
BINSWOOD AND OCONNOR,12060
DIXON AND HWY 4,12061
DON VALL AND MILLWOOD,12062
GRANDRAVINE,12063
BARTLETT AND DAVENPORT,12064
CHOICEL AND MEADOWVALE,12065
DONWAY WEST AND LAWRENCE,12066
WILSON STATION YATD,12067
LOVILLA BLV AND WESTON,12068
AND ANDERSON,12069
AND BOMBAY BOM,12070
SUNNYBROOK HOSPITAL R,12071
SGNET AND STEELES,12072
GREEN CED AND LAWRENCE,12073
CELESTE D AND KINGSTON,12074
AND BOSWELL,12075
ARDMORE AND SPADINA,12076
MORN AND SHEPPARD E,12077
KEEL AND SHEPPARD W,12078
EGLINTON W AND JANE,12079
DUFF AND LAWRENCE STATION W,12080
ST CLAIR STATION E AND VIC,12081
LOCHNIV AND YORK MILLS,12082
EVANS AND N CARSON,12083
EDITHVA AND FINCH STATION W,12084
EGLINTON LESL,12085
JEFFERSON AND KING,12086
ALBION AND FINCH STATION W,12087
DUNDAS STATION W AND PACIFI,12088
AMST AND VICTORIA PARK,12089
KEELE STATION AND WESTON,12090
MIDLAND AND ST CALIR,12091
CORONATION AND WALLESE,12092
JONES AND QUEEN STATION E,12093
EVAN AND KIPLING,12094
ST CLAIR STATION W AND TWE,12095
JANE AND STRONG,12096
HWY 427 AND RENFORTH,12097
MANTIS AND NIGHTSTAR,12098
MEADOWVALE LOOP AND MET,12099
KEEL AND LAWRENCE STATION W,12100
OAKDALE AND SHEPPARD W,12101
CLAIRVI AND HUMBERLINE,12102
MARTING GROVE AND STEELES,12103
BLOOR W AND ISLINGTON STATION,12104
BLOOR W AND DUNDAS STATION,12105
BATHURST AND ELDERWOO,12106
KENNEDY STATION STAION,12107
PINE AND STEELES W,12108
GOSFIELD AND ISLINGTON,12109
CENTRAL PARK AND ISLIN,12110
OSSINGTON AND QUEEN STATION P,12111
ISLINGTON AND ISLINGTON STATION,12112
GLEN AND SHEPPARD E,12113
ROYAL YORK AND TREEHOR,12114
ALBION AND SILVER STON,12115
DELSING AND WESTUMBER,12116
COLONEL SAMUEL AND LAK,12117
SIGNET AND WESTON,12118
PLAXTON AND ST CLAIR STATION,12119
ST CLAIR STATION W AND WESTON,12120
WESTON BETWEEN COULTER,12121
MINTON AND PAPE,12122
MIDDL AND STEELES E,12123
KIPLING STATION STATIOIN,12124
HIGHGLEN AND MARKHAM,12125
MERTON AND MT PLEASENT,12126
EGLINTON W AND TRET,12127
MT AND MT PLEASENT,12128
BREECROFT AND SHEPPARD,12129
ELIN AND LAWRENCE STATION E,12130
BATHURST STATION AND ST CLAIR STATION W,12131
EGLINTON W AND EMME,12132
DUFFERIN STATION AND FINCH STATION W,12133
AND GLENCAIRN STATION,12134
NORTHOVER AND SLATER,12135
CONNOR AND GLENWO,12136
PARLIAMENT AND THE ESP,12137
GARY AND MEADOW OAK,12138
ROYAL YORK AND ROYALEI,12139
KENNEDY STATION STATIOM,12140
DUFFERIN AND HOLMESDA,12141
CLARK AND YORK HILL,12142
FINSH W STATION,12143
DANFORTH AND WEATHE,12144
AIRDRIE AND MILLWOOD,12145
COMING AND LESLIE,12146
DOWNSVIEW PAR AND JANE,12147
BENNY STARK AND TURNBE,12148
WOODBINE STATION BEACH,12149
ROYAL YORK AND WESTWAY,12150
LAKESHORE AND QUEEN STATION A,12151
BILL BISHOP AND WILSON,12152
BLANCHE AND DANFORTH,12153
WILSON STATION STATIN,12154
BURROWS AND MILNER,12155
AINSDALE AND LAWRENCE,12156
COURLANDS AND HALFWAY,12157
W TOR AND WESTON,12158
CASA AND VICTORIA PARK,12159
BATHURST AND LONSMOUND,12160
PAPE AND UPTON,12161
KING STATION AND LIBERTY,12162
WESTON AND WOODBRID,12163
RIMR AND WHITEHORSE,12164
THE ESPLANADE AND YONGE,12165
MILLIKEN AND PAASMORE,12166
SHEPPARD AND YUKON LN,12167
BERKLEY AND THE ESPLAN,12168
GORMLEY AND ORIOLE,12169
CRESANT AND LUNDY,12170
MARINE PARADE,12171
BAY STATION AND LAKESHORE,12172
BRISTOL AND DAVENPORT,12173
HWY 401 AND KINGSTON,12174
EGLINTON AND TAUNTON,12175
MORNINGSIDE ANFD NIGHT,12176
BLOOR AND INDIAN GROVE,12177
CANNIF AND LIBERTY,12178
CONSUMERS AND YOR,12179
KINGSTON AND RESTHAVEN,12180
LESLIE AND TALWOOD,12181
KIPLING AND SNAREBROOK,12182
RICHG AND WILLOW RIDGE,12183
DAWES AND SECORD,12184
MANTIS AND POPPY PLACE,12185
MANTISE AND POPPY,12186
BRIMLEY AND GULLY,12187
MCNICOLL AND MYERS LAN,12188
MAJOR MCKE AND MARKHAM,12189
BLOOE AND ISLINGTON,12190
LADY BAN AND QUEENSWAY,12191
DUNDAS AND HWY 27,12192
COMSTOCK AND EGLINTON,12193
TORRIN AND WELLESWORTH,12194
ARCINA AND BATHURST,12195
JANE STATION AND SJPPARD,12196
DUNDAS STATION S AND LANSDOWNE,12197
GRAYDON HILL AND KAREN,12198
THE BRIDLE WALK AND,12199
NEILSON AND WICKSON TR,12200
HARBOU AND QUEEN STATION QUAY,12201
FERRY AND QUEEN STATION QUAY,12202
0 RIVALDA,12203
BAYVIEW AND RUDDINGTON,12204
AND HUMBER AND HWY 27,12205
CALEDONIA AND KITCHEN,12206
PEARSON AIRPORT T 1,12207
ABITIBI AND YONGE,12208
BATHURST AND RIDGEWOOD,12209
DANFORTH AND GUEST,12210
CARRIER AND DANSK COUR,12211
DONWAY AND DUTCH MYRTL,12212
SASKATOON AND WESTWAY,12213
BERRY AND GLENN MUR,12214
EGLINTON E ROUTE,12215
FIN AND HUMBERINE,12216
DUNDAS STATION W AND KIPLING STATION,12217
CHER AND CHERRY,12218
TERMINAL 1 PEARSON AIRP,12219
CALVINGTON AND EXBURY,12220
MURISON AND SHEPPARD,12221
H AND QUEEN STATION PARK CRES,12222
BIRCHMOUNT AND MILLS,12223
OCONNOR AND SUNRISE,12224
AIRPORT AND MCNAUGHTON,12225
CENTENERY HOSPITAL LOO,12226
HOWARD AND SHERBOURNE STATION,12227
H AND SILVER BELL LANE,12228
ST REGIS CRESCENT,12229
HOLLINGER AND WATERMAN,12230
HIGHLAND AND LAWSON,12231
EGLINTON WEST STATION AND WESTON,12232
MEAD AND SHEPPARD E,12233
COSBURN AND ROBLIN,12234
FINCH STATION AND HUMBERIINE,12235
BARTON AV AND CHRISTIE,12236
LANDMARK AND MCCOWAN,12237
LAKE SHORE AND MARTIN,12238
JANE STATION ST CLAIR STATION,12239
BAY AND ST BASIL,12240
GEORGE APPLETON WAY AN,12241
ARRO AND SHEPPARD W,12242
MIDLAND AND STEELES EA,12243
BAY AND QUEEN STATION W,12244
QUEENSWAY AND STOCK,12245
CORNAT AND MORNINGSIDE,12246
NEILSON AND WALKWAY,12247
LIBERTY AND PARDIE,12248
OVERLEA AND THORCLIFF,12249
MCRAE AND RUMSEY,12250
BAYVIEW AND WELLNESS L,12251
BLOOR W AND JANE,12252
BERRY AND PRINCE EDWAR,12253
COPPERFIELD AND MANSE,12254
BRIDGELAND ADN CALEDONIA,12255
JAN AND ST CLAIR STATION W,12256
KIPLING AND LAKELAND,12257
DON MILLS AND SENECA,12258
LEEDS AND OSSINGTON STATION,12259
GLEN ORCHY AND ROYAL O,12260
AVEN AND LAWRENCE STATION W,12261
E AND LAWRENCE STATION E,12262
KENN AND LAWRENCE STATION E,12263
NORFINCH AND STEELES W,12264
HOSPITAL W AND RAAB,12265
JANE AND JOHN BETH,12266
MAJOR MACKENZIE AND MC,12267
DORIS AND ST CLAIR,12268
BETWEEN AND OLD KINGSTON,12269
DAVENPORT AND R,12270
DUFFERIN AND EVESFILED,12271
BLOOR AND SYMINGON,12272
BRIDLETOWN C AND FINCH,12273
BIRCHMOUNT AND ROUGE,12274
ARROW AND DEERHIDE CRE,12275
LANSDOWNE STATION BETWEEN DUPO,12276
FUTURITY GA AND STEELES,12277
EMMETT AND VEROMA,12278
DUFFERIN AND PARR,12279
DUFFERIN STATION AND LIBERTY,12280
BIRCHMOUNT AND FOXRID,12281
BETA AND EVANS,12282
MATHEWS GAT AND WILSON,12283
COLLEGE STATION AND HUMBERLINE,12284
REDLEY AND STEELES,12285
LIGHTHALL AND TAPSCOTT,12286
BRECKON GA AND MURISON,12287
DONWAY AND DUNCAIRN,12288
DO AND THE DONWAY W,12289
ALBION AND DIXON,12290
DUNDAS AND HUMBERCREST,12291
MCCOWAN STATION UNIONVILLE,12292
GERRARD AND RATHMORE,12293
IDAGOVE G AND SHEPPARD,12294
DVP AND MILLWOOD,12295
ARGLYLE AND OSSINGTON,12296
EVANS SOUTH AND KIPLING,12297
LANE E AND VAUGHAN,12298
DIXON AND GOLFWOOD,12299
NEPTUNE AND WASDALE,12300
BLOOR AND NEILSON,12301
SOUTHPORT,12302
ARLETA AND SPANBRIDGE,12303
WELLESLEY STATION CA,12304
COL AND ORIOLE,12305
ARKWICK AND FINCH,12306
COSBURN AND GLEBEMOUNT,12307
BATHURST STATION AND DUNDAS,12308
SETTLER P AND STEELES,12309
CHURCH AND DUNDAS,12310
SAKURA WAY AND WYNFORD,12311
BARKDENE AND BRIMLEY,12312
ARENA E AND TRETHEWEY,12313
KING STATION W AND QUEENSWAY,12314
LAWRENCE STATION EA AND LESLIE,12315
ARMISTICE AND BAYVIEW,12316
BADEN AND OSSINGTON,12317
BELLAMY N AND BURN,12318
MARTN AND STEELES LOOP,12319
MANOR AND MT PLEASANT,12320
FINCH STATION W AND MILADY,12321
DANFORTH AND FALMOUTH,12322
STEELES E AND WOODB,12323
ROGERS AND ROSETHORN,12324
HUMBERWOOD COLLEGE STATION,12325
LAWRENCE STATION E AND RODD,12326
ELMHURSY AND ISLINGTON STATION,12327
FINCH STATION E AND NEILSON,12328
DUFFERIN AND JANE STATION OSLER,12329
BOTH WAYS ON LIBERTY S,12330
KING AND QUEEN STATION W E,12331
HWY 27 AND ROYALCREST,12332
CRAIGTON AND RANNICK,12333
EGLINTON E AND MIDLAND,12334
GREE AND LAWRENCE STATION W,12335
LAUR AND SHEPPARD W,12336
O AND THORNCLIFFE PARL,12337
DUFFERIN AND WELLER LA,12338
DO AND MILLWOOD BRIDGE,12339
CHERRY AND LAKE SHO,12340
JANE AND RAVEN,12341
IDAG AND SHEPPARD E,12342
ALBION AND BANKFIELD D,12343
PERTHERHILL AND WILSON,12344
LAKESHORE AND SMALL,12345
SCARBOROUGH TOWN SENTR,12346
TOWNSLEY LOOP OLD WEST,12347
HUPFIELD TRAIL AND SWE,12348
KIPLING STATION W SER,12349
JOHN GARLAND,12350
BARBER GREENE AND SOUT,12351
MACDONALD AND QUEEN STATION,12352
HWY 4 AND KENNEDY,12353
ALBION AND ARNEL,12354
AIRPORT AND AMARICAN,12355
MONRO AND QUEEN,12356
ST CLAIR STATION BETWEEN HERRO,12357
ANGLESEY AND PINEHURST,12358
ROUGE GO STATION,12359
BRIMFORES AND LAWRENCE,12360
JACK LAYTON AND MATTHE,12361
BRUCE AND EGLINTON,12362
MURRARY AND WILSON,12363
ALBERTA AND ST CLAIR,12364
FENLEY AND ISLINGTON,12365
ISLINGTON STATION AND LAWRENCE,12366
WARDEN STATION OUTSI,12367
ELSWICK AND PARKVIEW,12368
FINCH STATION EB AND LESLIE,12369
STRATHMOR AND WOODBINE,12370
BRIMLEY AND STEELES E,12371
COMMANDER AN,12372
DAIRI AND STEELES E,12373
DEAN AND SHEPPARD E,12374
GR AND SPANBRIDGE,12375
QUEENSWAY AND ZORRA,12376
BROWNS LINE AND FINSBU,12377
DUFFERIN AND OR,12378
CO AND STRATHMORE,12379
HUMBER COLLEGE STATION SILVER,12380
ATWELL AND MARMAC,12381
JEFFERSON,12382
TORBARRIE AND WILSON STATION,12383
WARDEN STATION TRACK,12384
JETHRO AND WILSON STATION,12385
REXDALE AND STEELES E,12386
DUFFERIN AND KING STATION W,12387
ESNA AND STEELES E,12388
LOWER J AND SHERBOURNE,12389
SUGAR BEACH PARK,12390
BAKER AND ISLINGTON,12391
EDITH AND EGLINTON,12392
EGLINTON AND PANE,12393
JARVIS T AND WELLESLEY,12394
DON AND LAKESHORE,12395
SCARBOROUGH CETRE STAT,12396
LAWSON AND WICHEY R,12397
NEILSON AND SELWELLS,12398
PAPE AND WESTWOOD,12399
SAMMON,12400
BONNIE AND QUEEN STATION QUAY,12401
ARLETA AV AND SHEPPARD,12402
CHESTERTON SHRS,12403
SILVER D AND TANK FARM,12404
BURGUNDY AND WILSON,12405
IAN MCDONALD,12406
VICTORIA BL AND WESTON,12407
HOWAR AND RONCESVALLES,12408
ADRAIN AND SYMINGTON,12409
BARTONVILLE AND WESTON,12410
NORTHUMERLAND AND OSSI,12411
DIXON AND SILVER DART,12412
E AND JETHR AND WILSON,12413
AJOR MACKENZIE AND HIG,12414
OCONNOR AND WOODBINE,12415
DUFF AND ROSELAWN,12416
MARLEE AND WENDERLEY,12417
PRADO AND ROSELAWN,12418
COMMISIONER AND LESLIE,12419
CROWTRAIL AND TAPSCOTT,12420
FINCH AND YONGE E,12421
SCARBOROUGH CTR STATION,12422
BLACK CREEK AND TODD B,12423
ARROW GARAGE CHANGE,12424
PARLIAMENT AND WINCHEST,12425
PA AND TRETHEWEY,12426
DOVERSOURT AND NORTH,12427
HANOVER AND MANIZA,12428
CALVI AND FORTH BRIDGE,12429
KEELE AND KEELGATE,12430
CASTLETON AND PRITCHAR,12431
BATHURST AND WA,12432
DARTNELL AND DAVENPORT,12433
EASTWOOD AND GAINSBORO,12434
INTERNATIONAL,12435
VAN HORNE AND VICTORIA,12436
ROYAL YORK AND STANLEY,12437
CALEDONIA AND ROGERS R,12438
FINCH AND KENNETH E,12439
YONGE FINCH STATION,12440
MAXIM AND STEELES,12441
MISSISSAUGA TRANSIT WAY,12442
SCARLETT LAWRENCE STATION,12443
LAWRENCE AND MARTINI,12444
BAYVIEW STATION AND MANOR,12445
BATHURST AND CLARCK,12446
BAY AND LAKE SHORE WEST,12447
FAIRVIEW AND GODSTONE,12448
BARNWOO AND LAURENTIDE,12449
LAKE SHORE W AND MA,12450
FINCH AND WESTON CENTR,12451
DA AND MOUNT PLEASANT,12452
TAPSCOTT AND WASBURN,12453
BRIM AND LAWRENCE STATION E,12454
OSSINGTON AND QUEEN STATION WEST,12455
BROWNS LINE AND VALERM,12456
NEIL AND SHEPPARD E,12457
FINCH STATION E AND YONGE,12458
FENTO AND STEELES E,12459
CALEDONIA AND GLENGRO,12460
BERKELEY AND FRONT EAST,12461
MURAY AND WILSON,12462
JANE AND JOHNS,12463
MALL AND THE W MALL,12464
DIRECTOR AND STEELES,12465
EGLINTON W AND ORIO,12466
EGLINTON AND MT P,12467
ELM AND GLENN,12468
EGLINTON E AND PHAR,12469
BAYVIEW AND NESSBITT,12470
EGLINTON W AND KEEL,12471
CARLAW AND LAKESHORE E,12472
BROADVIEW AND GAMBLE,12473
BLUFFERS PARK BRI,12474
DUTCH M AND THE DONWAY,12475
MCCOWAN STATION AND STEELES E,12476
BR AND MAJOR MACKENZIE,12477
CASTLEMORE AND FRED MC,12478
EGLINTON W AND JIMM,12479
COXWELL AND LOWER GERRARD STATION,12480
MEADOWADALE AND SHEPPARD,12481
DN MILLS AND GRAYDON H,12482
DUNDAS STATION ST W AND HUMBER,12483
QUEENSWAY AND ST LAWRE,12484
DE BOERS AND SHEPPARD,12485
CARLHALL,12486
AND RIDLE,12487
CASS AND WARDEN,12488
JANE AND LESSARD,12489
CON AND SHEPPARD E,12490
DON MILL AND MALLARD,12491
ISLINGTON STATION AND TODD BROOK,12492
LANSDOWN AND ST CLAIR STATION,12493
WOODBINE STATION ROUTE,12494
BIGG AND VICTORIA PARK,12495
EGLINTON ANF DON MILLS STATION,12496
FREELA AND QUEEN STATION QUEY,12497
MILLEIUM AND TRETHEWEY,12498
FREY AND WARDEN,12499
HANDING AND JANE,12500
KENNEDY STATIONA,12501
KIPLING AND ROWANTREE,12502
QUEENSWAY W YARD,12503
BATHURST AND TRICHESTE,12504
DAN LECK AND FORT YORK,12505
SPADINA AND WELLINGTON,12506
HANA AND LIBERTY,12507
AUKLAND AND DUNDAS STATION OU,12508
MCGREGOR AND RUNNYMEDE,12509
CHRISTIE AND LAMBERLOD,12510
CHRI AND ST CLAIR STATION W,12511
STEELES AND WAL,12512
COSBURN AND GOWAN,12513
AUK AND ST ALBANS,12514
GUILDWOOD AND MORNINGSTAR,12515
STEELES AND WILSON,12516
BATHURST AND MCGILLIVR,12517
MORNINGIS AND SHEPPARD,12518
CANADA AND STRACH,12519
BROWNSLIN AND WOODBURY,12520
HUMBERWOOD AND TO,12521
MORNINHSI AND SHEPPARD,12522
RENFORTH STATION GO STATION,12523
ASHWARREN AND KEELE,12524
MOUNT C AND WINTERMUTE,12525
LAWRENCE AND UNDERHIL,12526
AIRP AND JETLINER,12527
AVON LOOP AND WESTON RO,12528
BLOOR AND LAUREL,12529
NEWFOUNDLAND AND PRINC,12530
CASTLETON AND PRICHARD,12531
JANE STREET STATION,12532
DON JAIL R AND GERRARD,12533
GRENOBLE AND SPANBIRDG,12534
KANE AND ROGERS,12535
ALLNESS AND BRISBANE,12536
MANITOB AND ROYAL YORK,12537
EGLINTON W AND LAS,12538
GENTIA AND WELLESWORTH,12539
DALINER AND WILSON,12540
BAMBOROUGH AND WARDEN STATION,12541
FLEMINGTON AND STOCKTO,12542
HARVEY AND JANE,12543
ETOBICOKE AND KIPLING,12544
MCNICOLL AND MORBENT,12545
SEASO AND STAINES,12546
QUEEN AND WORKMAN,12547
BATHURST STATION AND GREENWIND,12548
BURNAMTHORPE AND KIPLING STATION,12549
ANCROST AND SHERBOURNE,12550
KINGSTON AND PARK CRES,12551
BLUE JAYS AND NAVY WHA,12552
BENBOW AND WAY,12553
SHEPPARD LOOP MEADOWV,12554
DOWL AND GARDINER EWPY,12555
KENNEDY STATION 43 B,12556
HUDDLETON,12557
PARLIAMENT AND SMALL,12558
LAWRENCE AND ORTON,12559
CONCORDE AND MCDONALDS,12560
HUPFIELD AND SWELLS,12561
IAN MACDONALD BOULEVAR,12562
KIPLING STATION AND WAY,12563
KING STATION AND SPADINA,12564
CRESCENT AND S DRI,12565
BLU AND JACK LYTON WAY,12566
HOS AND RAAB,12567
STEELES BATHURST STATION,12568
LAKESHORE AND THE DON,12569
NORFINCH AND SHOREHAM,12570
HWY 27 BEWTEEN DIX,12571
EASTV AND STEELES E,12572
BATH AND EGLINTON W,12573
ANNETT AND DUNDAS STATION W,12574
YORK MILLS STATION BAY STATION,12575
KEELE AND LAWRENCE STATION WEST STATION,12576
EGLINTON E AND REDP,12577
EGLINTON E AND LEBO,12578
WOODBINE STATION BEACH ASHBRI,12579
DUFFERIN AND MACKAY AV,12580
STEELES LOOP STEELES A,12581
BAYLWN AND FINCH,12582
YORKDALE STATION INSIDE YOR,12583
EGLINTON E AND KENNEDY,12584
KIN AND OLD KINGSTON,12585
BAY AND BREADALBANE,12586
FRONT AND PRINCESS,12587
BRAHMS,12588
COXWELL STATION AND GREENWOOD,12589
NATAL AND PARK,12590
COLONEL SAMUEL,12591
LAWRENCE STATION AN BELLAMY,12592
TORRING AND WELLSWORTH,12593
HOMEWOOD AND YONGE,12594
COLNEL SAMUEL SMITH PA,12595
NEWPORT AND PHARMACY,12596
ROYAL YORK AND WESTRID,12597
OLD MILL STATION TRAIL,12598
KA AND NEW WESTMINSTER,12599
BLY AND MOUNT PLEASANT,12600
CITADEL AND STANSBURY,12601
CALEDONIA AND OFRUS,12602
ENID AND MARLEE,12603
EGL AND ORIOLE,12604
STEELES EAST AND WARDEN,12605
BAYVIEW AND NEWTON,12606
HUMBERLINE AND RUTHMAR CR,12607
OPPOSITE 950 DIXON,12608
CHERRY AND N BRIDG,12609
CRAN AND VICTORIA PARK,12610
SPADINA STATION AND ST CLAIR STATION W,12611
GATEWAY AND SUNNY,12612
STE AND STEELES AND YONGE,12613
REXDALE,12614
BEVERLEY AND WILSON,12615
SCUNTHROPE AND SHEPPARD,12616
MARTIN GR AND WAY,12617
DANFORTH AND ISLINGTON,12618
SHEPPARD BETWEEN KEELE STATION,12619
COBURN L AND LAKESHORE,12620
EGLINTON AND GLENHOLM,12621
BATHURST AND RAOUL WAL,12622
JANE AND YORK GATE BLV,12623
KEELE STATION TO AND SHEPPARD,12624
BAY STATION BETWEEN DUNDAS STATION,12625
BLUFFERS AND BRIMLEY,12626
ASP AND PARKVIEW HILL,12627
KENNEDY STATION ADN ELLESMERE STATION,12628
BROOK AND TRETHEWEY,12629
LING R AND MORNINGSIDE,12630
CHES AND SHEPPARD W,12631
HIGHWA AND HWY 400,12632
MT DENNIS GARAG E,12633
FINCH STATION W AND JANE,12634
PEARSON AIRPORT TERMIA,12635
DUFFERIN AND GORDON S,12636
CLIFFSIDE AND KENNEDY,12637
OFF RAMP AND TANK,12638
ELLESMERE AND OAKLE,12639
CONNOR AND TAYLOR,12640
BATHURST AND YORKDOWNS,12641
CARLINGVIEW AND FASKEN,12642
CHERRY AND COMMISSIORS,12643
VENA WAY AND WESTON,12644
SHEPPARD W AND WILL,12645
BOUCHETTE AND LAKESHOR,12646
JUDSON AND MAGNIFICANT,12647
CUMM AND VICTORIA PARK,12648
OID ORCHARD AND,12649
COMMISSIONERS A,12650
HILLSDALE AND YONGE,12651
LAWRENCE STATION E AND MCCO,12652
CONNOR AND WAUKANDA,12653
FINCH STATION W AND TORRESD,12654
AUTUMN GLEN,12655
EGLINTON AND OSWEGO,12656
BIRCHMOUNT AND ROUGESI,12657
BELLAMY AND FINCH,12658
BERMONDSE AND CONNER,12659
EGLINTON DIVISON,12660
KIPLING AND TORKAJE,12661
CLONEMORE AND QUEEN STATION,12662
CALEDONIA AND GLEN PARK,12663
CONNAU AND EASTERN,12664
EGLINTON STATION OUTSI,12665
MURRAY ROSS,12666
MARBLEMOUNT CRES,12667
PUTNAM AND STEELES,12668
LAIRD AND MC RAE,12669
ABBEY AND SHERBOURNE,12670
LINKWOO AND SPANBRIDGE,12671
THE TORONTO ZOO,12672
BIRMINGHAM AND NINTH,12673
12TH AND LAKESHORE,12674
ALBION CENTR AND FINCH,12675
GARRATT AND REGENT,12676
WILSON STATION ST CL,12677
CANAD AND PRINCES,12678
FINCH STATION 42 BUS PLATF,12679
FURURA AND GRANDRAVINE,12680
CONCORRDE PLACE N,12681
BIRCHMOUNT DIVSION,12682
KINGSTON AND WARD,12683
BAYVIEW AND MCRAE DRIV,12684
LOWER E AND SHERBOURNE,12685
FORT YORK AND IANNUZI,12686
BLOOR E AND SHERBOURNE STATION,12687
KEELE AND ST CLAIRE,12688
EGLINTON E AND MASO,12689
LANSOWNE STATION,12690
THE E MALL AND VALL,12691
CARRIER AND HUMBER COL,12692
NORTYH YORK GENERAL,12693
STEELES E AND TAPSCOTT,12694
CARLINGWOOD,12695
KINGDOM AND SCARLETT,12696
KENNEDY AND STEELES AT,12697
BIRCHMOUNT GARGAE,12698
BLOOR W AND E MA,12699
SU AND SUNNYSIDE LOOPE,12700
ORIOLE AND TRANMER,12701
COLLEGE STATION PARK AND YONGE,12702
DIXON AND PHILLIPS,12703
ALBION AND BARKER,12704
PAPE AND RIVERCOURT BL,12705
WESTWOOD TERMINAL,12706
REDLEA LOOP AND STEELES,12707
DON MILLS STATION RAMP DON,12708
DON MILLS STATION RAMP DVP,12709
N YORK AND YONGE,12710
ISLINGTON AND POPLAR H,12711
BLOOR W AND SHAVER,12712
YORKDALE STATION YORKDALE STATION,12713
BLOOR E AND SHERBOURNE,12714
MALV AND SHEPPARD E,12715
ROUGH HILL GO,12716
CHURCHILL AND SENLAC,12717
KIGH HIGH AND WILSON,12718
KING AND WILSON STATION,12719
EGLINTON E AND MARK,12720
CO AND NEW WESTMINSTER,12721
EGLINTON W AND SCOT,12722
BIRCHVI AND ROYAL YORK,12723
QUEENSWAY GARAGE B,12724
HOLBORNE AND WOODBINE,12725
CARLTON AND MCCOWAN,12726
OAK AND RIVER,12727
BATHU AND STEELES W,12728
JACK LAYTON WAY,12729
HAY AND ROYAL YORK,12730
CASTLETON AND ST CLAIR,12731
HENLEY CRE AND KIPLING,12732
HWY 401 AND MARTIN,12733
MAJOR MCKENZIE AND RAL,12734
DUFFERIN AND PRESTON R,12735
HIG AND MAJOR MCKENZIE,12736
ASHBRIDGES BAY STATION LOOP,12737
BIRCHMOUNT AND YORK MILLS,12738
MORNINGSIDE AND WARMSW,12739
EGLINTON W STATAION,12740
CONNOR AND HASSARD,12741
LAWRENCE AND MERRILL,12742
QUEEN STATION PARK CRESCENT A,12743
CONCORD AND STEELES,12744
MARINE PARADE AND THE,12745
FAYWOOD AND GOODWILL,12746
AND 401,12747
ALBION AND KEELE STATION,12748
CASTLE FRANCK STATION,12749
FENSID AND YORK MILLS,12750
BATHURST STATION AND ELLERSLIE,12751
EGLINTON AND WYNNITTE,12752
KINCORD AND SHEFFIELD,12753
ASHFIELD AND HARDWICK,12754
DOLLYVAR AND ELLESMERE,12755
ASHWARR AND CERAMIC,12756
KEELE AND LAWANCE,12757
DEAN PAR AND SHEPPARD,12758
HENRIETTA AND RUNNYMEDE STATION,12759
MAJOR MACKENAZIE AND W,12760
MORNINGVIEW AND SWELLS,12761
ANGELES AND ROYAL YORK,12762
MAYBOURNE AND ST CLAIR,12763
LOCKIE AND MIDLAND,12764
GORDON MACAY AND JAND,12765
401 AND YORK MILLS,12766
MACDONNELL AND SEAFORT,12767
GILLTSPUR AND JANE,12768
BROADVIEW AND WOODVILL,12769
STEELES E LO,12770
BLOOR WEST AND ISLINGTON,12771
HERO AND SHEPPARD E,12772
CANYON AND OAKWOOD,12773
BIRD STONE AND WESTON,12774
GERRY FITZGERALD,12775
KIPLING STATION BUS E,12776
ST PHILL AND WESTON,12777
HUMBERWOOD AND MORING,12778
BAYVIEW AND BLYTHWORTH,12779
CARLINGVIEW AND DIS,12780
DUNDAS STATION RAMP,12781
VICTORIAPARK STATION,12782
HUMBERWOOD BUS LOOP,12783
FINCH STATION OFFLOA,12784
ROAYL YORK STATION,12785
YORK MILLS STATION E,12786
LAKESHORE AND MARINE,12787
N AND SHORECLIFFE,12788
DUPONT AND PALMERSTON,12789
LAWRENCE AND SAGUENAY,12790
MISSISSAUGA AND RENFORTH,12791
DUNDAS STATION W AND SUBWAY CR,12792
MISSISSAUGA TRANSITWAY,12793
YONG AND YORK MILLS,12794
HOMEVIEW AND JANE,12795
HUMBER AND MA,12796
BOUROUGH AND TRITON,12797
ROUTE HILL GO STATION,12798
PHARMACY AND SHANGARRY,12799
SIGNALHILL AND STEELES,12800
COE HILL AND QUEENSWAY,12801
OR AND QUEENSWAY,12802
BIRCHMOUNT MCNICOLL,12803
EASTERN QUEEN STATION,12804
TORONTO ZOO LOOP 200,12805
BOWSFIELD AND SENTINEL,12806
ALBION AND AMEL CT,12807
ELI SHACK AND KINGSTON,12808
DUFFERIN AND HWY 401,12809
GARDINER GARRI,12810
BLOOR DUFFERIN STATION BR,12811
DUNMUR AND HUNTINGWOOD,12812
CALEDONIA AND TRETHEWEY,12813
MARTIN GROVE AND SMITH,12814
DAIRIS AND STEELES,12815
FRONT AND WELLINGTON,12816
FINCH STATION W AND KEELE,12817
SHAUGHNESS AND SHEPPARD,12818
FINCH AND RED ROBINWAY,12819
FINCH AND LISZT,12820
SHERBOURNE AND WELLSEL,12821
MAJOR M AND RIDGECREST,12822
MIDDLEFIELD LOOP STEELES,12823
KING AND TRILLER,12824
BYNG AND YONGE,12825
MOO AND MOUNT PLEASANT,12826
EGLINTON AND WILLOWRID,12827
SUN RO AND THE WESTWAY,12828
CARLUKE FIFESHIRE,12829
SAUDAN AND YONGE,12830
CORONATIO AND WALLSEND,12831
BICKNILL AND ROGERS,12832
BIRKDAL AND YORK MILLS,12833
F AND PARKWOOD VILLAGE,12834
DUFFERIN AND JANE STATION OSCA,12835
AUKLAND AND KIPLING,12836
COXWELL STATION NORT AND JANE,12837
HUMBERCOLLEGE TERMINAL,12838
MIDDLEFILED AND STEELES,12839
AND SILVER AND MIDLAND,12840
CHEM AND CORONATION,12841
BROKMERE AND KIPLING STATION,12842
BLOOR N AND DUFFERIN,12843
EASTERNAND QUEEN STATION,12844
OAKWOOD AND REGGAE LAN,12845
DUNDAS AND MABEL,12846
GO TERM AND YORKDALE,12847
MCCOWAN STATION SHEPPARD,12848
FINCH STATION E AND WARDEN STATION,12849
EGLINTON W AND TARL,12850
CORBETT AND JANE,12851
SIBLEY,12852
FRONT AND SPADINA STATION,12853
FOUND AND STEELES W,12854
FINCH STATION AND STAINES,12855
JARVIS AND KING STATION W,12856
FLOR AND ST CLAIR STATION W,12857
FREASHMED AND TOWNSEND,12858
BALDOON AND FINCH STATION E,12859
E LOOP AND STEELES,12860
EGLINTON AND HIGHBOUR,12861
RENFORTH STATION BUS TERMINAL,12862
AUDLEY AND NEW CASTLE,12863
LESLIE STATION AND UNWIN,12864
KENNEDY STATION 0731,12865
ELM AND MAPLE,12866
CEDAR W AND YORK MILLS,12867
EGLINTON W AND RICH,12868
FRESHMEADO AND TOWSEND,12869
LAWRENCE STATION E AND MARKHAM,12870
ISLINGTON AND NORSEMEN,12871
EX LOOP,12872
CARLAW AND QUEEN STATION E,12873
BATHURST AND ELMRIDGE,12874
KINGSTON AND LIVING,12875
MORNINGSIDE CROSSING,12876
NEILSON MCLEVIN,12877
BROADVIEW AND FULTON A,12878
COXWELL STATION LOWER GER,12879
MURRAY GLEN AND WARDEN,12880
THORNCLIFFE PK W,12881
DOSCO AND MARTIN GROVE,12882
QUEEN AND SHORNC,12883
MCNICOLL AND STONEBRID,12884
HILLDOWN AND ISLINGTON,12885
MILITARY LOOP,12886
GORMAN PA AND SHEPPARD,12887
JANE AND MACDONALD,12888
PLEASANT BLV AND YONGE,12889
STEELES AND WAGONWELLS,12890
AMAZON FULLFILMENT CEN,12891
CONCORDE PL AND MCDONA,12892
FINCH AND SIGNE,12893
BLACK C AND MAPLE LEAF,12894
KINGSTON AND OLD K,12895
BURNINGHAM AND KIPLING,12896
LANE NORTH AND LANSDOWNE,12897
COMMISSIONE AND SALTER,12898
DEWEY SOUTH AND PHARMACY,12899
BRIDLE WALK AND MAJOR,12900
SHEPPARD AND TWYN RIVE,12901
COMMON WEALTH AND EGLI,12902
M AND VICTORY CRESCENT,12903
ROGUEE HILL GO STATION,12904
ARBORETUM AND IAN MACD,12905
FINGROVE AND JANE,12906
FINCHDENE SQUARE AND T,12907
COLBORNE AND YONGE,12908
ISLINGTON AND PRINCESS,12909
HUMBER AND MORNINGSTAR,12910
HERON S HILL WAY,12911
DIXON AND KELFEILD,12912
JANE AND RAYMOND,12913
MARINE PARADE AND WATE,12914
DUFFERIN AND THORNBERR,12915
R AND WILLISAM R ALLEN,12916
CENNENNIAL COLLEGE STATION BUS,12917
CARLETO AND PARLIAMENT,12918
ISLEWORTH AND WINEVA,12919
BERMONDES AND CONNOR,12920
STEELES E AND TOWNS,12921
BLOEM AND DUFFERIN,12922
COMMISSIONERS AND SALT,12923
LAWRENCE STATION E AND WARD,12924
MOUNT CASTLE GATE,12925
HWY 7 AND PINE VAL,12926
PARKWOOD VILLAGE AN,12927
KINGSTON AND MILT,12928
DUNDAS AND HAWLAND,12929
CEDAR DRI AND EGLINTON,12930
PARKWOOD VILLAGE AND V,12931
BRIDLEPAT AND SUNCREST,12932
BEECROFT AND HARLANDAL,12933
ALBION AND CLAREPORT,12934
ADELAIDE AND UNIVERSIT,12935
BIRCHMOUNT AND MICRO,12936
BARKDENE AND GRADWELL,12937
HOWARD MOSCOE PIO,12938
RUNNYMEDE STATION KEN,12939
BATHURST AND EDINBURGH,12940
COULTER 22 AND WESTON,12941
EMMETT AND VE,12942
EGLINTON AND SWIFT,12943
QUEENSWAY,12944
ONTARIO AND QUEEN,12945
DERRY AND GRANDRAVINE,12946
LINSMORE AND STRATHMOR,12947
EMMETT LOOP,12948
MURRAY ROSE AN,12949
BRIDLE AND CASTLLEMORE,12950
WESTWOOD BUS TERMINAL,12951
SHEPPARD AND WARDEN STATION S,12952
COLWOOD AND ROYAL YORK,12953
CLANMORE AND WARDEN STATION,12954
DANFORTH AND HORTON,12955
WARDEN STATION BUS BAY STATION 5,12956
BIRCHMOUNT AND HARVEST,12957
DANFORTH AND MAGNOL,12958
DON MILLS STATION BUS,12959
EGLINTON W BUS BA,12960
FINCHDEAN SQUARE,12961
ALFORD AND MCLEVIN,12962
EGLINTON AND SPRINGHUR,12963
GRACE AND HARBOARD,12964
ROCKCLIF AND ROGERS,12965
ARB AND HUMBER COLLEGE,12966
ADELAIDE AND BATHURST STATION,12967
FINCH STATION E AND WARDEN,12968
LAWRENCE AND WILLIAM A,12969
BATHURST AND MONCLAIR,12970
FAYWOOD AND RINEER,12971
M AND PRINCES MARGARET,12972
LIBERTY AND QUEEN STATION,12973
DALEMOUN AND GLENCAIRN,12974
GARDINER AND JAMESON,12975
DANFORTH AND DAVIDS,12976
STEELES LOOP MART,12977
MEADOWVAL LOOP,12978
WILSON STATION GARAGE B,12979
LATHAM AND MIDLAND,12980
LAWRENCE STATION W AND LORI,12981
STEELES E AND YONGE,12982
REXDALE STEELES ON I,12983
ELVASTON AND SOLANE,12984
E AND HWY 427,12985
ATTWELL ANDE CARLINGVI,12986
EGLINTON AND LESLIE STATION E,12987
PROGRESS AT CENTE,12988
FINCH STATION E AND MILLIKEN,12989
DANFORTH AND SAVARI,12990
KIPLING STATION JOHN GARLAND,12991
COSBORN AND GREENWOOD STATION,12992
MEADOVALE AND SHEPPARD,12993
DON MILLS AND UNDERPAS,12994
ST NICHO AND WELLESLEY,12995
DUNDAS STATION W AND PRINCE ED,12996
ISLINGTON AND MAXWELL,12997
HIGHL AND OLD KINGSTON,12998
SPRINGDAL AND WOODBINE,12999
AND KIRKDEAN,13000
FINCH STATION W STATION U,13001
BORROW AND TRITON,13002
GRA AND GRANDRAVINE,13003
LEON AND SHEPPARD E,13004
ECOP AND SHEPPARD E,13005
DON MILLS STATION STATON,13006
EAST AND MABERLEY,13007
DAVE AND DUFFERIN,13008
BRIMLEY AND LARKHALL,13009
MAEADOWVA AND SHEPPARD,13010
KEEL AND THE POND,13011
DANFORTH AND MIDL,13012
MARINE PARADE AND SHOR,13013
COLONEL SAMUEL SMITTH,13014
ISLINGTON STATION BTWN SATTE,13015
CEDAR BR AND EGLINTON,13016
BENTWICK AND THISTLE,13017
CLEMENT AND KIPLING,13018
WOODBINE STATION RACE TRACK BU,13019
HIGHWAT 27 AND STEELES,13020
REXDALE AND TIDEMORE,13021
MORNINGSIDE ANF NIGHTS,13022
WILSON STATION STATIOBN,13023
CHERRY BEACH LOOP 255,13024
CHURCH ST WEST,13025
BALTIC AND DONLANDS,13026
FLEMINGDON PARK,13027
DON MILLS STATION THE ENT,13028
DON MILLS STATION EXPRESS,13029
BAYVIEW AND HOLMES,13030
BATHURST AND OLD ORCHA,13031
GOULDING AV AND PEKHAM,13032
CASTLEFIELD,13033
CALTHROP AND ELLESMERE,13034
BIRCHMOUNT AND IVY BUS,13035
STAMFORD AND VICTORIA,13036
WENDALL AND WILSON,13037
BATHURST STATION AND FORT YORK,13038
E MAL AND MALL,13039
CARDELL S AND WESTON,13040
GAILONG AND PARKWOODS,13041
COSBURN AND HLDON,13042
ATTWELL AND FARNBOR,13043
SHERWAY GARDENS MALLS,13044
CANA AND PRINCES GATE,13045
BLOOR AND BROADVIEW STATION,13046
BRIDLE PATH,13047
BRIDLEPAT AND LAWRENCE,13048
CHIL AND EGLINTON W,13049
FONTAINBLEAU AND HILDA,13050
BATHURST AND RIDGE,13051
BATHURST AND NEPTUNE D,13052
SURREY AND VICTORIA PA,13053
DUPONT STATION AND SHAW,13054
BELVIA AND HORNER,13055
BLOOR WEST AND DUFFERIN,13056
DENNISON AND JANE,13057
FINCH STATION W AND KIPLING,13058
KING STATION AND SHEPPARD E,13059
DUFFERIN AND,13060
DUNDAS STATION AND WESTMALL,13061
LAWRENCE STATION ANB MIDLAND STATION,13062
SCARBOROUGH TWON CEN,13063
CHAPLIN AND ORIOLE,13064
EGLINTON W AND GLEN,13065
ESPLANADE BETWEEN SHE,13066
DUNF AND EGLINTON E,13067
NEILSON AND OAK MEADOW,13068
FINC AND TANGIERS,13069
GREENCED AND LAWRENCE,13070
ST CLAIR AND WELLS HIL,13071
BAYVIEW AND COUNTRY,13072
HIGHLAND CREAK AND KIN,13073
HUMBER RIVER HOSPITAL,13074
BATHURST AND BEDFORD,13075
KIPLING AND RACINE,13076
RIVALDA AND SHEPPARD A,13077
MANSTOR AND QUEEN,13078
GUILD IN AND GUILDWOOD,13079
ROSELAWN AND YONGE,13080
CONSLIUM PLACE,13081
SHERBOURNE STATION RICHMOND,13082
EGLINTON W 59 PLA,13083
GARDINER EXPWY AND JAM,13084
CHAPLIN C AND EGLINTON,13085
JANE AND MAPLE,13086
ASHBORNE AND BLOOR,13087
ELLESMERE AND WARDEN STATION B,13088
YORKDALE STATION GO TE,13089
WARDEN STATION 902 TU,13090
FINCH AND HUMBERWOOD,13091
BROADVIEW AND MORTIMOR,13092
DANFORTH AND LANDRY,13093
BLOOR AND LANDOWNE,13094
SCARLETT ROUTE,13095
FIMCH STATION,13096
GALAXY AND INTERNATION,13097
CORPRATE AND MCCOWAN,13098
FINCH AND TORREDALE,13099
BURMUNDSY AND EGLINTON,13100
ELLESMERE AND SARATOGA,13101
BROADVIEW AND MONTCRES,13102
COXWELL AND EASTERN AV,13103
DUNDAS AND SPADINA STATION,13104
DUFFERIN AND MELBORNE,13105
YONGE BETWEEN SHERWOOD,13106
TURNBERRY CT AND YONGE,13107
AND EDMUND,13108
FIN AND FINCHDENE,13109
LAURLEAF AND STEELES,13110
OLD MILL STATION STAWTON,13111
LAWRENCE STATION W ROUTE,13112
DOLLOMITE AND DUFFERIN,13113
PARKLAWN AND QEW,13114
LAWRENCE AND WESXFORD,13115
MILITA AND MORNINGSTAR,13116
KENNEDY AND SHEPPARD E,13117
DUFFERIN STATION ST,13118
BRENYON AND SEWELS,13119
GALAXY,13120
AMIE AND KINGSTON,13121
TR AND WILLIAM R ALLEN,13122
MARTING GROVE AND REXD,13123
HAAVENVIE AND SHEPPARD,13124
GERRY FITZGERALD ANS S,13125
CLAIR AND HUDDERSFIELD,13126
HINTON BTWN HAREFIELD,13127
DUVAR AND LAWRENCE,13128
QUEENSWAY AND VANSCO,13129
BAY STATION AND RICHMOND,13130
SHEPPARD E AND WILF,13131
EGLINTON STATION ENTRA,13132
JONES AND LANE N Q,13133
BAYVIEW STATION AND MERCHANT,13134
BAYVIEW AND BAYVIEW STATION RI,13135
BAYVIEW STATION YORK MILLS STATION,13136
LYNVALLEY AND VICTORIA,13137
GERRARD AND OSBURN,13138
GERRARD STATION E AND MALVE,13139
UPJOHN AND YORK MILLS STATION,13140
CHANNEL NI AND MCCOWAN,13141
CLOSE AND QUEEN,13142
STEELES WEST AND WESTON,13143
BEACON HIL AND KIPLING,13144
SCARBOROUGH CENTENARY,13145
KIPLING STATION AND VIKING LN,13146
ROYAL YORK AND W MA,13147
GARY AND PORTAGE,13148
BREN AND EGLINTON E,13149
KENNEDY AND MALTA,13150
SHEPPARD E AND SHOR,13151
FOUNTIANBLEA AND HILDA,13152
TH AND VALHALLA INN,13153
CENTEN AND MURRAY ROSS,13154
BALLIOL AND FORMAN,13155
BATHURST STATION STATIO,13156
LAUREND AND YORK MILLS,13157
ALBION KIPLING STATION,13158
CRESCENT AND MOUNT PLE,13159
CHAPLIN CRES AND ROSEL,13160
BURM AND THE W MALL,13161
DENTON AND PHARMACY BW,13162
KIPLING STATION NORSE,13163
KINGSTON AND PORT UNION,13164
DAN AND GREENWOOD,13165
MELROSE AND ROYAL YORK STATION,13166
HWY AND HWY 427,13167
QUAIL VALL AND STEELES,13168
H AND MARINE PARADE,13169
SHERWAY GARDENS AN,13170
GLENCAIRN AND SHERMOUN,13171
EXBURY AND JANE AND PION,13172
CENTENNIA AND KINGSTON,13173
ELEANOR AV AND VAUGHAN,13174
FINCH STATION 60 BUS,13175
MT PLESANT AND SHERWOO,13176
BRAHMS AND FINCH STATION,13177
KENNEDY STATION LAYO,13178
FINCH AND WOLLOWDALE,13179
ADWICK AND FINCH,13180
PIONEED VILLAGE STATIO,13181
UFT SCARBOROUGH LOOP,13182
WEDGWOOD AND YONGE,13183
MCCOWAN AND NUGGETT,13184
RUNNYMEDE AND,13185
BARRI AND DANFORTH,13186
C AND PROMENADE CIRCLE,13187
ANCONA E O AND FINCH,13188
GREEN CRE AND LAWRENCE,13189
BLOOR AND S KINGSWAY,13190
BREC AND SHEPPARD E,13191
ARAG AND SHEPPARD E,13192
LAWRENCE STATION E AND PHAR,13193
COLINS AND SHEPPARD,13194
ALLEN AND LAWRENCE STATION,13195
GLEN STE AND SOUTHWOOD,13196
FARM GREE AND VICTORIA,13197
CLIFFWO AND DON MILLS,13198
CALLOWHILL AND WESTWAY,13199
SUNNYBROOK HOSPTIAL,13200
ROUGE HILL GO STATIN,13201
CRAIGTON AND RANNOC,13202
MEADOWVALE AND ZOO LO,13203
BEAC AND EGLINTON E,13204
OAKDALE AND TORBARRIE,13205
ELLESMERE AND MURIBANK,13206
LAPS AND SHEPPARD E,13207
HIGHGLEN AND KENNEDY,13208
FINCH STATION W AND TOPCLIF,13209
MORGAN AND OVERLEA,13210
BROWNSLINBE AND HORNER,13211
SYLIA AND WARDEN,13212
UOFT LOOP MILITARY TR,13213
SIGNAL HILL AND STREIN,13214
FINCH STATION W AND GOLDFIN,13215
KING AND RICHMOND,13216
CASTLETON AND ST CLAIR STATION,13217
DUPLEX AND YONGE,13218
SERVICE KENNEDY STATION,13219
SHEPPARD W AND YONG,13220
THE DON AND YORK MILLS,13221
HUNTINGWOOD CLUB AND KI,13222
JOHN AND SHEPPARD W,13223
DUFF AND EGLINTON E,13224
PLAINFORD AND WRIGHT,13225
BRIAR HI AND GLENCAIRN,13226
KIPLING STATION AND VIKING,13227
SHEPPARD AND YONGE WEST,13228
AVOCA AND MOUNT PLEASA,13229
SHALE AND STEELES,13230
MCCOWAN AND STEELES N,13231
CANADA LOOP,13232
COLLEGE STATION PARK S,13233
COSBOURNE AND WOODMOUN,13234
BATHURST STATION AND GREENWICH,13235
MARKHAM STEELES,13236
LAKESHORE GARGAE,13237
COLLE AND MORNING STAR,13238
DENNISON AND WYNFORD,13239
FREDERICK AND SENTINEL,13240
CONSUMER AND VICTORIA,13241
EXPLORER SHUTTLE,13242
QUEEN STATION QUAY W AND REES,13243
COMMERCE AND TRANSITWA,13244
UNIVRSITY OF TORONTO,13245
FERNMAR AND STEELES,13246
PAWNEE AND VICTORIA,13247
QUEBEC,13248
DUN AND HIGH PARK,13249
FRONT AND JARVIS,13250
BECHBOROUGH AND KEELE,13251
SHEPPARD AND TWYN,13252
NEILSON AND SHEPP,13253
QUEEN STATION PA AND WELLESLEY,13254
HORNCHURCH AND STEELES,13255
PORT UNION STATION,13256
BATHURST AND LAKESHORE,13257
KIP AND LAKESHORE,13258
WILSON STATION BETWEEN CORNELI,13259
DON LAKE BATHURST STATION,13260
BLOOR AND YONE,13261
STE AND VICTORIA PARK,13262
OXBOW,13263
SISKIN AND STAINE,13264
AND PRINCE ARTH,13265
CEDARVA AND STRATHMORE,13266
MIL AND OF T BUS LOOP,13267
ROGUE HILL LOOP,13268
EVANS AND GARROCH,13269
YORK MILLS STATION AT,13270
WEDGEWO AND WILLOWDALE,13271
NEWFOUNDL AND PRINCES,13272
GLEN PAR AND GLENCAIRN,13273
ELLESMERE AND MORNELIE,13274
BATHURST AND FRONT,13275
KENMARK AND KENNEDY STATION,13276
409 AND AIRPORT,13277
CARLAW AND COMMISONERS,13278
DANFORTH AND DUNSTON,13279
BELLMONT AND DAVENPORT,13280
HARBOUR AND OSSINGTON STATION,13281
EDILOU AND HRONER,13282
UOFT SCARBOROUGH,13283
STEELES BETWEEN YONGE,13284
LAWANCE AND YONGE,13285
PORTLAND AND WELLINGTO,13286
COXWELL STATION BETWEEN SAMMON,13287
BEECHWOOD AND CONNER,13288
BLACK BIRD AND FINCH,13289
DAWES AND TAYLOR CREEK,13290
KINGSTON AND SAND DOWN,13291
EG AND OLD FOREST HILL,13292
PAXTON AND ST CLAIR,13293
NIPIGON,13294
MARIPOS AND ST CLAIR STATION W,13295
CON AND VICTORIA PARK,13296
AND ELWOOD,13297
EARLSCOURT LOOP LANSD,13298
CHRUCH AND WESTON,13299
CEDARCREST AND FERRIS,13300
CH AND STEEPROCK,13301
JANE AND SOLKES,13302
MARLEE EGLINTON,13303
BURNHAMTH AND HWY 427,13304
BIRCHMOUNT AND HUNTINGTON,13305
JAMESON AND QUEEN STATION,13306
MEA AND MILITARY TRAIL,13307
PROPECT CEM AND ROGERS,13308
KIPLING STATION STATAION,13309
BICKNALL AND ROGERS,13310
HUMBERWOOD LOOP 19 3,13311
BLOOR AND HUMBER RIVE,13312
KEELE AND TOROR,13313
ST AND WARDEN,13314
WILSON STATION AN CLAYSON,13315
UOFT MILITARY TRAIL LO,13316
JESMOND AND VAUGHN,13317
HOME AND VICTORIA PARK,13318
MCPHERSON AND SPADINA STATION,13319
MORNINGSIDE AND NIELSO,13320
KEELE AND MAPLEAF,13321
DUMFORD AND RYLANDER,13322
BLOOR AND TREMOUNT,13323
BATAVIA AND PRITCHARD,13324
DANFORTH AND RO,13325
LLOYD MANOR AND N,13326
BATHURST AND LENNOX,13327
REXLEIGH AND ST CLA,13328
OAKWOOD AND ST CLA,13329
IRVING AND KEELE,13330
COMMERCE AND SKYMARK,13331
HOLL AND VICTORIA PARK,13332
427 HWY AND DUNDAS,13333
KIPLING AND MOUTN OLIV,13334
AVENUW AND BOMBAY,13335
PARLIAMENT BETWEEN,13336
DANFORTH AND O CONNOR,13337
CONNOR PAPE STATION WOO,13338
HARBORD SPADINA STATION O,13339
STEELES AN SHALE GATE,13340
ISLINGTON AND WESTHAMPTON,13341
WINDEMERE PLACE,13342
CENTENNIAL COLLAGE,13343
BOND AND QUEEN,13344
EGLINTON STATION JUST,13345
BAECREST AND THE WESTW,13346
CLEME AND MARTIN GROVE,13347
OF T MILITARY TRAIL,13348
EVEREST AND KINGSTON,13349
427 RAMP AND HWY 409,13350
O AND ROE LOOP,13351
WOOD MALL,13352
KEELE AND LANE S K,13353
MANIZIA AND POWELL,13354
THETHEWAY AND TODD BAY STATION,13355
BALGRAVE AND WILSON,13356
LITTLES AND SEWEL,13357
HOPSITAL AND RAAB,13358
INTERNATION CENTRE,13359
DUNDAS AND MUNROE,13360
AVON AND THE QUEENSWAY,13361
BRECKON GATE AND SHEPP,13362
CALEDONIA AND SHELL AV,13363
BROADLAN AND UNDERHILL,13364
BEACHAM AND KENNEDY STATION,13365
BLOOR AND DOVERCORT,13366
DEWSAN AND OSSINGTON,13367
ANTIBES AND DON LAKE,13368
GATEWAY AMD SUNNY GLEN,13369
DUNDAS AND VICTORIA E,13370
TRACK 19 MCNICOLL GARAG,13371
FERRIS,13372
KING STATION AND PRINCE EDWARD,13373
BELLAMY AND CEDERBRAE,13374
MORNINGSIDE AND SHEPP,13375
FAYWOOD AND REINER,13376
CHURCH AND WELLINGTON,13377
BLOOR AND TED ROGERS,13378
SCARBOROUGH COLLEGE STATION LOOP,13379
BAYVIEW AND BAYVIEW STATION M,13380
CONNOR AND WOODMOUNT,13381
HARWOOD AND KINGSTON,13382
LIVONIA AND NEILSON,13383
DANFORTH AND WOOYCR,13384
DENNIS AND WARDEN,13385
PLATNIUM AND TRETHEWEY,13386
CHRISTIE AND ESSEX,13387
GARNETT AND NINTH,13388
LANSDOWNE AND RIDEAU A,13389
BEFFORT AND WILSON STATION,13390
ALTAMONT AND FINCH,13391
COLLIONGS AND KINGSTON,13392
BUNBURY AND YORK MILLS,13393
MOULD AND PRITCHARD,13394
ALANTIC AND KING,13395
PIONEER VILLAGE STATION OLD,13396
BRENTCLIFFE AND EGLINTON,13397
NORTHCLIFF AND ST CLAI,13398
MACDONELL AND QUEE,13399
BIDEFORD AND WILSON,13400
WARDEN STATION BAY STATION,13401
THE WESTWAY AND WINNCO,13402
DIXON AND MARTIN GROV,13403
O AND OSSINGTON,13404
OLD FOR AND SPADINA,13405
ATRIUM LA AND SHEPPARD,13406
LEASIDE AND MILLWOOD,13407
ERINGATE AND WELLSWORT,13408
KEELE AND TRETHEWEY,13409
AIRPORT TERMINAL 3 DE,13410
LLOYD MANNOR AND N,13411
CRESCENT AND S ROAD,13412
HENRIETTA AND ST CLAIR STATION,13413
OCON AND VICTORIA PARK,13414
CHRISTIE AND ST CKLAIR,13415
EGLINTON STATOPM,13416
BATHURST AND CHABAD GA,13417
ALHAR AND THISTLE DOWN,13418
EGLINTON AND EMMETTE,13419
KENNEDY AND PENTLY CRE,13420
HUMBERLINE LOOP ALBI,13421
HUMBER LOOP QUEENSWAY,13422
LOCUST LDG WARDEN STATION,13423
KEELE AND WYNCOMBE,13424
KINGSLAK AND VAN HORNE,13425
TODD BAYLIS,13426
ENTERING TERMINAL 1 PE,13427
MALL AND VALHALLA,13428
BRIMLEY ELLES,13429
DON MILLS STATION EXIT,13430
GEORGE BROWN COLLEGE STATION,13431
DRIFTWOOD AND STEELES,13432
CIVIC CE AND MALL,13433
DANFORTH AND MAGNOILA,13434
AL AND YORK UNIVERSITY,13435
PENGELLY AND ST CLAIR,13436
VAUGHN AND WINONA,13437
BURNHAMTH AND WESTMALL,13438
CALEDONIA AND NORMA,13439
CUMMER AND RUDDINGTON,13440
KELVIN AND STEELES,13441
GRAYD AND GRAYDON HALL,13442
MAPLE LEAF AND ROADWAY,13443
ANNETTE AND DIMDAS,13444
MCNABB AND WARDEN,13445
BRAECREST AND THE THE,13446
BAYVIEW AND STEELES S,13447
AMZON FULFILLMENT CENT,13448
HUMBERWOOD LOOP AND VIE,13449
DEVERELL AND WINSTON P,13450
ELLESMERE AND PARKARD,13451
BELFIED AND CITY VIEW,13452
GARY RAY AND WESTON,13453
ALLEN AND OVERBROOK,13454
FINCH AND MIDLAND STATION EB,13455
ROYAL AND THE QUEENSWAY,13456
HUNTING WOOD AND MIDLAND STATION,13457
K AND VILLAGE GREEN SQ,13458
CORPORATE AND LEE C,13459
E SER AND ELLESMERE,13460
LESLIE AND VAN VORNE,13461
LAWRENCE AND OTTER,13462
JANE AND WEATHERRELL,13463
REGENT AND ROGERS,13464
CHECHALK AND WELLESLEY,13465
CHARTWEL AND QUEENSWAY,13466
FIR GROVE AND JANE,13467
CARPENTER AND STE,13468
DUNDAS STATION AND OAKLAND,13469
EVENS AND ROYLA YORK,13470
KINGS AND MORNING SIDE,13471
STEELES LOOP AT VIC P,13472
ST CLAIR AND WESTBOURN,13473
LAKESHORE AND NEW CHER,13474
HWY 427 AND R,13475
WOODBINE STATION MORTIMER TO,13476
CALEDONIA AND YYCOS,13477
KINGWA AND MORNINGSIDE,13478
JACK LAYTON WAY BRIDG,13479
KINGSTON AND OVERPASS,13480
THE EASTMALL AND YARN,13481
DRIFTWOOD AND GRAND RA,13482
COMMISSIONERS IN FRON,13483
JAMESON AND LAKESHORE,13484
LAWRENCE AND PARKLANE,13485
MARKHAM AND TURBINA,13486
MIDDLEFIED AND PEBBLEW,13487
ANNETTE AND CLENDENIN,13488
CORK AND DUFFERIN,13489
LIPTION AND PAPE,13490
MAPLEWOOD AND VAUGHN,13491
AIRPORT AND IRONSTONE,13492
LAWSON AND PORT UNION,13493
OVERLEA AND THONCLIFFE,13494
CONNOR AND DOHMNE,13495
OCONNOR AND ST CLAIR STATION,13496
MEADOWVALE AND PRINCE,13497
MIDDLEFIIELD LOOP,13498
CROMATRTY AND ELMHURST,13499
EARLSCOUR AND ST CLAIR,13500
ESTATE AND PROGRESS,13501
GERRARD AND ST MATHEWS,13502
MCNICOLL AND MYERS,13503
REDLEA CUL DU SAC,13504
KIRKHAM AND MARKHAM,13505
CONNOR AND CURITY AV,13506
ALTON TOW AND MC MCCOWAN,13507
EGLINTON W STATIO,13508
GLENCAIRN AND HARVEN,13509
GLIDER AND MIDLAND,13510
CENTENIAL COLLEGE STATION 903,13511
EWART AND KEELE,13512
ST CLAIR STATION PLE,13513
BERAGMOT AND REXDALE,13514
ELLESMERE STATION ANDE MCCOWAN STATION,13515
ALLOY AND ARROW,13516
WILLIAM CRAI AND YONGE,13517
MORRISH AND STARFIR,13518
CASTLE FI AND DUFFERIN,13519
OFF RAMP DUNDAS STATION,13520
GOREWAY AND MORNINGSTAR,13521
GIBBS AND THE E,13522
JACK AND MARTIN GROVE,13523
DON MILLS AND MOONSTON,13524
RUSSELL AND ST CLAIR,13525
SOUTHWO AND WILLIAMSON,13526
WARDEN STATION SATION,13527
EARLSCOURT AND ST CLAI,13528
OAK AND WESTERN,13529
BERGAMONT AND EGLINTON,13530
NUNAVUT AND PRINCE,13531
BLOOR AND WILLARD,13532
FINCH STATION AU LARGE,13533
SANDWELL AND WESTWAY,13534
MIDLAND AND SLOANE,13535
CHISWICK AND TRETHEWEY,13536
ERINGATE AND WELLESWOR,13537
SOUTHPORT AND WINDE,13538
ALNESS AND MARTIN ROSS,13539
BROADW AND MT PLEASANT,13540
BATHURST AND WOLSELEY,13541
ELLESMERE STATION ANMD MORNING,13542
CHIPSTEA AND YORK MILLS,13543
KELLYTHO AND UNDERHILL,13544
YORK AND YORKDALE,13545
CARRIER AND WESTMORE,13546
MI AND SCARBOROUGH LOOP,13547
KING AND SPADINA STATION,13548
WALKWAY AND WARDEN,13549
JACK LYTON AND ST MATT,13550
LAKE SH AND NEW CHERRY,13551
VIRGINIA AND WOODBINE,13552
DANFORTH AND GLENSHEP,13553
BLOOR AND RIVERSIDE,13554
FINCH AND MEADOWVALE,13555
SPADINA STATION BUS PLATFORM,13556
KENNEDY STATION ANND PROGRESS,13557
SHERWAY GARDENS GATE,13558
FALAISE AND KINGSTON,13559
LAWSON AND MIDDLEVALE,13560
NORTHLAND A AND WESTON,13561
PHEASANT AND RATHBURN,13562
QUEENSWAY AND WELLESLEY,13563
CONNOR AND MORTIMER,13564
CLAXTON AND FERRIS,13565
KINGSTON AND SANDOW,13566
BULLOCK AND MAIN,13567
KIPLING AND LEERMOUNT,13568
MARTIN GROVE AND TO,13569
DOV ALTMAN AND WESTOVE,13570
BATHURST STATION AND RIDELLE,13571
DRIFTWOOD AND STONG CO,13572
CUMMER AND RUDDINTON,13573
CENNTENIAL HOSPTIAL LO,13574
CORUS AND WARDEN,13575
FIMCH AND HUMBERWOOD,13576
FUNCH AND WESTON,13577
CHAMPANE AND FINCH,13578
BATHURST STATION AND CHABAD,13579
CHAPLIN AND RUSSELL HI,13580
KINGSTON AND SCARBOROUGH G,13581
CRESENT AND LAMPORT,13582
SHAUGHESS AND SHEPPARD,13583
HWY 27 AND ROAYLCREST,13584
STEELES LOOP W,13585
BERMON AND CONNOR,13586
AMADALE AND JANE,13587
MORNINGVIEW TRAIL AND S,13588
ELMHURST AND ISLING,13589
DELW AND VICTORIA PARK,13590
EASTREN AND QUEEN STATION,13591
GENTHORN A AND KIPLING,13592
MARKHAM R AND MCNICOLL,13593
BELLAMY AND CORPORT,13594
COLLIN AND KINGSTON,13595
FINCH AND WILSON STATION,13596
KEELE AND YUKON,13597
KIPLING AND RATHUBURN,13598
BURNATHOR AND EASTMALL,13599
HUMBER WOOD LOOP,13600
KIPLING AND TORLAKE CR,13601
PARADE AND PARKLAWN,13602
BAYVIEW AND MCRAE,13603
DON MILLS STATION AND HAVENBROOK,13604
INDUSTRIAL AND LAIRD,13605
FINCH AND STRACHAN,13606
MCNAUGHTON AND VIC,13607
CHESNUT AND ISLINGTON,13608
ESPLANADE AND FREDRICK,13609
ANNETT AND KEELE,13610
DANFORTH BETWEEN MONA,13611
BRIDGEPO AND BROADVIEW,13612
OF T CAMPUS MILITARY,13613
YORK MILLS STATION STAION,13614
BLOOR AND WELLESLEY,13615
COLLINS AND SHEPPARD,13616
HAUCKNALL AND SENTINEL,13617
MILLVAN AND PAN,13618
CAMERON AND KEELE,13619
LUND AND OLD DUNDAS,13620
LESLIE AND SOUTHWELL,13621
LAWRE AND MIDLAND,13622
OVE AND THRONCLIFFE PK,13623
CONVAI AND RENFORTH,13624
FENS AND YORK MILLS,13625
G AND PARKWOOD VILLAGE,13626
LESLIE STATION S AND WICKSTEED,13627
PARLIAMENT AND SPRUCE,13628
WILSON STATION HEIGHT BLVED AN,13629
ALNES AND STEELES,13630
AND PRINCE A,13631
NORFINCH AND WESTON,13632
12TH AND GARNETT JANE,13633
FENELON AND GRAYDON H,13634
EASTERN AND MINTO,13635
BETH NEI AND WICKSTEED,13636
BATHURST STATION AND YONGE,13637
GERRARD AND TAILBURN P,13638
STANLEY GREENE AND THO,13639
LAWRENCE STATION E AND OR,13640
OAK STR AND PARLIAMENT,13641
FOUR WIND AND SENTINEL,13642
ARLETA AND TINA,13643
CONNER AND DOHME,13644
HIGH AND KINGSTON,13645
HOLLEY AND WESTON,13646
LAKESHORE ANE MIMICO,13647
RO AND ROCKCLIFFE,13648
WARDEN STATION STAION,13649
LAWRENCE AND VIC PARK,13650
HAYNES AND POND,13651
CONSOL AND QUEENSWAY,13652
BROADVIEW STATION AND PRETORIA,13653
ESANDER AND LAIRD,13654
MAIN AND SWANLAKE,13655
EGLINTON AND RYLANDER,13656
LODESTAR,13657
SERVICE AND ST ALBANS,13658
STEELES AND TURFF,13659
SIGNALL HILL AND STEIN,13660
DANFORTH AND MEDFOR,13661
PRINCES S GATE LOOP,13662
ROYAL YORK AND STANLEA,13663
LUNDY AND WARRREN,13664
BARTETT AND DUPONT,13665
PARLIAMENT AND ST DAVID,13666
DEEP DEN AND ELLESMERE,13667
BLOOR AND DURIE W,13668
NEVILLE LOOP,13669
NORFINTH,13670
FINCH STATION ANC WESTON,13671
NEPTUENA AND RAJAH,13672
KEELE AND LLYOD,13673
BRIMLEY AND SHADDOCK,13674
DIXO AND MARTING GROVE,13675
BERRY AND MINSTREL,13676
GUILDWPPD AND KINGSTON,13677
HOLMES AND WILLOWDALE,13678
ALBION BETWEEN WESTON,13679
GEORGE AND MIMICO,13680
WESTWOOD MALL BUS LOOP,13681
MARKANNA D AND MARKHAM,13682
DUNDAS STATION S AND MALL,13683
LANDSDOWNE STATION,13684
HILLCREST GATE,13685
PATRICK AND VIC P,13686
CADORNA AND CONNOR,13687
JANE AND SHOREHAME,13688
KINGS WAY AND KIPLING,13689
MCNICOLL AND TIFFIELD,13690
BRIMLEY AND CHARTLAND,13691
EARNEST DOC AND WESTON,13692
BELFIELD AND MCCULLOCH,13693
DANFORTH AND VARIETY V,13694
KINGSTON AND VARI,13695
MIDLAND STATION LAWRE,13696
DENTON AND MADELAI,13697
EMMITT AND VERONA,13698
HILLRIC AND HUMBERWOOD,13699
EGLINTON E AND KEN,13700
LANSDOWNE STATION AND WILSON,13701
MALL AND N QUE,13702
GERRARD STATION AND JARVIS,13703
EPPING AND THE WESTWAY,13704
KIPLING AND STEINWAY,13705
DEADEND AND FELSTAD,13706
BURMONDSE AND EGLINTON,13707
HI AND QUEEN STATION PLATE,13708
SA AND THE BRIDLE PATH,13709
LOCUST LDG GDNS AND S,13710
NIGHTSTAR AND WHARSBY,13711
ASTORIA AND BAYLISS,13712
LOWER AND UPPER CANADA,13713
BAYVIEW AND BRICKWORDS,13714
MARTIN AND REXDALE,13715
KIPLING STATION STATOION,13716
ALBION AND HWY 427,13717
GARDINER AND LEGION,13718
GREENDALE AND LAMBTON,13719
OAKWOOD AND VAUGHHAN,13720
FINCH STATION AND TOLLERTON,13721
CHAP AND ORIAL,13722
KODIAK CRES,13723
HARRISFAM AND SHEPPARD,13724
ISLINGTON STATION STATON,13725
DUFFERIN AND SYLVAN S,13726
BROADVIEW AND OCONNOR,13727
BRIMLEY AND MINERVA,13728
BAYVIEW AND FLEMING,13729
RUNNYMEDE STATION OUT,13730
WOODBINE STATION RACE TRACK LOO,13731
ATTWELL AND MCLACHLAN,13732
DUFFERIN AND KENARD,13733
FINCH AND SCOTTFIELD E,13734
DUNDAS STATION W STATOPN,13735
DAYTON AND QUEENSWAY,13736
MI AND OLD KINGSTON,13737
ARCADE AND LA ROSE,13738
GOWAN AND PAPE STATION,13739
BLOOR AND KINSCOURT,13740
BIRCHMOUNT AND HUNTIGWOOD,13741
NEWF AND PRINCESS,13742
ST CLAIR STATION LO,13743
QUEEN AND SHORNCLIFF,13744
WILSON STATION WILSON STATION,13745
GL AND MAJOR MACKENZIE,13746
LOOP ROE L,13747
WYNF AND WYNFORD,13748
NEILSON ELLES,13749
FINCH AND RED ROBIN WA,13750
CACTUS AND GREEN B,13751
IDIAN GROVE AND KEELE,13752
CHICORY AND STAINES,13753
MCCOWAN AND MIDDLEDFIE,13754
KINGSTON AND QUEENBURY,13755
ELLESMERE AND PARK WOO,13756
COSBURN AND GLENDHILL,13757
SCARBOROUGH CENTRE SAT,13758
BRENYON EAY AND PIONEE,13759
CASTLEBURY AND LESLIE,13760
CHAMPAGN AND CHESSWOOD,13761
DIXIE AND MISSISSAUGA,13762
ENGLE WOO AND ST CLAIR,13763
KIPLING AND MT OLIVE D,13764
MILLW AND OVERLEA,13765
AND HEATH,13766
DIFFEROM AND LAWRENCE STATION,13767
CONNOR AND DERWYN,13768
BRIMLEY AND PIFTELD,13769
ALBION AND THISLTE DOW,13770
COE AND THE QUEENSWAY,13771
BLACK AND TODD BAYLIS,13772
B AND KENNEDY,13773
MARTING GR AND STEELES,13774
GLENG AND MT PLEASANT,13775
DUNDAS STATION WEST STATION AND SCARLETT,13776
BIRCHMOUNT AND HUNTINGW,13777
OCONNOR AND WARLAND,13778
BRADSTOCK AND HABITANT,13779
FINCH AND HUMBER CVOLL,13780
DREWEY AND HILDA,13781
DUFFERIN AND TAPSCOTT,13782
LAWRENCE AND MARIANFEL,13783
KINGS AND SOUTHWOOD,13784
BRICKWORKS,13785
PARKWOOD VILLAGE AND Y,13786
HIGHLAND PARK AND KING STATION,13787
PRINCE S AND STRACHAN,13788
B AND BAY STATION BAY,13789
ELM HURST AND ISLINGTON STATION,13790
CLOSE AND SPRINGHURTS,13791
BELLVUE AND WESTON,13792
HUMBER H AND OLD DUNDAS,13793
CONNER AND CRANBOURN,13794
BRYDON AND REXDALE,13795
DANFORTH AND MADELAINE,13796
COXWELL STATION OUTSI,13797
HUNTINGWOOD AND KINGSTON,13798
LAWRENCE AND OLYMPICS,13799
PARK AND SHARPE,13800
SHEPPARD E AND WAR,13801
MARTIN GROVE AND RONSO,13802
DURNFORD AND TALLPINES,13803
OLD W AND ROGERS,13804
BATHURST AND DOWNS,13805
MORNINGSIDE AND OLD FIN,13806
FRESHM AND TOWNSEND,13807
DUNDAS STATION AND SHORECLIFFE,13808
KIPLING STATION AND VIKING LANE,13809
CHURCH AND WESTON R,13810
BARLETT AND DUPONT,13811
ARREOW GARAGE,13812
WARDEN STATION DN EGLINTON,13813
DOWNSVIEW AND STANELY,13814
AVEUNE AND EGLINTON,13815
E AND OVERLEA,13816
LESLIE AND LESMIL,13817
ALBANS AND W SERVIC,13818
MARSHALL MCLUHAN HIGH,13819
ANGSLEY AND ROYAL YORK,13820
LAKE SH AND SHERBOURNE,13821
SOUTHPORT AND WINDRMER,13822
MARTING AND RICHGROVE,13823
AIRPORT TERMINAL 1,13824
ALBI AND MARTINB GROVE,13825
SHEPP ARD E,13826
OSSINGTON STATION ANBD DUNDAS STATION,13827
CHESTER STATION AND PHARMACY,13828
MARTIN GROVE AND PRINC,13829
AMBERCR AND BIRCHMOUNT,13830
MILATARY TRIAL AND MOR,13831
MARKHAM NU,13832
WILLINGDON,13833
HUMBER COLLEGE STATION LAKESHO,13834
FINCH AND TANGEERS,13835
DUNDAS AND HOWARD PARK,13836
COLINS GROVE AND KINGS,13837
ALTON TOWER AND MCCOWAN STATION,13838
SCARBOROUGH CENTRE STATI,13839
BROOKMER AND ELMHURST,13840
PHARMACY BETWEEN FLOR,13841
GUNN BUILDING,13842
BLOOR AND HAVELOCK,13843
VALANTI AND YORK MILLS,13844
GITSPUR AND JANE STATION,13845
ANNETTE AND HIGH PARK STATION,13846
MARTIN GROVE AND WATERB,13847
LA PEER AND MCNICOLL,13848
PRINCE S GATES CNE,13849
COLONEL SAMUAEL SMITH,13850
HWY AND MEADOWVALE,13851
BILLY BISHOP WAY AND D,13852
GORDAN MACKAY AND JANE,13853
CONOR AND ST CLAIR STATION,13854
COLLEGE AND DOVERCOURT,13855
ROGERS AND WESTON R,13856
MAMMOTH T AND WASHBURN,13857
BEACHGROV AND KINGSTON,13858
KENNEDY STATION EXIT,13859
EGLINTON AND SERVICE,13860
EGLI AND MARTIN GROOVE,13861
ALBION AND CARRIER LOOP,13862
ATANTIC AND KING STATION,13863
KINGSTON AND WINDYRIDG,13864
KEELE STATION STATON,13865
K AND KENNEDY STATION PARKETTE,13866
AU LARGE BLV AND FINCH,13867
ALLEN RAM AND YORKDALE,13868
ROGUE HILL GO,13869
BATHURST AND TRANSWELL,13870
BLAKEMANOR AND E PA,13871
HIGH PARK STATION BUS,13872
ALBION AND ROVERDALE,13873
ELLESMERE AND GREAT WEST,13874
DUFFERIN AND SPRINGHUH,13875
CLYE AND VICTORIA PARK,13876
KIMBARK AND LAWRENCE STATION W,13877
BLACK CREEK AND EGL,13878
COLONEL SMAUEL SMITH P,13879
TOWNSEND AND YELLOW BI,13880
DUFFERIN AND MACKAY,13881
DONO AND VICTORIA PARK,13882
FORTEITH AND LAKESHORE,13883
OLD WESTON AND TU,13884
COLERIANE AND MCCOWAN,13885
CORPORATE AND TOYOTA P,13886
ISLINGTON STATION BETWEEN EGLI,13887
CROW TRAIL AND WHITELE,13888
STEPHEN AND WHITWORTH,13889
CHRISTIE AND ZIGGY LN,13890
RECTORY AND WESTON,13891
DON MILLS AND O CCONOR,13892
401 EXIT AND WILSON,13893
INNE AND VICTORIA PARK,13894
KINGSTON AND ST C,13895
BAYVIEW AND,13896
UPPER HUMBER,13897
DRIFTWOOD AND TOPCLISS,13898
HIGHWA AND MAIN STREET,13899
KING STATION AND ROYAL YORK,13900
MILT AND THE QUEENSWAY,13901
WILLIAM ALLEN,13902
MILLIT AND MORNINGSIDE,13903
KENNEDY STATION LAWRE,13904
MAJOR MACKE AND MINGAY,13905
FENCSIDE AND YORK MILL,13906
RUGH HILL GO,13907
BRIMLEY AND TRITAN,13908
QUEEN STATION ST W AND SHAW,13909
OVERLEA AT THE COS,13910
KENNEDY AND RANSTON,13911
SHERWAY GRADENS BUS TE,13912
AND MARTIN AND STEELES,13913
ALLENFO AND BIRCHMOUNT,13914
PIONEER VIL AND WILSON,13915
WILSON STATION PIONEER VILL,13916
BRAMBLEBROOK AND MCNIC,13917
DUFFERIN AND EVERSFEIL,13918
THE WESTWOOD MALL,13919
TERMINAL 1 PEARSON GR,13920
NUNAVUT AND PRINCESS,13921
ONTARIO AND PRINCESS,13922
PIONEER VILLAGHE STATI,13923
DON AND LAWRENCE STATION E,13924
MCNICOLL KENNEDY STATION,13925
LAWRENCE STATION AND LITTLE,13926
AND YONGE AND STEELES,13927
OLD FINCH AND WANDERIN,13928
STEELES AND T AND YONGE,13929
DUFFERIN STATION CASTLEFIELD,13930
SYLVAN VALLEYWAY,13931
BAYVIEW STATION POST,13932
CHURCH AND VICTORY,13933
BIRCHMOUNT AND ZENITH,13934
BIRCHMOUNT AND MCCOWAN,13935
ISLINGTON STATION AND THE W,13936
HWY 404 AND MCNICOLL,13937
OSSINGTON STATION STAATION,13938
CORDONA AND DUNDAS,13939
SCARBOROUGH GRACE HOSP,13940
COLONEL SMITH PARK,13941
PORTLAND AND WINDSOR,13942
MANTIS AND STEELES,13943
QUEEN AND RYERSON,13944
DANFORTH AND DUNSTAN,13945
CANADA AND PRINCES,13946
ERNEST DOCK AND WESTON,13947
WESTON TORYORK,13948
MEADOWALE LOOP,13949
DON ROADW AND VILLIERS,13950
EGLINTON AND FORMAN AV,13951
PASSMORE AND SILVERSTA,13952
BATHURST AND HADDINGTO,13953
DUPONT STATION LOO AND STEELES,13954
CARRYING AND CROW TRAI,13955
BARKERFIELD,13956
VAUGHAN AND WINNOA,13957
CARLETO AND SHERBOURNE,13958
EGLINTON BETWEEN MIRAN,13959
ROAYL YORK AND WESTWAY,13960
ALBANY AND BLOOR,13961
NOTTINGHILL GATE AND W,13962
LAWRENCE STATION E AND RAL,13963
GERRARD STATION AND JOHN S,13964
DON AND FRESHMEADOW,13965
DRIFTWOOD AND YEW TREE,13966
ANGLESEY AND ROYA,13967
SHERRY N O AND WARDEN,13968
JANE STATION W O AND STEELES,13969
LOWER COXWELL STATION AND QUEEN,13970
RAYMORE AND SCARLETT,13971
JUNCTION ROAD AND KEELE,13972
FIREGROVE AND JANE,13973
DAVENPORT ROUTE,13974
BOSTON AND QUEEN,13975
LAWRENCE STATION E LOOP,13976
CANADA AND PRINCESS BL,13977
COOPERAGE AND FONT,13978
BIRCHMOUNT AND ST CLAIR STATION,13979
N WO AND ST CLAIR,13980
NOVA SC AND NUNAVUT,13981
ERS AND MOUNT PLEASANT,13982
AIRPORT T 1,13983
GUILDWOOD AND LIVI,13984
NORTHLAN AND WESTON,13985
BRIDGLAND AND GO TERMINAL,13986
EGLINTON AND WYNFORD D,13987
EMMET AND VERONA A,13988
N AND ROYAL YORK,13989
N D AND ROYAL YORK,13990
LAWRENCE STATION RT STATION,13991
MARTIN GROVE AND RATHBU,13992
PIONEER VILLAGE STATION VILLAG,13993
BAYVIEW AND DAWLISH AV,13994
ELLESMERE AND GANDER D,13995
WILSON STATION HEIGHTS BUS,13996
HWY27 AND QUEEN STATION PLATE,13997
WESTON N ROUT,13998
ST LUKE AND WELLESLEY STATION,13999
SCARBOROUGH TOWNE CENTE,14000
MARKHAM AND PROGR,14001
GOO AND WILSON STATION HEIGHTS,14002
BAYVIEW STATION RIDGE,14003
PELLATT,14004
KIPLING AND NORSEMAN S,14005
YORK GENERAL,14006
DANFORTH JU AND PAPE,14007
HOOVER AND POND,14008
FENSIDE D AND LYNEDOCK,14009
ALBION AND MARTIN,14010
DON MILLS AND MOGUL DO,14011
OAKWOOD AND REGGAE,14012
QUEEN STATION QUAY YO,14013
ELLESMERE AND JOLLY WA,14014
COATSWO AND PARLIAMENT,14015
ELLESMERE AND FENSIDE,14016
LAKESHO AND THIRTHEETH,14017
DUNRAVEN AND KEELE,14018
MURRAY AND STEELES,14019
ORIOLE AND TRA,14020
E AND KANE,14021
DUFFERIN STATION AAND FINCH STATION,14022
COLONEL SAM LOOP AND K,14023
BOLING BR AND LAWRENCE,14024
DAVENPORT AND LANDSDOWNE,14025
DUNDAS STATION AND ROYLA YORK,14026
MEADOWVALE AND MUIRBAN,14027
COLLEGE STATION AND LANDSDOWNE,14028
LANDSDOWNE AND WHYTOCK,14029
BURNHILL RO AND WARDEN,14030
MCCOWAN STATION AND PITFIELD,14031
EGLINTON BRIMLEY,14032
WYCHWOOD VAUGHAN ON,14033
GERRARD STATION AND PAPE,14034
AND QUEEN STATION S PAR,14035
AND QUEEN STATION PARK,14036
66 4662 KINGSTON,14037
LAKE SHORE AND PARK LA,14038
EGLINTON AND YONGE E,14039
WARDEN STATION DANFORTH,14040
DENTON AND VICTORIA PK,14041
KIPLING STATION AND RATHBURNE,14042
APEX AND LAWRENCE STATION,14043
NIGHTST AND POGONIA,14044
WILSON STATION TEMPORARY B,14045
KING AND PORTLAND,14046
REDLEA STEELES,14047
DANFORTH AND MAC AV,14048
BATHURST STATION AN WILSON STATION,14049
N Y AND YORK MILLS,14050
MURRARY RO AND STEELES,14051
EGLINTON JUST ROY,14052
BARYMORE AND LAWRENCE,14053
KEELE AND SCOTT,14054
AIRPORT AND HULL,14055
GREAT OAK AND ISLINGTON,14056
KINSDALE AND PARK LAWN,14057
BLACK HAWK AND STEELES,14058
WESTMALL,14059
DUNDAS STATION S AND OSSINGTON,14060
ASSINIBOIN AND SENITEL,14061
BRIMLEY AND WENLOCK,14062
TORRENS PAP,14063
MORNINGSIDE LAWRENCE STATION,14064
BLOOR AND HARCROFT,14065
ISLINGTON AND LA ROSE,14066
DUFFERIN AND KEY W,14067
EGLINTON AND WINCOTT D,14068
MALVERN WOODS,14069
UNIVERSITY TORONTO SCA,14070
SILVERDALE AND YORK MILLS STATION,14071
BERTRAM AND KENNEDY,14072
OF T SCARB COLLEGE STATION L,14073
KING AND TECUMSETH,14074
FINCH AND WIMINGTON,14075
LESLIE STATION N AND SHEPPARD,14076
CANMOTOR AND ISLINGTON,14077
ARROW AND BARTER,14078
MA AND NOVA SCOTIA,14079
DENARDA AND WESTON,14080
INDUSTRY AND MT DENNI,14081
AND ORIOLE P,14082
JONES AND RAVINA,14083
BRIMHORTON AND MARKHAM,14084
JENKINSON AND LAWRENCE,14085
DRIFTWOOD AND WILSON STATION,14086
CARL HAL AND CHESSWOOD,14087
N QUE AND QUEENSWAY,14088
BATHURST AND DONLAKE,14089
FO AND LAKE SHORE,14090
ALBION AND EDGEBROOK D,14091
BROWNS LINES AND WOODB,14092
CLENDEN AND DUNDAS STATION ST W,14093
JANE STATION 846 PM,14094
MCCORNACK AND WESTON,14095
HERRON AND ST CLAIR STATION E,14096
HUCKNELL AND SENTINEL,14097
KNIGHT AND MORTIMER,14098
MEADOWVALE AND OLD FIN,14099
FITZGERALD AND STEELES,14100
CONCORD AND CONCORDE PL,14101
LA ROSE,14102
RENFORTH AND TRANSWAY,14103
CAS AND LAMBTON,14104
SHEPPARD E ROUTE,14105
LANSDOWNE AND WYTHOCK,14106
BRIM AND EGLINTON,14107
THE W MALL DUNDAS STATION,14108
OUTSIDE WOODBINE STATION STATI,14109
COXWELL STATION AND EGLINTON,14110
DANFORTH AND SEMI,14111
INNIS AND PHARMACY,14112
CONNOR AND ST HUMBER,14113
CHRISTIE AND EPWORTH M,14114
DURFORD AND SHEPPARD,14115
ESPLANADE AND SCOTT,14116
AMORO AND HUMBER,14117
CHICHESTE AND SHEPPARD,14118
KEELE STATION ROUTE,14119
JARVIS AND SHERBOURNE,14120
GORMLE AND ORIOLE,14121
BRICKWORKS AND DONVALL,14122
PIONEER VIALLAGE STATI,14123
KENNEDY AND LANSDOWNE STATION,14124
ELLES AND MORRISH,14125
THE WESTWAY AND WINCOT,14126
JANE AND PEARSON PARK,14127
EASTMALL AND EGLINTON,14128
ACADIA AND STEELES AND WEST,14129
KIPLING AND WIDDICONMB,14130
COXWELL AND SPRINDALE,14131
CALVINGTON AND FORTHBR,14132
BELLAMY AND MARTINDALE,14133
GOL AND MOUNT PLEASANT,14134
BLACK CRE AND SCARLETT,14135
KEELE AND LONBOROUGH,14136
MORNINGSIDE AND RENNIE,14137
PROGRESS AND SENTINEL,14138
BATHURST AND ELLERSELI,14139
CRESENT TOWN AND VICTO,14140
BELFIELD AND CITY VIEW,14141
ORIOLE AND ROSELAWN,14142
ORIOLE PA AND ROSELAWN,14143
BOXDEENE AND MCNICOLL,14144
DAWLIS AND MT PLEASANT,14145
JASPER AND WESTON,14146
HERON HIL AND SHEPPARD,14147
BATHURST AND,14148
MORNI AND MORNING VIEW,14149
BLAKEMA AND MARKHAM,14150
HARON HIL AND SHEPPARD,14151
BEAVER AND DUFFERIN,14152
DUNELL AND EGLINTON,14153
SENTINEL AND SHARPECRO,14154
DANFORTH AND SYBLEY AV,14155
DON MILLS AND GREYDON,14156
CUMMER AND FLEMING DRI,14157
TAPSC AND WASHBURN WAY,14158
ROYAL YOR AND WAY,14159
STEELES AND TURRF,14160
DON AND PREMIER DAVIS,14161
E AVEN AND SHEPPARD,14162
BAMBURG CIR AND WARDEN,14163
BATHURST AND ELOERSLIE,14164
WILSON STATION HEIGHTS STAGING,14165
WILSON STATION PARKING LOT,14166
SCARLETT AND ST CLA,14167
BASEBOROUGH AND SUTHER,14168
MARKHAM AND S UNIO,14169
HILLARY AND ROGERS,14170
ROBINA AND ST CLAIR STATION WEST STATION,14171
GORDONBAK AND PHARMACY,14172
ALANTIC AND KING STATION,14173
METRO TORONTO ZOO LOOP,14174
LAURALEAF AND STEELES,14175
DOCKSIDE AND PARLIAMENT,14176
HWY 427 ON COLLECT,14177
FALLSTAFF AND JANE,14178
ISLINGTON AND LAKESHORE,14179
FERN AND YORK MILLS,14180
FINCH AND LARGE,14181
EARNSCLIFF AND OAKWOOD,14182
GLENHURST AND ST CLAIR,14183
COSBURN BETWEEN LOGAN,14184
OLD DUNDAS AND VERSITY,14185
LAKE SHORE AND MARINE,14186
FINCH AND TOBERMOREY,14187
EGLI AND MARTIN GROVE,14188
WILSON STATION HEIGHTS TEMPORA,14189
ALBION MALL AND FINCH,14190
EGLINTON AND LILLAN,14191
EASTERN AND PAPE STATION,14192
MCCOWAN AND MELDEZY,14193
BRADWAY AND YONGE,14194
KIPLING AND NORSEMANE,14195
DERRYD AND GRANDRAVINE,14196
LIPTON OUTSIDE O,14197
EGLINTON W AND SCOTT,14198
STEELES AND WHITMAN,14199
SOUDAN OUTS AND YONGE,14200
BLOOR AND TRAYMORE CRE,14201
GLENDOR AND YONGE,14202
BATH AND SHALLMAR,14203
SAULTER AND VILLIERS,14204
PETER,14205
OXBOW RO AND YORK MILLS,14206
BIRCHMOUNT AND SCARDEN,14207
STEELES AND VIC PARK,14208
CONER AND KIPLING STATION,14209
DUNDAS STATION W AND RUNNYM,14210
BATHURST STATION AND GREEWNWIN,14211
FINCH STATION AND NEWGALE GT,14212
CACTUS AND CONNAUGHT A,14213
ENTR AND NOTHWEST GATE,14214
GOREWAY AND MORNING,14215
FINCH STATION OAKDALE,14216
THORNCLIFFE PARK A,14217
GARYRAY AND ROSSD,14218
MAJOR M AND WARDEN,14219
DANFORTH E AND MIDL,14220
KENNEDY STATION OFFLOA,14221
SCARBOROUGH CENNTENARY,14222
GREENSPIR AND MC MCLEVIN,14223
FRESHMEADOW AND SPIRE,14224
GIBSON AND WRIGTH,14225
ENTRANCE R AND REXDALE,14226
SKYLARK AND VANSTASSEN,14227
GARYRA AND ROSSDEAN,14228
SA AND THE BRIDAL PATH,14229
END AND HUMBERWOOD LOOP,14230
AGA KHAN AND GERVAIS,14231
GRAYSTON AND ISLINGTON,14232
CASBRI AND MORNINGSIDE,14233
FINCH AND PETWORTH,14234
HAVENVIEW,14235
BIRCHMOUNT AND INCH,14236
SPADINA STATION SPARET,14237
FINCH STATION BETWEEN HWY,14238
WILSON STATION ALBION,14239
BRIMLEY AND WENLOCK GA,14240
ROYAL YORK AND USHER,14241
16TH AND HWY 48,14242
B AND NEW WESTMINISTER,14243
DUFFE AND STEELES W,14244
BLOOR AND CONCORD BE,14245
SENTINEL COLLEGE STATION,14246
OAK AND SHEPPARD E,14247
COXWELL STATION STRATION,14248
KINGSTON AND SOUTHW,14249
CNE EXHIBITION,14250
ELMHURST AND KIPLING STATION,14251
CEDERVALE AND DANFORTH,14252
OAKWOOD AND REGAL,14253
HANNAF AND KINGSTON,14254
7TH AND LAKE SHORE,14255
ELLESMERE STATION R AND WARDEN,14256
THIORNCLIFFE PARK,14257
GORDON BAKER AND SPARK,14258
LANSDOWNE STATION ANMD BRIDGEL,14259
BROADVIEW AND COSBURNE,14260
EGLINTON N W STATION,14261
EGLINTON STAION,14262
MAKANNA AND MARKHAM,14263
ROYAL YORK STATION ANDTHE QUEE,14264
CAPTAINS W AND MIDLAND,14265
ALTON TOWER AND MCCOWAN,14266
BUSHBUR AND LAURENTIDE,14267
BAIN AND PAPR,14268
DRIFTWOOD BETWWEN WILM,14269
LAWRENCE STATION AND STEELES,14270
JANE AND PENDEEN,14271
CALEDONIA AND ORF,14272
DYNEVOR AND EGLINTON,14273
CARLAW AND COLEGATE,14274
KEELE AND POND,14275
KEELE AND THE POND ROAD,14276
FINCH STATION W STAION,14277
BRIMLEY AND EGLINTON E,14278
ISLINGTON AND POPLAR,14279
BIRCHMOUNT AND CANADIAN,14280
APPLE CREEK AND WARDEN,14281
MILLWOOD AND VILLAGE,14282
BUMBERLINE AND HUMBER,14283
FINCH AND HWY 400 AND OAK,14284
DUFFERIN AND ST C,14285
SHEPPARD AND WILLMINGT,14286
ELLESMERE STATION RT STATION,14287
ARCOT AND TRANDRIDGE,14288
GLENBURN AND ST CLAIR STATION,14289
MORNINGSIDE AND N IGHT,14290
HUMBERWOOD AND VIEW G,14291
CALDY CO AND FIFESHIRE,14292
EGLINTON AND MAYFAIR A,14293
ARROW GARAGE TRACK 2,14294
REXDALE AND WOODBINE STATION,14295
BUSHB AND MCCOWAN STATION,14296
JASMOND AND OAKWOOD,14297
SERVICE AT,14298
STEELES LOOP MARTIN G,14299
FENMAR SIGNET,14300
ATTWELL AND BARMAC,14301
HOWA AND NORTWEST GATE,14302
GAL AND GUILDWOOD,14303
DON MILLS STATIONS,14304
CIRCUIT AND GREENBRAE,14305
MORRISH AND STARFIRE,14306
CHERRY AND VILLIERS,14307
ALLEN AND FLEMINGTON,14308
HOPTRE AND MANTIS,14309
SUNNYBROOK HOSPITAL P,14310
JOHN AND QUEEN,14311
SERVICE O,14312
FRAZIER AND LIBERTY,14313
DUFFERIN STATION ADN KING STATION,14314
BLACKCREEK AND WESTON,14315
MANCHEST AND OSSINGTON,14316
GLEN LAKE AND KEEL,14317
LANARK AND OAKWOOD,14318
KENWOOD AV AND VAUGHAN,14319
ST CLAIR AND WARD,14320
DOCKSIDE LOOP QUEEN STATION,14321
HWY 427 AND JET LINER,14322
B AND DUNDAS STATION W,14323
GARDENE AND ROYAL YORK,14324
CHARLKFARM AND JANE,14325
SILVERST AND YORK MILLS,14326
DANFORTH AND ST DUNSTA,14327
ST AND W GATE,14328
OUTLOOK AND ROCKCLIFFE,14329
DANFORTH AND LOWER COX,14330
QUEEN STATION QUAY AND YONG,14331
SH AND WILLIAM R ALLEN,14332
ARLET AND JOHN LINDSAY,14333
BERMAC AND STEELES,14334
CANA AND PRINCESS,14335
ALTONTOWER AND MCCOWAN,14336
CROW TRAI AND NEILSON,14337
ROGERS AND WESTON A,14338
MIDLAND AND SAFARI,14339
LAWRENCE AND SCARB,14340
BATHURST AND PRUE,14341
BICKNELLS AND ROGERS,14342
CENNTENIAL PARK AND EG,14343
BERMONDSEY AND HOLLING,14344
WILSON STATION HEIGHTS LOT GO,14345
E AV AND LAWRENCE STATION E,14346
HWY 427 SB RAMP TO,14347
DON MILLS AND MOGUL N,14348
DANFORTH AND LAMB,14349
GREEN CEDA AND MARKHAM,14350
BATHURST STATION AND DERWRY,14351
FINCH STATION AND VICTORIA PK,14352
DANFORD AND MIDLAND STATION,14353
MORNINGSIDE AND TAMS R,14354
MARSHALL MCLAUHAN H S,14355
MORTIMER,14356
INDUSTRY ST,14357
CEDARLAND AND WARDEN,14358
GREAT OAK,14359
AND QUEEN STATION S PARK,14360
NORFINCH D AND STEELES,14361
PIOMNEER VILLAGE STATI,14362
BENDOME AND GRENOBLE,14363
LAWRENCE STATION E AND MEAD,14364
HUMBER AND INDIAN LINE,14365
MAYBROOK AND NEWMILL,14366
ANTIBIES AND TORRESDAL,14367
DON MILLS AND ELLESMERE STATION,14368
HARBORD AND HURON,14369
JOE SHUSTER W AND KING,14370
BLOOR AND MAJOR,14371
ST CLAIR STATION W AND W,14372
FAYWOOD AND INVERMAY,14373
ST CLAIR STATION W AND VAUGHAN,14374
KEELE STATION STAION,14375
LAWRENCE STATION E RT STATI,14376
PARK AND SANDOWN,14377
HWY 48 AND ROUGE,14378
CENTENNITAL COLLEGE STATION LO,14379
SHEPPARD WEST STATION AND YUKON,14380
SHEPPARD NAD PHARMACY,14381
DAVENPORT AN OLD WESTON,14382
BATHURST STATION AND ROSELWAN,14383
PIOEER VILLAGE STATION,14384
FIFTEEN AND LAKE SHORE,14385
DANNISON AND JANE,14386
EMMIT ADN VERONA,14387
FLE AND MANITOBA,14388
ROEHAMPTON AND YONGE,14389
FINCH AND THE 400,14390
PHARMACY AND RANNOCK S,14391
BRIMLEY AND ST CLAIR STATION A,14392
DYNAMID AND MCNICOLL,14393
BURKE AND DREWRY,14394
BATHURST AND GREENWIN V,14395
THE WESTWAY CALLOWHILL,14396
DON MILLS AND DUNCAN,14397
STEELES AND WAGNERS WEST,14398
BAYVIEW STATION AND BRICKWORKS,14399
AND TRITON AND MCCOWAN,14400
ROSEBANK,14401
SHEPPARD AMD MIDLAND STATION,14402
PAPE AND QUEEN STATION,14403
CORDOVA AND MABELLA,14404
WELLESWORTH AND WESTWA,14405
GARRATT AND PLEWES,14406
FINCH AND WALKWAY F,14407
CATAL AND MORNING STAR,14408
ATKINSON AND ROSE HEIG,14409
BRICKWOOKS LOOP,14410
COLONAL SAMUEL SMITH P,14411
PETHILL AND WILSON,14412
MELBERT AND RATHBURN,14413
PIONEE VILLAGE STATION,14414
BLOOR AND FOREST VIEW,14415
THORNCLIFFE PARK JEN,14416
HILKDA AND STEELES,14417
KINGSTON AND LEE,14418
WIND AND WINDERMERE PL,14419
ALLIANE AND ROCKCLIFFE,14420
ORIOLE AND OXT,14421
EGLINTON AND TORRENCE,14422
VALLEY WOOD,14423
SPINNEY AND YORK MILLS,14424
EGLINTON AND OLD W,14425
HUMBER AND REXDALE RAMP,14426
MARKHAM AND TUXIDO,14427
BROWNSLINE AND LAKESHO,14428
BOOTH AND JONES,14429
KINGSTON AND MARK,14430
MCCO AND PITFIELD,14431
HUMBER B AND WESTON,14432
GUNNS LOOP ST CLAIR STATION,14433
VILLAGE GATE SQUARE LO,14434
EGLINTON AND VISTA,14435
EGLINTON AND RUSSELL H,14436
ALBRI AND BROWN S LINE,14437
FINCH AND ROMEFIELD,14438
FENN AND YORK MILL,14439
LAWRENCE AND TREEMONT,14440
FINCHDEEN SQUARE,14441
ELLESMERE STATION AND MILITARY,14442
MAPLE LEAF AND QUEEN STATION,14443
LUNDY A AND OLD DUNDAS,14444
FORTHBRID AND HEATHROW,14445
TANDRIDGE CRES,14446
EGLINTON AND MUNICIPLE,14447
WILSON STATION TEMPORARY BUS B,14448
ALLISTER AND KINGSTON,14449
KINGSTON AND PINE RIDGE,14450
BIMBROOK AND EGLINTON,14451
CHURCH AND KING,14452
SHERBOURNE AND WEST,14453
CHURCHILL AND VICT,14454
EGLINTON AND SHORTT,14455
GARRATT AND POWEL,14456
PIONEER VLG STATION,14457
KINGSTON AND LAWRE,14458
JOHN DURY AND SHEPPARD,14459
KINGS AND LAWRENCE,14460
LIBERTY AND,14461
PRINCESS AND,14462
MCCOWAN AND ST ANDREWS,14463
QUEEN AND YONGE,14464
HILDE AND STEELES,14465
COSBURN I AND HALDON,14466
GERRY FITS AND STEELES,14467
DUNDAS STATION BETWEEN CORDOVA,14468
GUILDWOOD AND KING STATION,14469
OF T SCARBOROUGH COL,14470
LIMESTONE CRES,14471
VALLEYWOOD AND YORK MI,14472
BELLAMY R AND KINGSTON,14473
ISLINGTON AND W WAY,14474
FINCH AND PELICAN,14475
ISLAND AND PORT UNI,14476
BRIMLEY STEELES,14477
QUEENSWAY AND ST LAWR,14478
BATHURST AND WARWICK A,14479
HOUNSLOW AND ST CLAIR,14480
EXHIBITION,14481
EXHIBITION PLACE,14482
DATCHET AND HEATHROW,14483
EGLINTON AND TARITON,14484
MIDLAND AND S AND STEELES,14485
FINCH AND SENECA COLLE,14486
VAUGHAN BETWEEN GLE,14487
COXWELL AND MILVERTON,14488
BAYLAND AND KIPLING,14489
MARRTIN GROVE AND W,14490
HWY 16 AND MARKHAM,14491
SISKEN AND STAINES,14492
TANGIERS,14493
MONTRESSOR AND TOON CR,14494
LAWSON HIGHLAND CREEK,14495
ERINGATE AND WELLESWO,14496
JEFFE AND LIBERTY,14497
BRADSTOCK AND WILSON,14498
MALVERN,14499
DUNDAS AND RUNNYMEDE STATION R,14500
KING STATION GEOR AND TRENTWAY,14501
ONTAR AND WELLESLEY,14502
SHEPPARD AV E,14503
THE DONWAY W,14504
WOODBINE STATION CASINO ROADWAY,14505
BROADVIEW STATION AND EASTERN,14506
EGLINTON AND WESTON RO,14507
ROGERS LOO AND WESTON,14508
DAVISVILLE STATION W,14509
MARKHAM AND MORNINGSIDE,14510
YONGE AAND DUNDAS STATION,14511
BATHURST AND NIAGRA,14512
AMAZON FULFULLMENT CEN,14513
BROWNS LINE AND JELLICO,14514
YORD RI AND YORK MILLS,14515
BURNAM AND HWY 427,14516
EGLINTON AND HEDDLINGT,14517
THE QUEENSWAY AND ZORR,14518
CUMMER AND PINEWAY BLV,14519
SILVER STAR,14520
LINK AND TOURNAMENT,14521
CHAPLIN CRES AND RUSSE,14522
GRAND RAVIEN AND KEELE STATION,14523
LINKS AND TOURNAMENT D,14524
BATHURST STATION AND TICHESTER,14525
MARTIN GROVE AND POPPY,14526
MARTIN GROOVE AND REXD,14527
BES AND SOUTHERLAND,14528
MLAVERN WOODS,14529
QUEEN STATION QUAY E AND YONGE,14530
OVERLEA AND THORNC,14531
LONG BRA AND QUEEN STATION WAY,14532
HUMBERWOOD AND MAPLEW,14533
MACLENNAN AND ROXBOROU,14534
HIGHLAND AND SHOLSIDE,14535
DUFF AND YORKDALE,14536
SHALLMAR,14537
L AND MORNIGVIEW TRAIL,14538
STEELES AMD STAINES,14539
ROXBORO AND SCHOLFIELD,14540
STAINES RO AND STEELES,14541
BATHURST AND LONSDALE R,14542
CLEVELAND AND EGLINTON,14543
12TH STR AND LAKESHORE,14544
WILSON STATION SUBWAY,14545
LAWRENCE STATION W STATIONQ,14546
BRAZIL AND ISLINGTON,14547
SEWELLS BRIDGE,14548
MARKHAM MILNER,14549
WILSON STATION TEMP BUS BAY STATION,14550
DIX AND ONTARIO HWY 27,14551
MARKHAM AND PANINTED P,14552
ST DENNIS BETWEEN LI,14553
401 AND KINGSTON,14554
BROWN AND SHEPPARD,14555
EGLINTON W AND MAX,14556
LAKESHORE AND MIM,14557
CASTLE KNOCK AND WILLO,14558
EVANS AND N CA,14559
BATHURST AND CODSWELL,14560
401 AND DON MILLS,14561
SHEPPARD W AND TUSC,14562
FEN AND LYNEDOCK CREST,14563
CLOVELLY AND OSSINGTON,14564
BATHU AND GREENWIN VLG,14565
BRIMLEY AND HEATHER N,14566
CELE AND KINGSTON,14567
ELLESMERE STATION AND MC MCCOWAN,14568
JANE STATION PIONEE,14569
ADAI AND VICTORIA PARK,14570
LAWRENCE AND MT PLEAS,14571
ELLESMERE STATION AND PARKINGTON,14572
WILLIAMSON AND WINOVA,14573
EGLINTON MARTI,14574
MARIS SEP AND SHEPPARD,14575
LIBERTY AND WESTERN BA,14576
BETWE AND LIBERTY,14577
HWY 400 STEELES,14578
LIBERTY AND W,14579
CREI AND VICTORIA PARK,14580
BRENTCLIFF AND EGLINTON,14581
CALEDONIA AND LAMBERT,14582
BRUTON AND COXWELL,14583
BROADVIEW AND BROWING,14584
BURNAMTHORP AND DUNDAS,14585
STEELES 7 AND WARDEN,14586
BROADOAKS AND JANE,14587
BISCAYNE AND VICTORIA,14588
HWY 400 BETWEEN SHEPPARD,14589
CANADINE R AND MIDLAND,14590
HOME AND MANIZA,14591
CALICO AND GILTSPUR,14592
BRAECRE AND ROYAL YORK,14593
IAN MCDONALD AND N,14594
38 STRE AND LAKE SHORE,14595
LOOP MORNINGSTAR,14596
LOWCREST BL AND WARDEN,14597
CORLEY AV AND WOODBINE,14598
YONGE SHEPPARD STATIO,14599
BAYV AND STEELES E,14600
CHURCH AND CROSS,14601
DEAN PAR AND MEADOWVALE,14602
DAIRYD AND GRANDRAVINE,14603
TODD B AND TRETHEWEY,14604
BURHAMTHORPE AND DUNDAS STATION,14605
RONDALE AND VARNA,14606
FIRVALLEY,14607
BARR AND WESTON,14608
LAWRENCE STATION E AND MCC,14609
DON WWOODS D AND YONGE,14610
AND YONG AND STEELES LOOP,14611
LAKE SHORE AND ROYAL Y,14612
SHEPPARD W HO,14613
SCARBOROUGH LOOP AND UOFT,14614
MCNICOLL AND ZIRCON,14615
LAKESHORE AND QUEEN STATION Q,14616
BATHURST STATION SND ST CLAIR STATION,14617
QUEEN AND THE E M,14618
BARNSLEY AND WARDEN,14619
EXBITION AND NOVA SCOTI,14620
AND B,14621
HIDDEN AND STEELES,14622
LEBOVIC ACE,14623
HUMMBERSIDE AND KEELE,14624
ST DENN AND WYNFORD,14625
CHESTWOOD AND FINCH STATION W,14626
AIRPORT AND ORLANDO,14627
LITTL AND MORNING VIEW,14628
VICTORIA PARK STATION EGLINTON,14629
ATAHABASKA AND YONGE,14630
GLEN AND HIGHLAND,14631
COUGA AND MARKHAM,14632
DUNDONALD BETWEEN YON,14633
EGLINTON AND ORIOL PAR,14634
RUNNYMEDE STATION STAION,14635
FINCH STATION AND HUMBERLNE,14636
CHAPLIN CRESCENT AND Y,14637
HWY 401 APPROACHIN,14638
COC AND WILSON STATION HEIGHTS,14639
ANTIBES AND PLUMTREE,14640
CODS AND WILLINMGTIONN,14641
HEYDON AND YONGE,14642
MOUNT PLEASANT LOOP 8,14643
MCCORMAC AND WESTON,14644
CLUNY AND CRESENT,14645
GATEWAY B AND GRENOBLE,14646
COLBOURNE AND GARDINER,14647
FRONT B AND PARLIAMENT,14648
BANTING A AND SHEPPARD,14649
GLENCAIRN AND MARLEE B,14650
CRANBERRY AND NIGHSTAR,14651
BOLLINGBR AND LAWRENCE,14652
HO AND W GATE,14653
LOOP MCCOWAN AND STEELES,14654
FINCHDENE SQAUARE,14655
LIBERTY AND LYN,14656
BATHURST AND MASCOD,14657
LANDSDOWNE AND QUEEN STATION,14658
HI AND YORK MILLS,14659
BUDD SUGARMAN PARK,14660
CROTIA AND DUFFERIN,14661
HWY 401 AND PROGRESS,14662
DON AND FRESH MEADOW,14663
KENNEDY AND STEELES S,14664
FRANK AND OLD KINGSTON,14665
MCNICOLL BRAHMS,14666
ALLAMEADE AND RATHBURN,14667
RICHWOOD AND WRIGHT,14668
BARMACK AND STEELES,14669
LESL AND MCNICOLL,14670
DUNDAS AND OLD OAK,14671
DORVAL AND EDNA,14672
BATHURST AND CARP,14673
HUMBER LOOP AND THE QUE,14674
ALLEN AND KENNARD,14675
AND DUNBAR,14676
OSSINGTON AND SPADINA STATION,14677
ESTELLE W AND FINCH,14678
RANEE AND YORKDALE STATION,14679
COLL AND OSSINGTON,14680
DUFFERIN AND LIVINGSTO,14681
CNE EASTERN ENTRANCE,14682
BAYVIEW AND MOORE AVEN,14683
DIXON AND MARTIN GR,14684
SHEPPARD STATION AND YONGE,14685
DUNDAS STATION B AND JANE AND W,14686
FREY CRESCENT,14687
BRIMLEY AND MC MCNICOLL,14688
JANE AND JOHN S,14689
JANE STATION AND PINE,14690
COSBURN AND DONLANDS STATION A,14691
KEELE AND YORK,14692
BURNHAMTHORPE AND H,14693
EGLINTON E AND LESLIE,14694
THORNCLIFFE PARK PAST,14695
COXBURN AND COXWELL STATION,14696
MILNER AND SCUMTHORPE,14697
BATHURST AND ELM,14698
MCCOWAN AND SAVARIN,14699
KINGLEY AND SYMINGTON,14700
DODDINGTO AND PARKLAWN,14701
STEELES AND YONGE W O,14702
LAIRD AND MCCRAE,14703
DUFFERIN AND GIBSON S,14704
BRE AND EGLINTON E,14705
MARKHAM AND PAINT,14706
BATHURST AND GLEN GROV,14707
DRRERY AND YONGE,14708
ARROWTRAFFIC OFFICE,14709
SYKES AND WESTON,14710
EDLIOU AND HORNER,14711
WILSON STATION HEIGHTS AN,14712
OAKWOOD AND STRAIDER,14713
BATHURST STATION EA AND FINCH,14714
PARKSIDE LAKESHOR,14715
YORK STATION,14716
ST CLAIR STATION W STATIONS,14717
CURRAN AND FERRIS,14718
EL AND MEADOWVALE,14719
ALLE AND YORKDALE,14720
AITR PORT AND JETLI,14721
MAD AND PAUL MARTEL PK,14722
JANE AND PINEHILL,14723
GUILWO AND KINGSTON,14724
B AND DONLANDS,14725
MCCOWAN STATION SRT STATION,14726
LOC AND STANLEY GREENE,14727
BAYVIEW AND ST LEONARD,14728
ATHEBASKA AND YONGE,14729
BERMAC,14730
DANFORTH AND SIBLEY AV,14731
DUFFERIN AND E LIBE,14732
FAIRVIEW AND SHEPPARD,14733
DANFORTH BIRCHMOUNT,14734
16 AND MAJOR MACKENZIE,14735
DAY AND ROGERS,14736
JENKINSON WAY,14737
ALB AND WALSH AND WESTON,14738
COULTER AND W,14739
EGLIN AND MARYIN GROVE,14740
MARINE PARADE AND,14741
AYLESWO AND BIRCHMOUNT,14742
MARINE PARADE LOOP,14743
JANE AND YEETREE,14744
LAWRENCE STATION E SRT STAT,14745
MAIN STREEET STATION,14746
STEELES AND YONGE BUS,14747
GERRY GITZGERALD AND S,14748
UPPER HIGHLAND CRES AN,14749
BRIDLE AND FINCH STATION E,14750
KENNEDY AND ST CLAI,14751
NOV AND QUEEN,14752
HUMBERWOOD AND LOO,14753
EGLINTON W AND MAR,14754
HWY 409 AND MARTIN GRO,14755
FREEMONT AND LAWRENCE,14756
MUNRO AND QUEEN,14757
DUFFERIN AND SAMON,14758
SHEPP AND TORBARRIE,14759
HAGERVI AND RANGOON,14760
EDDYSTONE AND JANE STATION,14761
BRECK AND MURISON,14762
CENNENNIAL COLLEGE STATION P,14763
LINDON AND SHERBOURNE,14764
FIRVALL AND WARDEN,14765
FIRVALLEY AND WARDEN STATION,14766
IAN MCDONALD AND THE C,14767
RATHBURN AND WESTMALL,14768
SHALMAR BEFORE BATHU,14769
CALVINGTON,14770
OLD WESTON AND ST CLAIR STATION,14771
BATHURST AND ELLERS,14772
RIC AND WILLOWRIDGE,14773
BELFORD AND DUPONT,14774
DUFFERIN AND PRESTO,14775
FINCH AND WESTON WEST,14776
LAKESHORE AND THIRTY E,14777
BINSWOOD AND COSBURN,14778
EDGAR AND WILSON,14779
DIX AND ST PHILLIPS,14780
KENNEDY STATION LOCATION,14781
KIPLING STATION PRINCESS M,14782
DRIFTWOOD AND STONG CT,14783
REDLEA CUL SE SAC,14784
LAWRENCE STATION E AND VIC,14785
CHRISTIE STATION ANE JUST NORTH,14786
ELLESMERE AND MEADO,14787
KEN AND LAWRENCE STATION E,14788
ANGUS GLEN LOOP,14789
CHESTWOOD AND FINCH,14790
FLEMMINGTON AND RANEE,14791
JANE STATION AND WILLIAM CRAGG,14792
MARTIN GROVE AND STEELES L,14793
GIBBS AND THE E MAL,14794
OUTSIDE QUEENSWAY DIVI,14795
RENFORTH STATION TERMINAL 50,14796
KNAPP LANE DOCKSI,14797
DOWNVIEW PK AND KEELE,14798
PRINCE S GATE,14799
COLLECTOR,14800
LIPTON AND PAPE STATION STATIO,14801
MATTHEWS GA AND WILSON,14802
ST CLEMENTS AND YONGE,14803
SHEPPARD E A,14804
CONSILIUM AND COPORATE,14805
PAPE AND TORREN,14806
CANADA BL AND MANITOBA,14807
GARDINER EXIT LAKES,14808
OXFORD D AND WESTON,14809
BLAKEMANNO AND MARKHAM,14810
WILLIAM CRAS AND YONGE,14811
DIXON AND MCAUTHER,14812
DAWES AND FERRRIS,14813
BATHURST AND WELLINGTO,14814
KEELE AND WYCOMBE R,14815
SHEPPARD E AND WEST,14816
PIONEER VIILAGE STATIO,14817
MORNINGSIDE AND NI,14818
EGLIN AND TRETHEWEY,14819
LAWRENCE STATION E AND WAR,14820
DANF AND ST CLAIR,14821
CANYON AND SHEPPARD,14822
FINCH AND PELICAN GATE,14823
EGLINTON BLUE NIGHT,14824
ELLESMERE AND MORRI,14825
SHA AND SHEPPARD E,14826
ISLINGTON AND JUDS,14827
FARR AND KIPLING,14828
KEELE AND VICTORY D,14829
DUNDAS STATION W STATION E,14830
SCARDEN AND WARDEN,14831
LUMSDEN AND OAKPARK,14832
CHURCH AND THE ESPL,14833
MAXOME AND WEDGEWOOD,14834
BLOOR AND RED ROCKET,14835
ALBION JUST AND FINCH,14836
NIGHTSTAR AND POGON,14837
HERON S H AND SHEPPARD,14838
WILSON AND YORK,14839
BARMAC D AND ORMONT,14840
ANNETT AND DUNDAS STATION ST W,14841
BATHURST AND STRATH,14842
ELM AND WILLOWDALE,14843
EGLINTON W AND VES,14844
DUBLIN AND MARKHAM,14845
DON MILLS AND ST DE,14846
YORK UNIVERSITY STATION ROADWAY,14847
BATHURST AND ST GERMAI,14848
ST CLAIR STATION W AND WARDEN,14849
MANIZA AND SPALDING,14850
MARY AND STEELES E,14851
EGLINTON E AND WAR,14852
GOLFDALE AND YONGE,14853
ARL AND GRANDRAVINE,14854
GOSWELL RO AND KIPLING,14855
DON MI AND SENECA HILL,14856
MEADOWVIL AND SHEPPARD,14857
MURRAY ROSS AND YORK UNIVERSITY,14858
AMAZON FULLILMENT CENT,14859
REVCOE AND WILLOWDALE,14860
MARKHAM AND SCRANTON,14861
NEVILLE P AND QUEEN,14862
WILSON STATION DIVISON,14863
CLOVEL AND OAKWOOD,14864
N Q AND SHORNCLIFF,14865
LAWR AND PORT UNION,14866
O HARA AND QUEEN,14867
SYMINGTON,14868
ALLIANNCE AND JANE STATION,14869
BATHURST AND RIDELLE A,14870
FORD S AND ST CLAIRE W,14871
FINCH STATION 69746,14872
MCLEVIN AND SWELLS,14873
BURNHAMTHROPE AND MART,14874
ORCHID AND PROGRESS,14875
CHRUCH AND WILLOWDALE,14876
MARKHAM AND NUGGENT,14877
PA AND YORK MILLS,14878
BRICK WORKS YARD,14879
PARKWOODS AND YORK MIL,14880
CORNELL AV AND JANE,14881
LANSDOW AND QUEEN STATION ST W,14882
BRAECREST AND THE,14883
SHEPPARD E AND WA,14884
BEVER AND UNDERHILL,14885
MALL CRES AND THE,14886
MALL AND THE W,14887
N AND THE QUEENSWAY,14888
GITSBUR AND JANE STATION,14889
CASTLE AND DUFFERIN,14890
CARWAL AND QUEEN STATION S,14891
CORAL GA AND WESTON,14892
BLACK AND WESTON,14893
BERRY AND PARK LA,14894
OAKDALE AND REGGAE,14895
LAKESHORE W AND WIN,14896
EGLINTON AND S SERVICE,14897
AIRPORT R AND DERRY,14898
JETLINER ND AIRPORT,14899
KEELE STATION AND WILSON STATION AE,14900
GREENHEDGES CT,14901
SOUT AND THE QUEENSWAY,14902
BAT AND LAWRENCE STATION W,14903
RAMP DUNDAS STATION,14904
FIR AND LLOYD MANOR,14905
ASHCROFT AND STEELES,14906
HOW AND NORTHWEST GATE,14907
MC MCNICOLL AND MIDLAND,14908
JANE AND SHEPPARD A,14909
ANGASEY AND KINGSWAY,14910
BLOOR AND ROSEDALE STATION VAL,14911
DOCK SIDE AND QUEEN STATION Q,14912
GRANTOWN AND MORRISH,14913
BAYVIEW AND HARGRAVE L,14914
CRESENT AND ROSEDALE STATION,14915
SCUNTHROR AND SHEPPARD,14916
COLLEGE STATION AND LASDOWNE,14917
MURISON AND USHERWOOD,14918
BREMORTIN AND LI,14919
FINCH AND MCNICOLL,14920
SHERWAY WARDEN STATION LOOP,14921
OLD SWEATS LANE,14922
DONCASTER BETWEEN MAIN,14923
KENN AND STEELES E,14924
GOLF AND ISLINGTON,14925
ANGL AND THE KINGS WAY,14926
MCCOWAN AND MIDDLEF,14927
BELLAMY AND BRIMORTON,14928
FORDWICH AND HINTON,14929
GUNN BUILDING 3RD FLOO,14930
DONMIL AND FRESHMEADOW,14931
GARDINER EXPRESSWAY BE,14932
DERRYD AND SENTINEL,14933
DUND AND LANSDOWNE,14934
GERRY FITZGERALD AN,14935
FINCH STATION W AND HUMBER,14936
GORDA AND HAROLD EVANS,14937
MO AND MORNINGSIDE,14938
LAKSHORE AND WOODBINE,14939
HOMER AND KIPLING,14940
ORMON AND WESTON,14941
CARLAW AND DUNDAS STATION S,14942
ARR AND SHEPPARD W,14943
FINCH STATION AV AND WESTON,14944
MURRAY R AND SHOREHAM,14945
SHEYWAY GARDENS,14946
EGLINTON W AND KEE,14947
BIRCHMOUNT AND FINC,14948
CABERN AND MARTIN GROVE,14949
CENNTENNIAL COLLEGE STATION LO,14950
DUNNFIELD AND EGLINTON,14951
NEW EGLINTON GARAGE,14952
WAGGONERS WELLS LANE A,14953
BIRCHMOUNT AND BONIS A,14954
EGLINTON AND LEBOV,14955
BARBADO AND EGLINTON E,14956
FULL ROUTE,14957
CAITHNESS AND STRATHMO,14958
MC MCNICOLL AND TAPSCOTT,14959
LITTLELES AND SEWELLS,14960
FRONT UNIVERSITY,14961
JANE STATION AND STANLEY,14962
ALEXMUIR BLV AND FINCH,14963
BLACKTHRO AND EGLINTON,14964
FROST AND KIPLING,14965
ROGERS,14966
JOHN TABOR TRAIL,14967
HWY 401 AND KIPLING,14968
LAWRENCE STATION W AND WEST,14969
HILDENBORO SQUARE,14970
SOUT AND WILLIAMSON,14971
DUFFERIN AND SPRING,14972
BATH AND STEELES W,14973
CALVINGTO AND KEELE,14974
ARL AND SHEPPARD W,14975
HUDDLESTON AND SANTAMO,14976
BAYVIEW AND THE BR,14977
ELLESM AND MEADOWVALLE,14978
PLEASENT,14979
CHURCHHILL AND YONGE,14980
SANDY HAVEN,14981
ROXBOROUGH T AND YONGE,14982
GARDINER AND ROYAL YOR,14983
BAY STATION AND QUEEN STATION QUAY W,14984
MORNINGSIDE AND RA,14985
FINCH AND WESTON R,14986
DUF AND LAWRENCE STATION W,14987
HOWARD MOSCOW AND NORT,14988
MORNINGSIDE AND SH,14989
BIRCHMOUNT AND HUNTINGWOOD,14990
WALSH AV AND WESTON,14991
COSBURN A AND PAPE,14992
AGATE R AND WILSON,14993
ANGLESSEY AND ROY,14994
BAT AND ST CLAIR STATION W,14995
BENTWO AND DUFFERIN,14996
GREENBR AND MARKHAM,14997
JEFF AND MARTIN GROVE,14998
EGLINTON E AND KIN,14999
NIGHTSTAR AND PEGONIA,15000
OVERLEA AND THRONCHIFFE,15001
EVERMEDE AND ROYWOOD,15002
MALVERN YARD,15003
STEELES AND WARDEN STATION LEEP,15004
CASTLEFIE AND YONGE,15005
MORNI AND NIGHTSTAR,15006
ANGESLEY AND KINGSWAY,15007
BRIMORT AND MARKHAM,15008
DUNDAS AND ST JOHNS,15009
JANE AND WILLAM CRAGG,15010
FOUNTAINHEAD AND SENTI,15011
DALLNER ROAD AND WILSON,15012
AIRPORT AND HWY 409,15013
EGLINTON CREDIT U,15014
STEELES LO AND WARDEN,15015
BROAD OAKS AND KEELE,15016
LAWRENCE STATION W AND PIN,15017
YORKDALE STATION BUS TERMINAL,15018
COXWELL AND KING STATION HORN,15019
CALEDONIA AND GLENCA,15020
NOVA AND PRINCES,15021
BARMARC AND STEELES,15022
LAKE AND THIRTY NINTH,15023
PINOEER VILLAGE STATIO,15024
DUNDAS AND QUEBECK,15025
THORNCLIFFEE PARK A,15026
GEN AND WELLESWORTH,15027
HUNTINGWOOD AND P,15028
ARGYLE S AND OSSINGTON,15029
CHESSWOOD AND STEEP,15030
AUCKLAND AND ST ALBANS,15031
BRIMORTIN AND MCCOWAN,15032
EGLINTON GLENHAVEN,15033
PEARSON AIRPORT TERNIN,15034
CALEDONIA AND CARTWIRG,15035
OAK AND YORK,15036
EGLINTON E AND TOR,15037
MEADOWDALE LOOP,15038
ALNE AND STEELES W,15039
ROYAL YORK AND THE KIN,15040
APPLE C AND WARDEN,15041
BAYVIEW STATION AND FINCH STATION E,15042
EMPRIN AND MCLEVIN,15043
SHEPPARD ADN MEADOWVAL,15044
BROADVIEW STATION AND PERTORIA,15045
EMMETT AND LAXIS,15046
FINCH STATION W AND OAKDAL,15047
ALLIANCE A AND JANE,15048
MILIOTARY TRAIL AND MO,15049
KEN AND SHEPPARD E,15050
ONTA AND PRINCES,15051
BATHURST AND CODSEL,15052
DIXON AND SKYWAY AV,15053
TORONTO ZOO STOP,15054
DON MI AND FINCH STATION E,15055
CENTE AND PROGRESS,15056
CANADA AND STRACHAN,15057
EGLINTON W AND KIPL,15058
CHURC AND WOODS,15059
LAWRENCE STATION SRT STATION,15060
BATHURST STATION AND EGLINTON W,15061
EXBURY AND JANE STATION,15062
DANFORTH AND LAUREL,15063
BIRCHMOUNT AND ELLE,15064
HUMBER AND LOUVAI,15065
LIN AND ST CLAIR STATION E,15066
CED AND EGLINTON E,15067
FINCH STATION E AND SANDHU,15068
JANE AND ST CLAIR STATION A,15069
PROGRESS AND SHEPP,15070
DUFFERIN AND VAUGHAN,15071
COXWELL AND MEMORIAL,15072
SHEPPARD AND WELBECK,15073
DUNDAS STATION ST WEST AND KEELE,15074
EGLINTON AND ORIOLE PW,15075
ROUGE HILL GO TRAIN TT,15076
BARRINGTON AND SECOND,15077
NUNAVUT AND PRINCES,15078
GLENBOU AND WARDEN,15079
NEWCASTLE AND WINDS,15080
LESLIE STATION ROUTE,15081
FINCE AND VICTORIA,15082
ANGLESY AND KINGSWAY,15083
BRIDLEPATH AND PARKLAN,15084
BRANDO AND DUFFERIN,15085
AMAZON FULLFULLMENT CE,15086
MORNINGSIDE AND NIG,15087
BATHURST AND VILLAGE G,15088
DUPONT STATION SOUTH AND SPADINA,15089
MORTIMER AND WOODMOUNT,15090
EGLINTON W STATIOAN,15091
BLOOR AND PALMERSTON,15092
KEELE AND MILFORD A,15093
EGLINTON AND THE DON V,15094
DAVISVILLE AND MOUNT PL,15095
WILSON AND WILSON STATION STAT,15096
FINCH AND MILLIKEN BLV,15097
ARMANDALE AND BLOOR,15098
NEILSON AND SWELLS,15099
ASHT AND PRINCE EDWARD,15100
KING AND NIAGARA,15101
HOSPITAL AND WELL,15102
KINGSTON AND WOOD GLEN,15103
BAYLIS AND BLACK CREEK,15104
BLOOR AND HURON SPA,15105
WILLIAM AND YONGE,15106
JANE AND JONES,15107
DUNDAS STATION ST W AND THE WEST,15108
KENN AND WILSON STATION HEIGHT,15109
STEELES AMND IRENEMOUN,15110
MARTIN GROOVE LOOP,15111
BANB AND YORK MILLS,15112
BRIAN AND MARGARET,15113
DUP AND EGLINTON W,15114
EGLINTON E AND MAS,15115
KODIAK CRES AND SHEPPARD,15116
SHEPPARD W AN BRYA,15117
BIRCHMOUNT AND SANW,15118
D AND LAWRENCE STATION E,15119
IVY BUSH,15120
FINCH STATION W AND SENL,15121
DUFFERIN STATION ST AND LAWRE,15122
BIRCHMOUNT AND EGL,15123
KIPLING AND WIDDICOME,15124
CANARCTIC AND PETRO,15125
CARRIEER AND CARRIER LOOP,15126
KINGSTON AND RIDGEM,15127
BALDOO AND FINCE E,15128
JANE STATION ST AND SHEPPARD,15129
COLONEL SAMUAL SMITH P,15130
WESTON ROUTE,15131
MALL AND TRILLIUM,15132
STEELES AND VILLIAGE GT,15133
ALBERT WI AND BATHURST,15134
ELM AND ISLINGTON,15135
BATHURST STATION ST AND WILSON STATION,15136
BLOOR ST W AND DUFFE,15137
ELLESMERE AND MILI,15138
LAWRENCE STATION E AND M,15139
ANTIBE AND BATHURST,15140
CO AND MORNING STAR,15141
MAJOR MACKANZIE E A,15142
BROWNSLINE AND DOVER,15143
CALVINGT AND KEELE STATION ST,15144
DON MILLS AND YORK,15145
DUFFERIN STATION ST AND EGLIN,15146
J AND SHEPPARD W,15147
R AND SHEPPARD W,15148
BIRCHMOUNT AND MCN,15149
M AND SHEPPARD E,15150
LAWRENCE STATION W AND Y,15151
KIN AND RYLANDER,15152
KEELE STATION ST AND ST CLAI,15153
CALEDONIA AND GLE,15154
CLOUSTON AV AND WESTON,15155
TEMPLAR AND WESTWAY,15156
ELLESM AND KENNEDY,15157
EGLINTON E AND L,15158
CALVINGTON AND KEE,15159
E AND MORNINGSIDE,15160
DUNDAS STATION AND JANE STATION ST,15161
GREENHORN AND LAWRENCE,15162
QUEEN AND TRACY,15163
DUPONT AND ST GEORGE STATION S,15164
PEW AND SHEPPARD W,15165
STEELES A AND YONGE,15166
HOSKIN AND WHITNEY WAL,15167
SHER AND WELLESLEY STATION ST,15168
C AND LAWRENCE STATION W,15169
HUNGTINGWOOD AND KENNEDY STATION,15170
FINCH STATION W ROUTE,15171
ANNETTE AND DUNDAS STATION ST,15172
A AND MARTIN GROVE,15173
BIRCHMOUNT AND LAW,15174
CHERRY S AND FRONT ST,15175
DUNDAS STATION ST W AND KEEL,15176
DUNDAS STATION ST W AND SHOR,15177
NORTH AND ORTON PARK,15178
KEELE STATION ST AND WILSON STATION A,15179
DREWRY A AND YONGE ST,15180
DUN AND LANSDOWNE,15181
JANE STATION ST AND TRETHEWEY,15182
KINGSTON AND MAIN ST,15183
BAINBR AND BATHURST,15184
DUFFERIN AND WINGOL,15185
JANE AND WILLIAM,15186
HWY 27 AND QUEENSPLATE,15187
QUEEN STATION PARK UNIVERSI,15188
FREASHMEA AND TOWNSEND,15189
CLAIRTELL AND SHEPPARD,15190
MAJOR AND STONEBRIDGE,15191
MONTRESSOR AND UPPER C,15192
MONTRESSOR AND UPPE,15193
DUFFERIN STATION ST AND QUEEN STATION,15194
DUPONT STATION ST AND LANSDOW,15195
EXHIBIT AND PRINCESS LOOP,15196
FINCH AND HEATHVIEW AV,15197
CLAYLAND AND YORK MILLS,15198
DYN AND EGLINTON W,15199
EGLINTON W AND ROY,15200
KIPLING AND RATHB,15201
EGLINTON STATION QU,15202
CRAI AND PHARMACY,15203
DUFFE AND QUEEN STATION ST W,15204
SHEPPARD AND VICTORIA P,15205
D AND LAWRENCE STATION W,15206
EGLIN AND SCARLETT,15207
LAWRENCE STATION ROUTE,15208
AIRPORT AND JET L,15209
BLOOR AND MANNING E O,15210
MARTIN GROVE AND RE,15211
NORTH AND SHEPPARD W,15212
BATHURST STATION AND FINCE W,15213
ROSEDALE STATION ROUTE,15214
ELMHURST AND WILSON,15215
KENN AND MCNICOLL,15216
BAYVIEW AND GARNIER CT,15217
EN AND MARTIN GROVE,15218
BLOOR ST W AND ISLINGTON STATION,15219
KINGSTON AND QUEEN STATION ST E,15220
CHEROK AND FINCE E,15221
MC MCCOWAN AND SHEPPARD,15222
MCCOWAN STATION RT STATION,15223
LONSD AND ORIOLE,15224
EGLINTON W AND M,15225
BELLECHASS AND MCCOWAN,15226
FRED BLAND AND MCCOWAN,15227
GERRARD AND HODGE LANE,15228
FINCH STATION W STATION BUS,15229
GUNNS LOO AND ST CLAIR,15230
MIDLAND AND WAYNEFLEET,15231
BAYVIEW AND STEELES B,15232
GUNN S AND ST CLAIR STATION,15233
WESTON AND WILSON STATION FA,15234
STEELES DUFFERIN STATION,15235
HUNTINGWOOD AND KITTER,15236
BRO AND LAWRENCE STATION E,15237
DON MILLS AND EASTERBR,15238
THORNCLIFFE PARK E,15239
MARTIN GROVE AND RAMPAR,15240
K AND SHEPPARD W,15241
BATHURST STATION ST AND ST C,15242
EGLINTON DIV COMSTOC,15243
BAYV AND FINCH STATION E,15244
BATH AND DON LAKE GATE,15245
CANADA AND PRI AND PRINCES,15246
FAYWOOD ROUTE,15247
ROYAL YORK STATION ROUTE,15248
ATLANTI AND LIBERTY,15249
ISLINGTON AND THE,15250
CLAR AND MEADOWVALE,15251
FINCH STATION E AND MCCOWAN STATION,15252
HIC AND LAWRENCE STATION W,15253
DUNDAS STATION W AND RUNNYMEDE,15254
FENMAR D AND WESTON,15255
RIDGE E AND WILSON,15256
DUFFERIN AND RAMSDE,15257
ARISTAN AND ISLINGTON,15258
DON MILLS AND ST,15259
DISTILLERY LOOP,15260
LINKWOOD LANE AND WIND,15261
COXWELL AND FAIRF,15262
RIDGEG AND WILLOWRIDGE,15263
DANFORTH AND DANFORTH AV,15264
CHAPLIN AND ORIOLE PAR,15265
MCCORMIC AND WESTON,15266
FENAMR AND STEELES,15267
AIRPORT AND CARLINGVIE,15268
ALBION STEELES,15269
CARP AND STEELES W,15270
QUEEN STATION AND RICHARDSON,15271
BATHURST AND COXFIELD,15272
WOODBINE STATION CASINO STOP,15273
DEAUVI AND GRENOBLE,15274
EGLINTON AND LASECELLE,15275
FINCH STATION E AND VICT,15276
ARROW R AND FINCH STATION W,15277
ARROWROAD AND FINCH,15278
CENTENARY LOOP,15279
MARKHAM R AND PASSMORE,15280
DANFORTH AND ELWARD BL,15281
BLOOR AND PARK,15282
CASINO WOODBINE STATION REXDALE,15283
PIONEER VILLIAGE STATI,15284
STEELES W AND WEST,15285
FINCH STATION E AND WILL,15286
NORTHCLIFFE,15287
GRANETT JANE AND TWELF,15288
B AND LAWRENCE STATION W,15289
ELLESMERE AND MARK,15290
DON AND YORK MILLS,15291
KEELE STATION S AND ROGERS,15292
SHEPPARD AND YONGE ST,15293
PROMENADETERMINAL,15294
ST AND STEELES E,15295
BATHURST STATION ST AND DAVEN,15296
LAWRENCE STATION W AND OLY,15297
BATHURST AND CLAXTO,15298
BROWN LI AND LAKESHORE,15299
DRIFTWOOD GRANDRAVINE,15300
IAN MAC D AND THOMPSON,15301
KEELE STATION ADN BLOOR,15302
COLLAGE AND DUFFERIN,15303
BIRCHMOUNT AND FIN,15304
MO AND MORNINGVIEW TR,15305
LAWRENCE STATION AND PINE ST,15306
CHARLES S AND YONGE,15307
REXDALE AND WOODBINE STATION C,15308
LAWRENCE STATION W AND SCA,15309
DAVENP AND OAKWOOD,15310
CARLAW AND QUEEN STATION ST E,15311
YORK MILLS AND YORK MILLS STATION,15312
QUEEN STATION PLATE AND RE,15313
FOUR WIND AND KEELE,15314
JAN AND SHEPPARD W,15315
MCCO AND STEELES W,15316
FAY AND SHEPPARD W,15317
EGLINTON E AND RED,15318
BATHURST AND SARANA,15319
MORNINGSIDE AND SE,15320
K AND NOTTINGHILL GATE,15321
HWY 40 AND NEILSON,15322
GUNNS R AND WESTON,15323
KENNEDY AND PASSM,15324
GARDINER AND LAKESHORE,15325
UPP AND YORK MILLS,15326
BATHURST AND MCALLI,15327
CORPO AND PROGRESS,15328
MORNING STAR AND ZUM B,15329
DOLOMI AND DUFFERIN,15330
CLOEVERLEAF AND WARDEN,15331
FINCH STATION AND ROYAL YORK,15332
CRAWFORD AND HARDBORD,15333
KEEL AND WILSON STATION,15334
BAYVIEW AND EGLIN,15335
DANFORTH AND MAIN ST,15336
RIDEAU AND STEELES,15337
KENNEDY STATION JUST,15338
DON MILLS AND ESTER,15339
BREACREST AND THE W,15340
DUFF AND STEELES W,15341
ERI AND WELLESWORTH,15342
BAYV AND YORK MILLS,15343
DUFFERIN AND ST CLA,15344
ERINGATE ADN WELLESWOR,15345
MARTIN GROVE AND N,15346
FINCH AND RACINE,15347
BATH AND FINCH STATION W,15348
CLEMENTINE SQUARE,15349
NORMA AND UPPER CANADA,15350
GERVAIS AND WOODFORD,15351
LAKE SHORE AND MI,15352
EGLINTON E AND M,15353
BATHURST STATION ST AND ELM R,15354
EGLINTON AND MCCOWAN STATION R,15355
CAMBRIDGE AND DANFORTH,15356
13TH AND LAKESH,15357
CHEESEMAN,15358
FREDRICK TISDALE AN,15359
SILVERTHORN AND ST CLA,15360
CACTUS AND GREEN,15361
LOWER JARVIS AND THE Q,15362
LANSDOWN AND SEAFORTH,15363
MEADOWVALE LOOOP,15364
EARLCOURT AND OAKWOOD,15365
MCNICOLL DIVISON,15366
QUEENSPLATE AND REXDALE,15367
AND MA AND NOVA SCOTIA,15368
STEELES YONGE ST,15369
KEELS STATION,15370
LAWRENCE AND SCAR,15371
AL AND ROCKCLIFF,15372
FINCH AND HWY400,15373
VICTORIA PARK STATION STAITON,15374
BATHURST AND LAUREL CR,15375
QUEEN STATION AND REXDALE,15376
CALLO AND THE W WAY,15377
LAKESHORE AND LOWER CO,15378
BLOOR AND FIELDWAY,15379
JANE AND LAWRENCE STATION A,15380
AND RIDGEWOOD,15381
DAVENP AND DUFFERIN,15382
ATTWELL W O AND DIXON,15383
LYNNFORD AND MALL,15384
WALSH AND WESTON R,15385
BETH NEALS AND OVERLEA,15386
CORDELLA AND LOUVAIN,15387
CARLAW AND QUEEN STATION S,15388
LAWRENCE STATION W AND P,15389
BRENTCLI AND EGLINTON,15390
SILVERTHORN AND ST CLAIR,15391
DON MILLS AND YORK MILLS STATION,15392
DENISON AND VICTORIA P,15393
LAKESHORE W,15394
PLEASANT VIEW,15395
BA AND STEELES E,15396
JANE STATION ST AND LAWRENCE STATION,15397
CROW T AND NEILSON,15398
ST PHILLPS,15399
DUC AND LAWRENCE STATION E,15400
MAPLE LEAF AND STELLA,15401
WESTMINSTER,15402
MACPHERSON AND,15403
DANFORTH AND PRETORIA,15404
AND ROSELA,15405
JAN AND LAWRENCE STATION W,15406
DUNCAN SHOPS,15407
CASSANDRA AND VICTORIA,15408
LAKE SHORE AND M,15409
CONCORDE GATE,15410
MILL AND ROLLIN,15411
FLE AND LAWRENCE STATION E,15412
LAN AND ST CLAIR STATION W,15413
COLL AND LANSDOWNE,15414
LAWRENCE STATION E AND PIN,15415
SCU AND SHEPPARD E,15416
BIR AND LAWRENCE STATION E,15417
PRINCE EDWARD AND SUNN,15418
ELLESMERE STATION NEIL,15419
ELLES AND PHARMACY,15420
FORD AND ISLINGTON,15421
EVANS AND ROYAL Y,15422
KENNEDY AND PASSMO,15423
L AND MORNINGSIDE,15424
BIRCHMOUNT AND SHE,15425
CONCO AND CONCORDE PL,15426
BRIM AND PROGRESS,15427
UOFT SCARBOROUGH CAM,15428
DUP AND LANSDOWNE,15429
EGLINTON KENNEDY STATION,15430
ENNERDAL AND GLENCAIRN,15431
LAKSHORE AND MIMICO,15432
HUMBERWOOD COMMU,15433
FINCH AND WARTERGARDEN,15434
LAKESHORE GO STATION,15435
BATHURST AND MELGUND,15436
BELLEFAIR AND NORWAY,15437
HOLIDAY,15438
DUNDONALD AND YONGE,15439
LAWRENCE STATION W AND LEDB,15440
FINCH STATION W AND MARTION,15441
AND TUDOR GLEN,15442
BLOOR AND PAULINE,15443
ST CLAIR STATION AV AND WARDEN,15444
LAKESHORE AND PARK LAW,15445
MARTIN GROVE AND T,15446
JANE STATION ST AND WILSON STATION AV,15447
D AND EGLINTON W,15448
HUMBERLINE LOOP ALBION,15449
LONGBO AND MARTIN GROVE,15450
LAWRENCE AND OLYMP,15451
MORNINGSTAR AND OASIS,15452
FAL AND THE E MALL,15453
BATHURST AND GREENW,15454
SHEPPARD E AND VIC,15455
JIM B AND TORBARRIE,15456
BRADSTOCK AND RIVA,15457
DENBIGH AND KEELE,15458
GLENFORES AND YONGE,15459
ROYAL W,15460
HIGH PARK AND HOWARD P,15461
LAKES AND TENTH,15462
QUE AND SHERBOURNE STATION ST,15463
KIPLING AND STEELES LOOP,15464
MARTIN GROVE AND R,15465
STEELES LOOP AND WARDEN,15466
BAY STATION S AND FRONT ST W,15467
CAL AND LAWRENCE STATION W,15468
DON MILLS AND FRESH,15469
BAT AND SHEPPARD W,15470
LAWRENCE STATION E AND MID,15471
FINCH STATION E AND KENNET,15472
BRU AND LAWRENCE STATION W,15473
BELFIELD AND MARTIN GROVE,15474
SA AND ST CLAIR STATION E,15475
DENNISON NORTH AND WARDEN,15476
DON MILLS AND F,15477
PARLIAMENT SE AND ST J,15478
LAWRENCE STATION W AND,15479
IDA AND SHEPPARD E,15480
DUN AND EGLINTON E,15481
GARDINER AND ISLINGTON,15482
EVANS AND SERWAY GATE,15483
QUEEN STATION QUAY STEELES,15484
CARLUKE CR AND FIFESH,15485
PHARMACY AND ST,15486
L AND SCARBOROUGH GOLF,15487
KIPLING STATION SND STEELES,15488
LAWRENCE STATION A AND PINE,15489
HYMUS R AND WARDEN,15490
MILITANT AND PASSMORE,15491
HILDA AND QUEEN STATION QUAY,15492
GLENCAIRN STATION AD DANESBURY,15493
GRENOBLE AND VANDOME,15494
MCCOWAN AND MILNER S,15495
SHADLOCK S AND STEELES,15496
ISLINGTON STATION OUT,15497
BRUNSWICK AND COLLEGE,15498
MIDL AND STEELES W,15499
BRE AND SHEPPARD W,15500
REXDALE QUEENSPL,15501
MEADOWVALE KINGSTON,15502
GLEN LAKE AND KEELE,15503
LESLIE AND TOWERSCREST,15504
ELLESMERE AND MONDOE,15505
MORN AND STEELES E,15506
ELLESMERE AND MEAD,15507
MERTON AND WILSON,15508
EMMETT AND JANE,15509
MAG AND SHEPPARD W,15510
BAY STATION AND YORK MILLS,15511
DUNDAS STATION S AND KEELE STATION ST,15512
BATHURST STATION HILLCREST,15513
GUNNS AND TARRAGON,15514
CANADA AND PRINCES BL,15515
DUFFERIN AND MILKY WAY,15516
EGLINTON W AND K,15517
MI AND STEELES E,15518
BLOO AND DUNDAS STATION ST W,15519
MCCOWAN AND STEELES LOOP,15520
S AND WELLESLEY STATION ST E,15521
BATHURST STATION ST AND GREEN,15522
NORFIN AND STEELES,15523
BLOOR AND CRAWFORD,15524
EGLINTON WYNFORD,15525
FAYWOOD AND MCALLISTER,15526
PALMERSTON AND QUEEN,15527
EG AND SERVICE,15528
DANFORTH AND FURLONG,15529
BRIMLEY SHEPP,15530
CONNOR AND THORNCLIF,15531
VICTORIA PARK STATION VAN HORN,15532
CANADA AND PRINCES BLV,15533
GUNNS AND TARRAGONA,15534
CAN AND MANITOBA,15535
PEARSON TERMINAL 3 DEP,15536
BERMACK AND STEELES,15537
BATHURST AND RICHMOND,15538
PEARSON AIRPORT T 3 AR,15539
LAWRENCE STATION W AND R,15540
CHERRY AND PAULSON,15541
FORT ROSE AND ROY WOOD,15542
TAYSHAM CRES,15543
JANE STATION ST AND YORK GATE,15544
16TH A AND MARKHAM,15545
GUNNS AND ST CLAI,15546
EGLINTON E AND W,15547
HW AND STEELES W,15548
BLACK CREEK AND TR,15549
DYNAMIC AND MCNI,15550
COMPLETE ROUTE,15551
EGLINTON E AND LAI,15552
DUNDAS STATION W AN,15553
MARK AND STEELES W,15554
MIN AND SHEPPARD W,15555
SHEPPARD W AND TUS,15556
DON MILLS AND LAWRE,15557
MATTHEWS AND WALSH,15558
DUNDAS STATION ST W AND PRINCE,15559
BUR AND LAWRENCE STATION E,15560
BARRINGTON,15561
COXWELL STATION AN SAMMON,15562
BARK AND BROOKLAWN,15563
IS AND STEELES W,15564
COMMANDER AND MC,15565
MANTELLO AND SENTINEL,15566
MIDL AND STEELES E,15567
MCCOWAN AND STEELES AV,15568
COMMISIONERS AND DON R,15569
PLEASANT HO AND WILSON,15570
DON AND SHEPPARD W,15571
BAY STATION AND FRONT ST W,15572
ALBION AND ARMELL,15573
STEELES W AND YO,15574
BIRCHMOUNT AND STE,15575
ISLINGTON AND RAT,15576
ATLANT AND KING STATION ST W,15577
FINCH STATION E AND SAND,15578
BATHURST AND CARMICHEA,15579
27 AND HUMBER COLLEGE,15580
MOR AND SHEPPARD E,15581
WILSON STATION RIDGE,15582
EGLINTON W AND SPA,15583
ELLESMERE AND PHARM,15584
CALLOWHIL AND WAY,15585
LES AND YORK MILLS,15586
MIDLAND STATION A AND PARK ST,15587
GERRARD AND WILLIAM HA,15588
PILLER C4 AND TERMINAL 3,15589
HUMBER AND KEELE,15590
CALEDONIA AND GLENC,15591
DON MILLS AND MCNIC,15592
DONLANDS AND MILLW,15593
E AND THE E MALL,15594
MC MCCOWAN AND STEELES L,15595
DOCKSIDE AND LOWER SHE,15596
BA AND ST CLAIR STATION W,15597
EGLINTON E AND VIC,15598
FI AND MORNINGSIDE,15599
EMMETT AN VERONA A,15600
ARROW AND DEERHEAD,15601
MERRILL A AND WOODBINE,15602
WARDEN STATION STEELES LOOP,15603
ESNA PARK AND ST,15604
BLOOR DANFORTH NIGHT S,15605
GERRY FITZJERLAD AND S,15606
LAVE AND MESDOWVALE,15607
PARK AND YORK MILLS,15608
HUMBER AND OLD DUNDAS,15609
DOWNSIVIEW PK STATION,15610
TORONTO ZOO PARKING LO,15611
DEAN PA AND MEADOWDALE,15612
LAKESHORE AND ONTARIO,15613
DONWAY EA AND LAWRENCE,15614
JANE AND MILO PARK GAT,15615
OSSINGTON AND ROGERS,15616
HUMBER COLLEGE STATION LOOP HU,15617
UPPER AND WILSON,15618
FINCH AND RUMKIE,15619
FINCH STATION SENECA HILL,15620
LAWRENCE STATION RALPH,15621
DUFFERIN AND WALLACE A,15622
DOLOM AND DUFFERIN STATION ST,15623
ELLESMERE STATION AAND MONDEO,15624
KINGSTON AND SHEPP,15625
DOCK SI AND QUEEN STATION QUAY,15626
JANE STATION S AND WRIGHT,15627
HUMBERLINE D AND JANE STATION ST,15628
BRIDGELAND AND DUF,15629
DALLNER DRI AND WILSON,15630
OF LESMILLS,15631
EGLINTON W AND SCO,15632
KEEWATIN AND YONGE,15633
KENNEDY AND PASSMOR,15634
VAN HORNE AND VICT,15635
FENT AND STEELES E,15636
BLOOR S AND ST GEORGE,15637
LO AND MARTIN GROVE,15638
BLACKTHOR AND ST CLAIR,15639
ALBION AND THISLEDOWN,15640
SHERWAY GAREDENS,15641
FINCH STATION W AND ISLING,15642
FINCH STATION W AND TANGIE,15643
HWY 427 AND TERMINAL 1,15644
AUBURN AV AND DUFFERIN,15645
STEELES E AND WA,15646
OSSINGTON AND VAUGHAN,15647
AMAZON FULFLLMENT CENT,15648
LOWER JARVIS ST AND Q,15649
FENMAR ISLINGTON STATION,15650
LOWER SHERBOURNE STATION ST A,15651
HUMBER COLLEGE AND WIL,15652
FINCH AND MARTIN GROV,15653
DON MILLS AND EGLIN,15654
TEDDINGTO AND YONGE,15655
OLD FINCH AND VALL,15656
FINCH STATION A AND MARKHAM,15657
STEELES W AND W,15658
BRIMLEY AND BRIMORT,15659
E AND STEELES E,15660
MCCO AND STEELES E,15661
KINGSDA AND WILLOWDALE,15662
FINCH AND NORCLIFFE,15663
ELLESMERE AND MILIT,15664
BROADB AND MIDLAND,15665
MIDD AND STEELES E,15666
JUDY AND TORBARRIE,15667
DUFFERIN STATION AMD ROGERS,15668
FAYWOOD AND SHEP,15669
SENTINEL AND THE P,15670
BLO AND SHERBOURNE STATION ST,15671
BATHURST STATION ST AND INVER,15672
KNOB HI AND WESTON,15673
LEE AND WILLIAMSON,15674
DANFORTH QUEEN STATION,15675
16TH A AND MCCOWAN,15676
DREWERY AND YONGE ST,15677
REXDALE AND WOODBINE STATION R,15678
FINCH STATION E AND PHARMACY,15679
BAY AND BLOOR ST W,15680
CARLAW AND COMMISS,15681
DUF AND EGLINTON W,15682
BIRCHMOUNT FINCH STATION,15683
FALSTAFF A AND JANE,15684
GIBSON A AND WRIGHT,15685
JANE AND MURR AND SHOREHAM,15686
BATHURST AND SOUTHB,15687
BLOOR ST W AND RENFORTH STATION,15688
JOSEP AND TORBARRIE,15689
KING STATION HI AND WILSON,15690
LAKE SHORE AND NORRIS,15691
DUFFERIN STATION ST AND SYLVA,15692
BLOOR AND QUEEN,15693
KE AND ST REGIS CRES,15694
KIPLING STATION LOOP LAKE SHO,15695
KIPLING STATION AD STEELES,15696
BRIMLEY AND LARKHAL,15697
ST CLAIR STATION E AND WAR,15698
FENMAR D AND SIGNET,15699
PRINCESS LOOP0,15700
BRIGHT AND KING,15701
HUMBERSID AND KEELE,15702
HALL AND OSSINGTON,15703
CANADIANA AND STEELES,15704
POND AND SHOREHAM,15705
ISLINGTON AND REXD,15706
GULIVER AND KEEL,15707
HOLLIS AND WARDEN,15708
ELLESM AND MCCOWAN,15709
CONCOR AND WYNFORD,15710
BIRCHMOUNT AND SAN,15711
BERTLAN AND BIRCHMOUNT,15712
OVER AND THORNCLIFFE W,15713
OAKWOOD SOUTH AND VAUGHN,15714
CALEDONIA AND KITCH,15715
LEGGOT AND SCARLETT,15716
ANNETTE ST S AND JANE,15717
DOWNSVIEW PK AND KEELE,15718
CHERRY BEACH BUS LOOP,15719
ALL AND LAWRENCE STATION W,15720
HUDDLESON CT,15721
DUNDAS STATION SOUT AND JANE,15722
OAKWOOD LOOP OAKWOOD,15723
CASSANDRA AND UND,15724
STARSPRAY LOOP LAWRE,15725
MARTIN GROVE AND MERCU,15726
ROGERS BU AND WESTON,15727
BLOOR AND DELAWARE,15728
BETH NEILSON AND WICKST,15729
BARRINGTRO AND LUMSDEN,15730
LAURA R AND SHEPPARD W,15731
MARKHAM RO AND NEILSON,15732
LAWRENCE STATION AND VICTORIA PK,15733
ELL AND MEADOWVILLE,15734
SILVERTAR AND STEELES,15735
PRINCESS LOOP,15736
AND RIC AND SHERBOURNE,15737
FRONT AND LOWER JARVIS,15738
SHEPPARD AMD JANE STATION,15739
CASSE AND WOODBINE,15740
BEDFORD AND BLOOR ST W,15741
MAIN AND RAMONA,15742
GEORGE BUTCHART,15743
GALB AND VICTORIA PARK,15744
BREN AND SHEPPARD E,15745
L AND LAWRENCE STATION E,15746
WILSON AND YORK A,15747
BANGOR AND SHEPPARD,15748
MCCOWAN STATION AL,15749
KEELE STATION AND ST CLAIR STATION W,15750
WILSON STATION BATHURST STATION,15751
KIPLING STATION EXPRESS ROUTE,15752
FICNH E AND KENNEDY STATION,15753
STEELES E AND WILLO,15754
CARIBOU AND DUFFERIN,15755
HALIBU AND RATHBURN,15756
GREENWOOD STATION YARD,15757
BELLAMY AND BEN ALDER,15758
ELL AND MIIITARY TRAIL,15759
BELLAMY AND EASTPARK,15760
YOR AND YORK MILLS,15761
CELES AND KINGSTON,15762
TANGIERS AND YORK,15763
AND WILSON STATION A,15764
HILLCREST DUNCAN SHOP,15765
VICTORIA PARK STATION JUST OU,15766
ESSEX AND OSSINGTON,15767
SHERWAY GARDENS BUS LO,15768
CASEBRIDGE AND MORNING,15769
BIRCH AND KINGSTON,15770
CARLAW AND FRIZZLE,15771
ISLAND AND PORT UNION,15772
CREIGTON AND VICTORIA,15773
WILSON STATION TRAINING COMPLE,15774
CASTKE FRANK STATION,15775
SHEPPARD AND YEWTREE,15776
ELLESMERE AND VICT,15777
HWY AND ROYAL YORK,15778
LAK AND PARLIAMENT ST,15779
FINCH STATION W AND W,15780
OLD WEST AND ROGERS,15781
A AND SHEPPARD E,15782
MOREAU TR AND ST CLAIR,15783
KINGSTON AND WOODLAND,15784
MARLEE AND STAYNOR,15785
KNIG AND PARLIAMENT,15786
HUMBERLINE AND MORNING,15787
KING STATION AND SACKVILLE,15788
BERNADINE AND BRIMLEY,15789
HOLS AND VICTORIA PARK,15790
THORNCLIFF PARK,15791
HUMBERWOOD AND MORNI,15792
ENETIRE ROUTE,15793
BLUFF AND STEELES E,15794
CULFORD AND GRACEFIELD,15795
SAFE APP,15796
SAND AND YORK MILLS,15797
MEADOWVALE AND SHEPP,15798
BELFIELD BROCKPORT,15799
VALEN AND YORK MILLS,15800
BROADVIEW AND CHE,15801
CROSLAND AND PENTWORTH,15802
NOBILE AND QUEEN,15803
LAWRENCE STATION AND LORINDALE,15804
GREENCARE AND MARKHAM,15805
GAINBROUGH AND GERRARD,15806
MAMMO AND WASHBURN WAY,15807
KENNEDY AND TRANSWAY CR,15808
AURA LEA BL AND WESTON,15809
YORKDALE STATION RANEE,15810
CERAM AND LEPAGE,15811
NATURE PA AND SHEPPARD,15812
MODEL,15813
RUNNYMEDE STATION AND ST CLAIR STATION W,15814
EXHBITION LOOP,15815
KEELE STATION ANDF FINCH STATION,15816
ASHTON BE AND PHARMACY,15817
QUEEN STATION YORKDALE STATION,15818
FINCH AND MORN,15819
SANDFIELD AND YORK MILLS STATION,15820
BATHURST AND YORKVIEW D,15821
DANFORTH AND MONARC,15822
MORNINGSIDE AND PAS,15823
WESTWOOD MALL LOOP,15824
KINGS AND RYLANDER,15825
ATTWELL AND CARLINGVIEW,15826
37TH STR AND LAKESHORE,15827
BLOOR N AND ISLINGTON,15828
LAWRENCE STATION E RT,15829
AND TUSCANY,15830
DEAUVI AND ST DENNIS,15831
BIRCHMOUNT AND WARDEN,15832
CANADA AND PRINCE BLV,15833
1214 LANS AND LANSDOWNE,15834
FINCH AND PITTSBORO,15835
KINGSTON AND MUIR,15836
LAWRENCE AND WELLNESS,15837
FINCH STATION S O AND KIPLING,15838
DUPONT STATION AND KEELE,15839
GITTSPUR AND JANE,15840
LAWRENCE STATION ADN PINE,15841
BRIDGEMOU AND SHEPPARD,15842
KEELE AND KEELESGATE,15843
DYNERVOR AND EGLINTON,15844
BATHURST STATION DUNDAS STATION,15845
STEELES AND YONGE E O,15846
LAWRENCE STATION AND PNIE,15847
LANSDOWNE STATION DUNDAS STATION,15848
OLD WESTON AND ROCKWELL,15849
PAPE AND WOODVILLE,15850
LAVENDE AND OLD WESTON,15851
AND FARNHAM,15852
DOCK AND QUEEN STATION QUAY E,15853
MORNING STAR AND WESTW,15854
ISLINGTON AND NORESMAN,15855
DUPONT STATION AND SYMMINGTON,15856
BIRDLEY AND MCCOWAN,15857
THE QUEENSWAY AND VANS,15858
MAINFIELD AND WRIGHT,15859
EGLINTON AV AND JANE,15860
BARMAC AND STEELES A,15861
JOHN SCOTT AND MARKHAM,15862
GREENBRA AND MARKHAM,15863
AIRPORT R AND HWY 427,15864
ESTHER SHINER AND LESL,15865
KEELE STATION E AND ROGERS,15866
HAREFIELD AND HINTIN,15867
ALLEN AND HWY 401,15868
DOVERCOURT DOVER,15869
SANTAMON AND ST CLAIUR,15870
CERAMIC AND ST REGIS,15871
NOTTINGHILL AND WINTER,15872
POST OFFICE,15873
SENTINEL CHESSWOOD,15874
ISLINGTON STATION AND LAKE SHORE,15875
CHISOLM AND LUMSDEN,15876
DANFORTH TRUDELLE,15877
ALBION AND CLAIRPOINT,15878
DUFFERIN AND WILSON STATION S,15879
HUMBERLINE AND HUMBERWOOD,15880
MARTINE GR AND STEELES,15881
1044 AND 12 AND WARDEN STATION 844,15882
CONS AND SHEPPARD E,15883
LAKESH AND PARLIAMENT,15884
POINEER VIALLAGE STATI,15885
MORNINGSIDE AND RAPONI,15886
CALDY AND FIFESHIRE,15887
BAYVIEW AND SPRING GAR,15888
KIPLING STATION HOLYWELL,15889
HUMBERWOOD AND RE,15890
KINGSTON AND MORNIGNSI,15891
CONSUMERS AND YORKAND,15892
SHEPPARD AND TWIN RIVE,15893
GRENOBLE AND PAVANE,15894
SLOANE AND WOODTHORPE,15895
M AND SANDHURST CIRCLE,15896
PIONEER V ILLAGE STATI,15897
ASHBRIDGE S BAY STATION LOOP,15898
LAWRENCE AND WESTON S,15899
CARLUKE AND FIFSHIRE,15900
KEELE STATION EXPRESS ROUTE,15901
ROUGHESI AND STEELES LOOP,15902
DALESFORTH AND GRAND,15903
DALESFORD AND GRAND,15904
BERKLEY AND KING STATION,15905
BRIAN P AND VANDERHOOF,15906
FINCH STATION AND GRANDBROOK,15907
SOMERVILLE AND WESTON,15908
MA AND MAJOR MAZKENZIE,15909
DIXIO AND MARTIN GROVE,15910
PHARMACY AND RONNOCK,15911
FINCH STATION W AND MILVAN,15912
FINCH STATION AND MC MCCOWAN,15913
BETHBRIDGE AND KIPLING,15914
EGLINTON GLEN CEDAR,15915
FINCH AND HALESIA DRIV,15916
MURRAY RO AND SENITNAL,15917
DAVISVILLE STATION AND LAWRENCE,15918
UPLLER HILAND CRESCENT,15919
BRICHWO AND YORK MILLS,15920
ST CLAIR STATION AND WOODROW,15921
EASTERN AND WINNFRED,15922
HELENDALE AND YONGE,15923
PRINCE EDWARD DRIVEE A,15924
CONEY R AND ROYAL YORK,15925
LAWRENCE STATION OUTS,15926
ATLANTIC AV AND KING STATION S,15927
CEDERBRAE AND LAWRENCE,15928
LOWER JARVIS AND QUEES,15929
CLAYSTON AND WILSON,15930
WESTWOOD MALL LOOP MO,15931
ELMHURST ANDGENTHORN,15932
DIANA AND KEELE STATION,15933
BANNATYNE AND SILVERGR,15934
MCCOWAN STATION DN SANDHURST,15935
FINCHDENE SQ E,15936
AND SPADINA STATION AND BLOOR,15937
DUVALL AND LAWRENCE,15938
CEDAR AND DANFORTH,15939
ST CLAIR STATION AV AND WESTON,15940
LAWRENCE AND MOSS BANK,15941
CHERRY AND VILL,15942
EGLINTON AND LITTLE BL,15943
401 AND ALLEN,15944
FINCHDENE SQUARE AND S,15945
FRESHME AND TOWNSEND,15946
SHEPPARD W AND VIT,15947
BAKERS AND SHEPPARD,15948
SOUTHBOURNE,15949
DOW AND DOWNSVIEW PARK,15950
BARMAC AND GARRAY,15951
MCCOWAN AND TRITON R,15952
BANBU AND YORK MILLS,15953
INDUSTRY AND MOUNT DENN,15954
GUNN S AND ST CLAIR,15955
CANNAUGHT AND QUEEN,15956
ST ALBANS KIPLING STATION,15957
IX AND WESTHUMBER,15958
FOUR WINNS AND KEELE,15959
BROADVIEW AND TENNIS,15960
MARKHAM AND MARKHANNA,15961
GREENWOOD STATION AND SHEPPARD,15962
LIBERY AND LYNN W,15963
KENNEDYSTATION,15964
AIRPORT,15965
BIRCHMOUNT DIV,15966
LONGBOURNE AND MARTING,15967
PAPE AND SELRICK,15968
GLENOBLE AND VENDOME,15969
COMMENDER AND MCCOWAN STATION,15970
CORTLAND AND LAWRENCE,15971
ARBORETUM LANE AND THE,15972
CERAMIC AND TORO,15973
BATHURST STATION AND SHLLMAR,15974
BONNINGTO AND DANFORTH,15975
MORSE AND QUEEN,15976
ALBION AND GOLF DOWN,15977
DEAUVILLE LN AND ST DE,15978
ATKINS AND CLARK,15979
DIXON AND MARTIN,15980
GORDE AND VICTORIA PARK,15981
CASTLEFIEL AND DUFFERIN,15982
ANNETE AND DUNDAS,15983
CLIFF AND LAMBTON,15984
QUEEN STATION QUAY AND SHERBU,15985
KEELE STATION AND PETROLIA,15986
DANFORTH AND DAWED,15987
FINCH AND SILAC,15988
GREENTR AND TRETHEWEY,15989
GUNN AND WESTON,15990
DANFORTH AND WETHERBY,15991
SCARBOROUGH BLUFFS BEA,15992
GILTSPUR AND JANE STATION S,15993
LAWER JARVIS AND THE E,15994
CASSANDRA AND UPHILL,15995
ISLAND AND SHEPPARD,15996
QUEEN AND SILVER BIRCH,15997
IDLEGROVE AND SHEPPARD,15998
IDLE GROV AND SHEPPARD,15999
ALBION S AND CARRIER,16000
COLONEL SAMUEL AND OPP,16001
WILSON STATION AV,16002
QUEEN AND TRILLER,16003
MIDLAND AND WOLF,16004
DAVENPORT AND UXBRIDGE,16005
JENKINSON,16006
DIXON AND WINCOTT D,16007
DIXON AND MARTN GROVE,16008
DAYSTROM AND FINCH,16009
EGLINTON STATIOIN,16010
HUMBER AND WESTMORE,16011
ALBION LIBRARY,16012
BLO AND DUNDAS STATION ST W,16013
ALBI AND MARTING GROVE,16014
LAWRENCE STATION W STATIION,16015
ELMURST AND ISLINGTON STATION,16016
ISLINGTON AND WINIPEG,16017
TANGIERS AND TORO,16018
MARTI AND THER WESTWAY,16019
ST CLAIR STATION STATAION,16020
DON MILLS AND PREMIER D,16021
COSBURN AND MAIN,16022
OVERLEA AND PAPE STATION,16023
KIPLING STATION ROUTE,16024
BROOK AND LAWRENCE,16025
BATHURST STATION VILLAGE,16026
BLOOR AND PRNCE EDWARD,16027
HUMBERSIDE A AND KEELE,16028
KEELE STATION AND POND,16029
DANFORTH AND VICTORIA PK,16030
REXLEY AND ST CLAIR,16031
REALEA CUL DE SAC,16032
MANHATTEN AND WARDEN,16033
LAWRENCE AND MEGAN,16034
JANE STATION METHUEN,16035
BIRCHMOUNT AND FINCH STATION N,16036
ROUGE HILL,16037
BIURCHMO AND ELLESMERE,16038
LAWRENCE AND REDBERRY,16039
MAIN AND MAIN STREET STATION,16040
MEADOWVA AND SHEPPARD,16041
YORKDALE STATION OUTS,16042
LAKESHORE BL AND YONGE,16043
MOUNT PL AND ST CLAIR,16044
IVO AND VICTORIA PARK,16045
DOCKRAY AND WESTON,16046
FINCH STATION W AND JAN,16047
AMESBERRY AND LAWRENCE,16048
DANFORTH LOGAN,16049
FINCH AND PHARMACY W,16050
BAY AND CRITCHLEY LANE,16051
HORNER AV,16052
CASLEFRANK STATION,16053
LANSDOWNE AND YORKDALE STATION,16054
DIXON AND SB RAMP HWY,16055
CROSSLA AND REDDINS,16056
AIRPORT AND ALBION R,16057
BRIMORTON AND SCARBO,16058
CARLINGVIEW AND DIXO,16059
DUNDAS STATION S AND KEELE AND OF,16060
COMSTOCK SCARBO,16061
CARLINGVIE AND RENFORTH,16062
LAWRENCE STATION W AND OYM,16063
DALRYMP AND ROCKCLIFFE,16064
CHIPPIN AND DON MILLS,16065
HWY 401 AND KENNEDY,16066
DAVISVILLE STATION YARD,16067
DOVERHOUSE AND KEELE,16068
WILLOWDALE CUMMER,16069
DUFFERIN STATION EXPRESS ROUTE,16070
BIRDG AND THISTLE DOWN,16071
VICTORIA PARK STATION STE,16072
DONCASTER AND MAIN STR,16073
GERRARD AND GLENMOUNT,16074
GLEBEMOUN AND MORTIMER,16075
EGLINTON AND EMMET,16076
KNIGHT AND MORNINGSIDE,16077
COURCE AND KINGSTON,16078
PIONNER VILLAGE SUBWAY,16079
BRNYAN WA AND SHEPPARD,16080
MORNINGVIEW TRAIN,16081
COMMISSIONERS AND SA,16082
FINCH STATION E AND MORNING,16083
MILLSOOE AND OVERLEA,16084
JANE AND TRETHEWEY D,16085
ALEXMUI AND FINCH STATION E,16086
ELLESMERE AND MILITA,16087
HAVE AND SHEPPARD E,16088
BATHURST AND SOUTHBU,16089
HOWARD MOSCEO WAY,16090
SCARBOROUGH CENTRE BUS,16091
EVANS AND W MALL,16092
EVANS AND THE W,16093
BURHAMTHORPE AND MILL,16094
WESTON SHEPPARD,16095
EGLINTON BLACK CR,16096
KENNEDY AND S,16097
401 AND BRIMLEY,16098
CROSLAND AND ELLESMERE,16099
MARKHAM AN EGLINTON,16100
HORNER AND ROCKCLIFFE,16101
MILITARY TRAIL UNIVE,16102
DOCKSIDE AND QUEEN STATION QUA,16103
CENTENIAL BUS TERMINAL,16104
KEELE AND WOODBINE STATION,16105
BELFIE AND MARTIN GROVE,16106
HUMBLY AND QUEEN,16107
BATHURST STATION ST NORT,16108
BAFFIN C AND OLD FINCH,16109
SELBY AND SHERBOURNE,16110
T AND TOURNAMENT,16111
HUMBER WESTON,16112
EVANS AND KIPLING STATION IN,16113
ATLANTIC AV,16114
SERVICE AND ST,16115
RICHBOURNE,16116
GRANDRIVE AND SHEPPARD,16117
BERRING AND ISLINGTON,16118
ISLINGTON AND MICHAEL,16119
PROMENADE MALL TERMINAL,16120
FARM GREENWAY,16121
KINGSTON MARKHAM,16122
HONSLOW AND SENLAC,16123
ISLINGTON STATION STATIO,16124
QUEENSWAY GARAGE E,16125
COMBE,16126
DAW AND MOUNT PLEASANT,16127
GRANT AND QUEEN,16128
BERKELEY AND QUEEN STATION,16129
WILSON STATION GARAGE TRANSIT,16130
WASHBURN WAY MAMM,16131
DON RIVER BR AND QUEEN,16132
FINCH AND HUMBER,16133
ISLINGTON AND NEW T,16134
VALLEYWOODS,16135
LEPAGE CT,16136
DUNDAS STATION ST W AND SCARLETT,16137
DUNDAS STATION ST W AND JEROME,16138
JARVIS AND KING,16139
FINCH STATION HUMMB,16140
OLD WESTREN AND STE,16141
HAYN AND THE POND,16142
GENTHRON AND KIPLING,16143
JANE STATION LAMBTON E,16144
EGLINTON AND ST CLAIR STATION,16145
BURTON AND SPADINA,16146
TAPSCOTT AND WASBURN W,16147
FINCH STATION HUMBER,16148
RIVERLEA AND SCARLETT,16149
GARDENER EXPRESSSWAY A,16150
BROWN S LINE AND OWEN,16151
BURGUNDY S AND WESTON,16152
GRANTBROOK AND HENDON,16153
CRESENT AND S,16154
PARLIAMENT AND SUMACH,16155
COXWELL AND GLAMIS,16156
QUEEN STATION AND SHUTER,16157
ESPLA AND FREDERICK,16158
N AND PROMENADE CIRCLE,16159
MARKHAM ROUTE,16160
KNOBB HILL AND WESTON,16161
DANFORTH AND MAG,16162
LESLIE AND STEELES S,16163
ELSWI AND HACKBERRY,16164
BRO AND LAKESHORE,16165
MONTEZUMA TRAIL,16166
EGLINTON AND ELHURST C,16167
EVAN AND SHERWAY GATE,16168
RENFORTH STATION BUS,16169
UNDERPASS GATE,16170
HEASLIP,16171
MCNAUGHTON,16172
OLD WESTON STEELES,16173
DUFF AND ST CLAIR STATION W,16174
GRENOBLE AND STURBRIDG,16175
STEELES S LOOP,16176
CANNON R AND PARK LAWN,16177
CALEDONIA AND NORMAN A,16178
BROWNING AND FERRRIER,16179
COLBORNE AND LAKESHORE,16180
REDLEA LOOP AND ST,16181
BROADVIEW AND MOUNTSTE,16182
FAI AND WILSON STATION HEIGHTS,16183
DUFFERIN AND ROGERS J,16184
CACTUS AV AND PATRICIA,16185
FINCH AND HUMBERWOOD L,16186
HUMBERWOOD LOOP 651,16187
DURNESS A AND DURNFORD,16188
BIRCHMOUNT AND EGLIN,16189
GREENWIN VILLAGE AT,16190
LOWER JARVIS,16191
MEADOWVALE AND ROTARY,16192
CHERRY AND WILLOW,16193
GRIFF AND WASHBURN WAY,16194
FINCH STATION HIMBE,16195
LAWRENCE STATION AVEVUE WEST,16196
NICKLE AND SCARLETT,16197
GARDENS AND OCONNOR,16198
SP SPADINA STATION,16199
VANDERHOO AND WICKSEED,16200
MORNINGSIDE AND TEFTT,16201
GLEN AND SOUTRH,16202
GLEN RUSH,16203
CHEERY BEACH LOOP,16204
LAWRENCE STATION AND MEADOWVALE,16205
GREENWOOD AND LANE NORTH,16206
CANMORE AND CHARCOAL,16207
LANSDOWNE AND PATO,16208
BIRCHMOUNT AND ELLES,16209
EGLINTON E AND GILD,16210
GRANGEWAY AND PROGR,16211
KEN AND WILSON STATION HEIGHTS,16212
JOHN GALLW AND SAULTER,16213
BOROUGH AND PROG,16214
BLOOR AND NEILSON W O,16215
HAREFIELD D AND HINTON,16216
COLONEL SAMUEL AND SMI,16217
STARSSPRAY LOOP,16218
CARLAW AN GERRARD STATION,16219
KIPLING AND PINCESS MA,16220
HWY7 AND WARDEN,16221
PAPE AND WOODVILLE S,16222
DORNEY AND VARNA,16223
SHEPPARD AND YOKON,16224
CONSITLI AND CORPORATE,16225
QUEEN AND SPRINGHURST,16226
HER AND ST CLAIR STATION E,16227
HIGHW AND STEELES W,16228
CARSON AND EVANS,16229
BOLLINBRO AND LAWRENCE,16230
MILLWOOD AND VILLAGE S,16231
DRAGON AL AND DUFFERIN,16232
HUMBER AND HUMBER LOOP,16233
GERRARD AND WOODFIELD,16234
WELLESWORTH,16235
FONTENAY AND SCARLETT,16236
AIRPORT RO AND HWY 427,16237
DRIFTWOOD AND WILIMONT,16238
NEVILE PARK LOOP,16239
JARVIS AND RICHMOND,16240
LANDOWNE AND QUEEN STATION,16241
O AND THRONCLIFFE PARK,16242
ASHBRIDGE LOOP,16243
AVOCA AND PLEASENT,16244
FERMROY AND ST CLAIR,16245
DUDE AND STEELES E,16246
BATHURST AND RANEE NORTH,16247
BURMA AND QUEENSWAY,16248
COXWELL STATION ON,16249
FINCH STATION AND GRANT BROOK,16250
ARNOTT W O AND FINCH,16251
ELLESMERE AND PAKINGTI,16252
ST CLAIR STATION O AND WARDEN,16253
EDENBR AND SCARLETT,16254
BESSB AND SUTHERLAND,16255
SIGNAL HILL AND STE,16256
SIGNAL HILL AND STEINWA,16257
DUNKIR AND MORTIMER,16258
MEADOWVALE AND ZOO R,16259
LAWRENCE STATION W AND V,16260
KING STATION ST W,16261
BLOOR AND STERLING,16262
EGLINTON AND MARTIN GRO,16263
EGLINTON AND MARTIN G,16264
MART AND TRETHEWEY,16265
BLOOR ST W AND DUFFERIN,16266
KEELE AND PARK,16267
KIPLING AND STEELES LOO,16268
BRENTON AND LAWRENCE,16269
KEELE AND KEELE STATION STATIO,16270
REXLEIGH AND S,16271
ERIN GATE AND RANGOON,16272
IVORD AND VICTORIA PARK,16273
FRONT AND SHERBOURNE STATION,16274
O C AND VICTORIA PARK,16275
DALLNER W AND WILSON,16276
CLAI AND DUFFERIN,16277
BROWN S LINE AND HOMER,16278
MOUL AND ST CLAIR STATION W,16279
DON AND FRESH MEADOWS,16280
GLITSPUR AND JANE,16281
LISA AND ORTON PARK,16282
DONLANDS AND SAMMON AV,16283
CENTERAY HOSPITAL LOOP,16284
DUNDAS STATION W AND DUPONT STATION,16285
KENNEDY STATION ADN FINCH STATION,16286
MACDONELL AND QUEEN STATION WEST,16287
D AND LOWER SHERBOURNE,16288
HANNA AND LIBERTY ST E,16289
LOCHINVA AND YORK MILLS,16290
PIONEER VILLEGTE STATI,16291
OLD KENNEDY AND STEELES,16292
HAYMARKET R AND WILSON,16293
HUMBER COLLEGE STATION TREMINA,16294
HUMBER COLLEGE STATION BUS TRE,16295
AVEUNE AND WILSON,16296
BUCK AND SHEPPARD W,16297
MARKHAM AND MCNICOLL A,16298
GUILDWAY AND ROWATSON,16299
CHERRY AND VILLERS,16300
OLS AND ST CLAIR STATION W,16301
RATHBURN AND THE EASTM,16302
FINCH STATION HUMBERWOOD LO,16303
BLACKMANOR AND MARKHAM,16304
FINCH STATION A AND MIDLAND,16305
DON MIL AND FRESHMEADOW,16306
MARTIN GROVE AND RATHURN,16307
DIXON AND KALFIELD S,16308
JULIAN R AND WILSON,16309
JANE AND THETHEWAY,16310
LAWRENCE AND ROSEWELL,16311
DREAMERS W AND GERRARD,16312
LAWRENCE AND MORNING,16313
30TH AND LAKESHORE,16314
BRIMLEY AND WEATHERBY,16315
WELLINGTON AND YONG,16316
SHERWAY ROUTE,16317
DUNDAS STATION AND THORNCLIFFE,16318
DON VALLY AND EGLINTON,16319
GARY AND HOWBERT,16320
STEELES IN AND YONGE,16321
DUNDAS AND DUNDAS STATION,16322
CARRIER AND WILSON,16323
STEELES AND STIENWAY,16324
CHERRY CHE,16325
MOUNT CAST AND STEELES,16326
STEELES KIPLING STATION M,16327
ROYAL YORK STATION STAION,16328
OF T SCARBOROUGH BUS,16329
MARKHAM S,16330
AUDLEY AND PAPE,16331
MCCOWAN STATION LOOP AND STE,16332
SIGNAL HIL AND STEI,16333
DERWYN AND OCONNOR,16334
INGLE SIDE AND WILSON,16335
LAUGHTO AND ST CLAIR STATION W,16336
JEFF AND MARTING GROVE,16337
GRANDRAVINE D AND JANE,16338
ISLINGTON AND STEELES LO,16339
FLORENCE CRES AND JANE,16340
KEELE STATION OUTSIDE,16341
HUMBERWOOD AND R,16342
DUFFERIN AND DUNDAS AND N,16343
BLOOR AND ST CLAIR,16344
BATHURST STATION HOTSPUR,16345
CULFORD AND QUEEN STATION,16346
JANE STATION ROUTE,16347
HARFLE AND HUNTINGWOOD,16348
DUFFERIN STATION DN JANE STATION OSLE,16349
HUMBER REA AND OAKDALE,16350
FINCH STATION E AND WAYSIDE,16351
MCCOWAN STATION R AND TRITON,16352
BEL AND MARTIN GROVE,16353
JOHN GARLAND AND KENDL,16354
HOVE AND SHEPPARD W,16355
SHEPPARD AND YONGE LO,16356
CARROLL E O AND QUEEN,16357
HOLLINGER WATERM,16358
LAWRENCE STATION AND RALPH,16359
CARROLL AND QUEEN STATION,16360
DOWNS AND KEELE,16361
DO AND YORK MILLS,16362
FORT YORK AND LAKESHOR,16363
MILIT AND MORNING SIDE,16364
CHARLES ST E AND YONGE,16365
LAWRENCE STATION ST W,16366
PUTNAM GAT AND STEELES,16367
DUNDAS STATION W AND PAC,16368
ALLINGHAM AND WILSON,16369
LAWRENCE AND MARKHAM R,16370
BATHURST AND CROYDON R,16371
THE ESPLANADE AND YONG,16372
HILD AND STEELES W,16373
BRENYON WAY AND TRAIL,16374
BIRCHMOUNT AND BURTRAN,16375
BRADSTOCK AND WARDEN STATION,16376
KING AND SACKVILLE,16377
PHARMACY AND STELLARTO,16378
KENNEDY AND REDMOUNT,16379
KELLE,16380
T1 AIRPORT,16381
MID DOMI AND MILNER,16382
BLACK CREE AND LAWRENCE,16383
LAWRENCE AND UNSWORTH,16384
STEELES A AND WESTON,16385
MORNELLE CT,16386
QUEE AND RONCESSVALLES,16387
MATRIN GROVE AND REXDALE,16388
DAVIES,16389
AIRPORT AND N,16390
FIMCH AND HWY 400,16391
KENNARD AND WILLIAM AL,16392
DAVISVILLE AND WHITEWO,16393
HUMBER COLLAGE BUS,16394
CHECHAIL LN,16395
OSSINGTON STATION ST GEORGE STATION,16396
TEMPLE,16397
DUNDAS STATION ST W AND KIP,16398
BATHURST STATION AD WILSON STATION,16399
PONY FARM,16400
CARRIER AND,16401
STEELES E AND Y,16402
ISLINGTON STATION BUS,16403
BLOOR ST W AND PRINCE E,16404
IDAG AND SHEPPARD W,16405
BIRCHMOUNT AND DANFO,16406
FINCH STATION W AND RUMIKE,16407
SHOREH AND SHOREHAM,16408
ST CLAIR AND VA,16409
AXSMITH CRESCENT,16410
CONCASTER AND MAIN,16411
HOWARD MOSCOE AND YORK,16412
EGLINTON AND VERONA,16413
BATHURST AND STEWART,16414
BLOOR AND SALEM,16415
FINCH STATION W AND MARTIN GROVE,16416
ARROW AND GAIL GROVE,16417
JARVIS AND QUEENSWAY,16418
EMPIRE A AND QUEEN STATION ST E,16419
OSLER,16420
BRIMLEY R AND TRITON,16421
DUNDAS STATION W AND SHORNCLI,16422
MORNINGSIDE AND WARMSWO,16423
O AND THORNCILLFE PARK,16424
ELLESMERE AND MUIRBA,16425
CONSUMMERS,16426
COL SAM PARK,16427
CENTENNARY HOSPITAL LO,16428
BIRCHMOUNT AND GLENBOWER,16429
GLENCAIRN STATION SATION,16430
COXWELL STATION AND OCONNOR,16431
SHERRRY AND WARDEN,16432
RUSTIC,16433
DUFFERIN AND SYVLAN,16434
EVAN AND ISLINGTON STATION,16435
CHISH AND DANFORTH,16436
DANFORTH AND PATRI,16437
BLOOR AND ISLIN,16438
ASSSINIBO AND SENTINEL,16439
BRIDLEWOOD AND WARDEN,16440
DRAYCOTT AND VICTORIA,16441
BATHURST AND TINCHESTE,16442
BURNHAMT AND ISLINGTON,16443
CONCORD PLACE AND WINF,16444
HIGHWA AND QUEENSPLATE,16445
AVON LOOP WESTON A,16446
JANE AND YORK,16447
ELMCREST AND RATHBURN,16448
PARKVIEW AND WOODBINE,16449
RUNNYMEDE AND VERNON,16450
WILSON STATION HEIGHTS B,16451
TERMINAL 1 PEARSON AI,16452
CEADERVALE AND COSBURN,16453
BRIMORTON AND MC COWEN,16454
MORNING AND PASSMORE,16455
TANDRIDGE CRESENT EW,16456
BERMONDSEY AND O CO,16457
ALB AND ISLINGTON,16458
TORYOR AND WESTON,16459
MCFLAREN AND VICTORIA,16460
MCNICOLL AND PASSMORE,16461
COXWELL AND LO AND QUEEN,16462
GUILD HAL AND LAWRENCE,16463
DUC AND LAWRENCE STATION W,16464
EGLINTON ADN MARLEE,16465
WESTON ADN JUBILEE,16466
SCARBOROUGH GOLF CLUB A,16467
CALEDONIA AND PLAYF,16468
HARLEY AND YONGE,16469
BATHURST AND DEWBOUR,16470
DUNDAS STATION ST W AND E MA,16471
BET AND MARTIN GROVE,16472
DRIFTWOOD AND YORK,16473
SHEPPARD AND SUNFIELD,16474
FINCH AND NORTHFINCH,16475
FERNWOOD AND KINGSTON,16476
ATWELL AND HWY 409,16477
HOPECREST AND KENNEDY,16478
ST CLAIR STATION W STAION,16479
AIRPORT TERMINAL 3 R,16480
FINCH STATION E AU LARGE B,16481
JANE AND WETHERELL,16482
JANE AND JULIAN,16483
BERRY AND GLENN MURRAY,16484
ROUGEHILL GO,16485
DAVISV AND MT PLEASENT,16486
FREELAND AND QUEEN STATION QU,16487
MURRY ROSS AND SENTINA,16488
PINE ST YORK,16489
INDUSTRY AND TRETHEWEY,16490
ELL AND MORNINGSIDE,16491
EGLINTON A AND KEELE,16492
FINCH STATION W AND VIRGILW,16493
BARBER AND DON MILLS,16494
DEE AND ST CLAIR STATION W,16495
EGLINTON AND LOCKLEY,16496
EGLINTON AND LASCALLES,16497
CURL AND LAWRENCE STATION E,16498
401 AND BATHURST,16499
LANSOWNE,16500
CANARTIC AND PETROLIA,16501
QUEEN STATION PARK AND UNIVER,16502
NAHA AND WASHBURN WAY,16503
ATLANTIC A AND LIBERTY,16504
WIL AND WILSON,16505
KING STATION ST PORTLA,16506
SENTI AND SHEPPARD,16507
ISLINGTON AND SEARLE,16508
KEELE STATION PIONEER,16509
RUNNYMEDE STATION JUS,16510
JOH AND WILLIAM DUNCAN,16511
NUGGETT,16512
GOOD AND LAWRENCE STATION W,16513
MCCOWAN STATION AND RAMP,16514
MANTIS R AND STAINES,16515
BAYLAW AND FINCH STATION E,16516
WESTON AND WILSON STATION ON,16517
THE WEST AND WELLESWORTH,16518
CONNOR ST CLAIR STATION,16519
OCONNER AND ST CLAIR STATION,16520
CURITY AND OCONNOR,16521
SYMINTON,16522
THIRTEEN AND TW,16523
CONCORDE AND WYNFORD H,16524
LAWRENCE AND RAIPH,16525
LAWRENCE AND MARLEE AV,16526
DOV AND NORTHUMBERLAND,16527
CANADIAN AND MIDLAND,16528
BROOK AND VALLEY WOODS,16529
ELLESMERE STATION AMD BIRCHMOUNT,16530
LAWRENCE STATION W STSTAION,16531
DREWRY AND YONG,16532
SENTINEL ROUTE,16533
THORNCLIFF PARK DRI,16534
BLOOR AND KINGSCOURT,16535
W TORONT AND WESTON,16536
OAKWOOD AND VAUGHA,16537
MURRY ROSS AND ST,16538
ST ALBANS AND W,16539
EPIC LANE R AND WILSON,16540
B AND GREENWIN VILLEGE,16541
CROSSEN AND HILDA,16542
BROADVIEW AND MOUNT,16543
ALBION AND STRATH HUMBER,16544
GREY AND LANGSIDE,16545
N HU AND OSSINGTON,16546
LAWRENCE STATION WEST,16547
EGLINTON AND KELLE,16548
AND DIANA,16549
KEELE AND MARY PORT,16550
BUR AND LAKESHORE,16551
FLORENCE AND SHERIDAN,16552
EGLINTON AND VAUGHN,16553
ANTIBES AND TORRSEDALE,16554
BOLIMGBRO AND LAWRENCE,16555
MCCAUL AND QUEEN,16556
PROMENAD AND PROMENADE,16557
STEELES ANS STAINES,16558
COSBOURNE AND PAPE,16559
LAWRENCE AND RALPH STR,16560
MCCOWAN AND STEELES L,16561
ALLIANCE AV AND JANE,16562
MCC AND SHEPPARD E,16563
BATHURST AND LAURELC,16564
GREENWIN VILLAGE AND ST,16565
GREE AND LAWRENCE STATION E,16566
ALLEN KINNARD,16567
ATTWELL AND CARLINGV,16568
ADALAIDE AND BAY,16569
LAWRENCE STATION E GREEN B,16570
BREBEUF AND STEELES,16571
THEO ABEN AND VAUGHAN,16572
LAWRENCE STATION WEST STATION,16573
TYCOS,16574
QUEENSPLATE,16575
EGLINTON BUS GARAGE C,16576
EGLI AND KINGSTON,16577
KIPLING AND WDDICOMBE,16578
BIRCHMOUNT GARGE,16579
CHARL AND QUEEN STATION S PARK,16580
WRIGHT,16581
MCLEVIN AND SEWELL,16582
DORA AND WESTON,16583
MCCOWAN STATION BETWEEN 401 A,16584
BERKELEY,16585
PALMSTON AND QUEEN,16586
HENLE AND JOHN GARLAND,16587
LAWRENCE AND SCAR G,16588
MORNI AND STEELES E,16589
BL AND SHERBOURNE STATION ST N,16590
7 50 AND KENNEDY,16591
OTONOBE AND WILLOWDALE,16592
MILNER A AND NEILSON,16593
FIRVALLEY C AND WARDEN,16594
PAPE STATION BUS BAY STATION,16595
BERMIC AND SCARLETT,16596
PROM AND PROMENADE CIR,16597
STEELES ISLINGTON STATION LOOP,16598
KENNEDY STATION NORT,16599
LOWER JARVIS AND QU,16600
ESPLAN AND PRINCESS,16601
THE E MALL TALGAR,16602
ALD AND PARKVIEW HILLS,16603
SCUHTHORP AND SHEPPARD,16604
DUNDAS AND ST CLARENS,16605
FINCH STATION AND HUMBERWOOD,16606
ISLINGTON AND KIPLING STATION,16607
ELLESMERE AND PURPLEDU,16608
FINCH STATION AND JAYZEL,16609
OVERLEA AND WILLIAN MOR,16610
LEASIDE PAR AND OVERLEA,16611
BIRCHMOUNT AND ENTERPRISE,16612
DANFORTH AND WOODI,16613
WESTLAKE,16614
HEA AND MOUNT PLEASANT,16615
FINCH STATION W AND NORFIN,16616
COLONIEL SAM SMITH LOO,16617
DUPONT AND OSLER,16618
MACROS AND MIDLAND,16619
KE AND SHEPPARD W,16620
LAWRENCE AND LORENDALE,16621
BEAVERB AND KIPLING,16622
TEAK AND WYNDCLIFF,16623
PIONEER SUBWAY STATION,16624
EGL AND KIPLING,16625
GOS AND KIPLING,16626
MURR AND WARDEN,16627
EGLINTON AND HOLLY,16628
DU AND DUFFERIN,16629
ANNET AND KEELE,16630
PRODUCTIO AND PROGRESS,16631
SUN AND WILSON STATION HEIGHTS,16632
DUNCAN MILL,16633
FINCH STATION MID AND MCCOWAN,16634
EDWARDS AND YONGE,16635
OSSINGTON STATION NIGHT BUS,16636
ISLI AND STEELES W,16637
KING STATION EDWAR AND LUMSDEN,16638
S AND UPPER COLLEGE,16639
MCNAB AND WARDEN,16640
EMERALD LA AND STEELES,16641
QUEEN AND TECUMSETH,16642
BAY AND TEMPERANCE,16643
BIN AND VICTORIA PARK,16644
GOULDING AND YONGE,16645
HENERIATTA AND RUNNYMEDE STATION,16646
HIGHLAND CRE AND HWY 2,16647
SCUN AND SHEPPARD E,16648
GRENOBLE AND SPANBRI,16649
LAMBTON AND SCARLETT,16650
BELM AND VICTORIA PARK,16651
BATHURST AND WELL S HI,16652
SENLAC AND WILLOWDALE,16653
LAWRENCE STATION SERVICE,16654
LARINDALE AND LAWRENCE,16655
DANFORTH AND OAK PARK,16656
INDUSRTY,16657
BURNHAMTHOR AND DUNDAS,16658
MEADOWVALE AND ZOO ROAD,16659
AVOP LOOP AND WILSON STATION,16660
CONNOR AND SUNRIS,16661
KEN AND ST CLAIR STATION E,16662
COL SAMUEL SMITH AND L,16663
BAYVIEW AND STEELES L,16664
BROADVIEW AND THOMPSON,16665
ALLIANCE AND ROGERS,16666
DYNEVOR R AND EGLINTON,16667
ST CLAIR STATION W AND TWEE,16668
IAN MCDONALD AND T,16669
427 AND BURHAMTHORPE,16670
INDUSTRY AND MT DENNIS,16671
CANMORE AND HALFMOON S,16672
ELLES AND MEADOWVALE,16673
LOFTY HILL WAY,16674
HIDD AND STEELES W,16675
GLENELLE AND PARK LAWN,16676
ALMA D AND SCARLETT,16677
MADAAWASKA AND YONGE,16678
PROGRESS AND TRITON,16679
COLLEGE STATION,16680
GIBBS AND THE E MALL,16681
QUEEN STATION QUA AND YONGE,16682
ORMONT AND WESTON R,16683
GLEN COMMUNITY CENTRE,16684
VAUGHAN ST CL,16685
MAJOR MACKENZIE E A,16686
NORT AND STEELES W,16687
NEVILLE AND QUEEN STATION ST E,16688
ERSKINE AND YONGE,16689
EASTDALE AND SEACORD,16690
RED LEA,16691
FOUR WINDS,16692
VICTORIA PARK STATION SHEPP,16693
QUEEN STATION WEST,16694
COMMONWEA AND EGLINTON,16695
DIXON NEAR MARTIN G,16696
PRIVET AND WILSON,16697
STEELES ANS SHADLOCK,16698
TOM LONGBOAT LANE,16699
ATHLE AND IAN MCDONALD,16700
ALAN AND SOUTHWOOD,16701
BROADVIEW STATION AND YONGE,16702
BATHURST AND DEWBOUNE,16703
BIRCHMOUNT AQND STEELES,16704
OLD WESTON AND SIGN,16705
SISKIN AND STAINS,16706
MELROSE AND ROYAL YARK,16707
MONARCH P AND MORTIMER,16708
BATHURST AND VAUGHN,16709
CALED AND ST CLAIR,16710
MARKHAM AND TUXEDO CT,16711
ANABELLE AND KIPLING,16712
HIGHVIEW E AND WILSON,16713
COLLEGE AND DUFFERIN STATION,16714
DAVISVILLE AND MARTIN,16715
CLEVELAND AND DAVISVILLE STATION,16716
BAYVIEW STATION AND MARTIN,16717
BIRCHMOUNT AND CHRUCHN,16718
ROUGESIDE PROMENADE,16719
LAWRENCE STATION W AND LITT,16720
HICK AND LAWRENCE STATION W,16721
SCARLETT AND WARDEN STATION,16722
B AND PRINCE EDWARDS,16723
ST C AND WOODROW,16724
LAWRENCE STATION EA,16725
LAURENTIDE,16726
EMMITT AND PINE,16727
DUNSTER AND YONGE,16728
CHAPLIN CRES AND ORIOLE,16729
ELLESMERE STATION A AND MARKHAM,16730
KINGS AND SYMINGTON,16731
QUIL AND SHEPPARD W,16732
COXWELL AND MORTIME,16733
DON AND SHEPPARD E,16734
SULTAN POOL,16735
ELLESMERE AND MEADOWAV,16736
EGLINTON AND KELE,16737
BIRDSTON AND WESTON,16738
ALBION AND CARRIER DRI,16739
CLAUDIA AND ELLESMERE,16740
ALTON TO AND MCCOWAN,16741
BONNY AND QUEEN STATION QUAY,16742
ELMHU AND ISLINGTON,16743
DREWRY AND MARTHON,16744
BLOOR S AND DUFFERIN,16745
L AND OLD FINCH,16746
COE HILL AND WINDERMNE,16747
MORNINGSIDE AND SHE,16748
DON M AND LAWRENCE,16749
DAVEN AND DOVERCOURT,16750
KIPLING STATION TORLAKE T,16751
ST CLAIR STATION E AND WOODROW,16752
CHERRT AND VILLIER,16753
COXWELL STATION AND QUEEN STATION ST E,16754
DON MILLS AND ST DENNIS,16755
CREMORNE AND EVANS,16756
DUNDAS STATION W AND THE EA,16757
JERVAIS AND WYNFORD,16758
CARLUKE CRES AND FIFIE,16759
DUFFE AND SHEPPARD,16760
BISHOP AV AND YONGE,16761
THORBURN,16762
BAYVIEW STATION AV,16763
BUSH AND GRANGEWAY,16764
BATHURST AND DRURY,16765
O LEARY AND OAKWOOD,16766
BROWNVILLE,16767
FINCH STATION AND TANGERS,16768
DRIFTWOOD AND WILM,16769
FINCH STATION JUST,16770
BATHURST STATION ONTO BATH,16771
QUEEN STATION QUAY E AND RICH,16772
LYNNDALE,16773
AMAZON FULFILLMENT LOO,16774
ATHABASKA AV AND YONGE,16775
SHOREHA AND SHOREHAM,16776
CHRIS AND ST CLAIR,16777
DUNDAS STATION AND GERRARD,16778
CHAPLIN CRES AND YONGE,16779
MARTIN GROVE AND RICHV,16780
BOOTH AND QUEEN,16781
FREASH ME AND TOWNSEND,16782
BIRCH AND ST CLAIR,16783
BATHURST AND MARQUE,16784
LOWE AND WILSON,16785
MAL AND SHEPPARD E,16786
MARTIN GROOVE AND STEELES,16787
UPPER HIGHLAND AND YO,16788
K AND MURRAY ROSS PKWAY,16789
TUNDRA LN AND VARNA,16790
TUNDRA LANE AND VARNA,16791
CONCORD AND NORTHHUMBE,16792
BETHRIDGE AND HWY 27,16793
JANE AND MARKS,16794
DON MILLS AND FARMC,16795
COEHILL AND WINDERMERE,16796
STEELES AND WAGGONE,16797
JANE AND STEELES AV,16798
BROADVIEW STATION AND DUNDAS,16799
KIPLING STATION LAKES,16800
FINCH STATION E AND GORDON,16801
HIGHWOOD AV AND WARDEN,16802
DUFFERIN STATION KEYW,16803
INDUSTRY AND MOUNT DE,16804
GALLO AND LAWRENCE,16805
TTC WILSON STATION GARAGE,16806
OPPOSITE 4600 BATHURST,16807
YORK MILLS STATIONQ,16808
BARMAC AND GARY RAY,16809
BATHURST AND WILSON STATION AV,16810
SAUNDERS AND WILSON,16811
ELLESMERE AND MIRROW,16812
EGLINTON E AND YONGE,16813
DOCKSIDE AND QUEEN STATION,16814
DRIFTWOOD A AND JANE,16815
MOULD AND ST CLAIR STATION,16816
YORKDALE STATION RAN,16817
ARROW AND PEMICAN,16818
ALEXMUIR AND BRIMLEY,16819
DUCK AND LAWRENCE STATION W,16820
ALBION AND ARMEL CT,16821
MARKLAND AND SILVERTHORN,16822
CONCORDE PLAVE,16823
GULLIVER AND HURDMAN,16824
CHAPLIN CRESCENT AND R,16825
EGLINTON BTWN KENNEDY STATION,16826
DUFFERIN AND KEYWEST A,16827
BETH AND OVERLEA,16828
DI AND ST PHILIPS,16829
BROWN AND JELLICOE,16830
CHESTER STATION,16831
FUTIRITY G AND STEELES,16832
EGLINTON AND RICHAR,16833
DUNDAS STATION W STATON,16834
BICK AND EGLINTON W,16835
CORAL GAB AND WESTON,16836
BLACK THO AND EGLINTON,16837
SHEPPARD AV W,16838
EGLINTON W GLEHOL,16839
TRANSWAY CR,16840
KINGSTON AND MANDERLUY,16841
GUNN AND ST CLAIR STATION W,16842
MARRYHILL,16843
PRINESS GATE LOOP,16844
REGAN PARK AND SHEPPARD,16845
CROSSL AND PENWORTH,16846
AND GLENGROV,16847
CHAPMAN AND YONGE,16848
BAYVIEW AND POTTARY,16849
BA AND GRINWIN VILLAGE,16850
STEELES ANDE MARTIN GR,16851
BATHURST STATION STATON,16852
FINCH STATION AND HUMBER LINE,16853
CHURC AND VICTORY CRES,16854
MAR AND SHEPPARD E,16855
BLOOR AND MARKDALE,16856
LAWRENCE STATION RT,16857
FINCH STATION AV AND MARKHAM,16858
ANTIBES AND TORRESDA,16859
LESLIE AND MARSHFIEL,16860
BAYVIEW AND MOORE A,16861
DON MILLS AND HAVEN,16862
CULVER AND STAINES,16863
EASTVA AND STEELES,16864
HOWDEN,16865
DRIFTWOOD AND YEWT,16866
AEROWOOD AND DIXIE,16867
FINCH STATION FINCH STATION AND KEELE,16868
RANFOTH STATION,16869
BELFIELD AND BROCK,16870
EXHIBITION LOOP MANIT,16871
KING STATION ST E AND RIVER,16872
LAWRENCE AND WAYNE EA,16873
OSSINGTONSTATION,16874
DANFORTH AND MAINE,16875
DAVISVILLE AND YON,16876
ELIZABETH AND ELM,16877
BLOO AND SHERBOURNE,16878
DON MILLS AND GREEN,16879
BIRCHMOUNT AND SILV,16880
BRANDON AND DUPONT,16881
BERWICK A AND YONGE,16882
COMSTOCK AND LEBOVIC,16883
NORN CRES,16884
EMMET AND JANE STATION,16885
BURWICK AND DUPLEX,16886
JOHN GARLAND KIPLING STATION,16887
AGUSTA AND QUEEN,16888
CORONA AND LAWRENCE STATION,16889
JANE STATION TO,16890
BAYVIEW AND SUNNYD,16891
DOLLY AND ELLESMERE,16892
MANTELLO,16893
CLARKSON,16894
GEORGE APPLETON W,16895
ENTERPR AND WARDEN,16896
BIRCHMOUNT AND ROLA,16897
CALEDONIA AND LAWRE,16898
DUFFERIN AND ST,16899
710MANIZA,16900
ROSSED AND STEELES,16901
DUND AND OSSINGTON,16902
YORK MILLS STATION OUT,16903
BATHURST AND NEPTUN,16904
BRIMLEY AND FINCH STATION E,16905
HUNTINGWOOD AND ST CRI,16906
KENNEDY AND MALTA S,16907
BLOOR AND MARKLAND OR,16908
KENNITH AND SHEPPARD,16909
COLLECTOR LANES WEST,16910
KIPLING STATION LOOP AND LAKESH,16911
RICH AND WILLOWRIDGE,16912
NORMAL WEST AND SHEPPARD,16913
MCCOWAN STATION AND TRITION,16914
BROADVIEW STATION AND QUEEN STATION ST E,16915
COXWELL AND QUEEN STATION S,16916
SAULTRER AND VILLIERS,16917
METR AND VILLEGE GREEN,16918
MORNINGSIDE AND OLD F,16919
HOLLY AND SOUDAN,16920
EVA AND HWY 427,16921
DORMIN AND ELLESMERE,16922
DON MILLS AND YORK M,16923
DRIFTWOOD AND GRAND,16924
COMMONWEALTH AND EGLIN,16925
HWY 4 AND KINGSTON,16926
HARBO AND QUEEN STATION S PARK,16927
ARMADALE AND JANE,16928
WILSON STATION WI AND YONGE,16929
MART AND STEELES W,16930
BERTRAND AND EGLINTON,16931
YORK MILLS STATION BUS TERMINAL,16932
DANFORTH A AND PAPE,16933
CHATTERTON,16934
STEELES E AND WARDEN STATION,16935
JARVIS,16936
ELLESMERE AND MORNI,16937
EGLINTON W AND GLE,16938
MCROBERTS AND ST CLAIR,16939
FINCH STATION W STATON,16940
CALEDONIA AND LANDSDOW,16941
SHEPPARD W AND W,16942
OLD AND VICTORIA PARK,16943
GLENHU AND OAKWOOD,16944
DON M AND SHEPPARD,16945
FARMSTEA AND LESLIE,16946
MICHAEL POWERS SCHOOL,16947
MORNINGSIDE AND TA,16948
BIR AND ST CLAIR STATION E,16949
BIRCHMOUNT AND STAL,16950
BIRCHMOUNT AND SANDWOO,16951
LAMBER AND SENTINEL,16952
ST CLAIR STATION W AND VAU,16953
JUDSON,16954
PAPE STATION AV,16955
INDUSTRY AND MOUNT,16956
BERKHAM,16957
THURSH,16958
MCCOWAN STATION LOOP AND ST,16959
FINCH STATION A AND KENNEDY,16960
HIGHLAND OAK AND KINGS,16961
GUILDWOOD AND PRI,16962
KEELE AND LAWRENCE STATION A,16963
DUNCANW AND FINCH STATION W,16964
BATHURST AND GREENWI,16965
CRESCENT AND MT PLEASE,16966
FINCH STATION AV AND NEILSON,16967
JOSEPH G AND TORBARRIE,16968
OPPOSITE OF LESMI,16969
KINGSTON AND ST CLA,16970
2 20 FINCH STATION E,16971
BRIMLEY AND FINCH STATION A,16972
GAT AND SHEPPARD E,16973
FINCH STATION E AND WAR,16974
BURTON,16975
BAY STATION ROUTE,16976
WORKMAN WAY,16977
COLLISON AND WILSON,16978
DIXON AND KIPLING STATION A,16979
GALA AND INTERNATIONAL,16980
GRENADIER AND PARKSIDE,16981
BRIMLEY AND WILCLAY,16982
WILLAM CRAG AND WILSON,16983
KENNEDY STATION STASTION,16984
RENFORTH STATION TRANSITWAY,16985
QMG6 8P,16986
EGLINTON W AND JAN,16987
WATERLOO,16988
ANN MIRVISH PAR AND ED,16989
QUEEN STATION ST W AND YO,16990
BROADVIEW STATION O CO,16991
DOUGLAS AND MACLENNAN,16992
QUEEN STATION AND SHORECLIFFE,16993
SOUTHWOO AND WILLAMSON,16994
DUNDAS STATION W AND ISLING,16995
EASTERN AND LARCHMOUNT,16996
MANIZA AND REGENT,16997
GERTRUDE PLAC AND PAPE,16998
DENTO AND VICTORIA PARK,16999
PONEER VILLAGE STATION,17000
KEELE AND PAXTONIA BLV,17001
JET AND SILVER DART,17002
QUEENSWAY AND SUNNYSID,17003
RENFORTH STATION AND WESTON,17004
MILLWOOD AND THORNCLIF,17005
OVERLEA AND YORK TOWN,17006
CHAPLIN C AND ROSELAWN,17007
CANARCTIC DE AND PETR,17008
BELFIELD AND BROOKPORT,17009
HWY 427 S,17010
CHAPLIN CRES AND OIROL,17011
AYLESFORD AND KINGSTON,17012
BAYVIEW AND LAURALEAF,17013
DANFORTH AND HUNTINGWOOD,17014
LAKESHORE AND MARGINAL,17015
ST CLAI AND WARDEN,17016
KENNHATCH,17017
CLEADO AND MCNICOLL,17018
COXWELL AND SCARLETT R,17019
FORSET MANOR,17020
WARDEN STATION ND STEELES,17021
MEADOWACR AND VICTORIA,17022
BATHURST STATION AND NAPTUNE,17023
MA AND WESTHUMBER,17024
EGLINTON AV W,17025
3 CONCORDE PL,17026
B AND THISTLE DOWN,17027
ARROW TRANSPORTTATI,17028
DUFFERIN AND JANE STATION OS,17029
EGLINTON E AND LASC,17030
EGLINTON E AND FAL,17031
COSBUR AND WOODBINE,17032
BATHURST AND YORKVIE,17033
PARK HOME AND YONGE,17034
CORPORATE AND PR,17035
FLUELL AND HUNTINGWOOD,17036
ABITIBI AND WILLOWDALE,17037
PIONEER VILLAGAE STATI,17038
RATHB AND THE W MAL,17039
KING STATION AND OSSINGTON,17040
BIRCHMOUNT AND CASS AV,17041
FINCH AND YORK GATE W,17042
CLOCK AND DON MILLS,17043
ATTWEL AND DISCO,17044
LAWRENCE STATION A AND MARKHAM,17045
LAWRENCE STATION AND PINR,17046
EGLINTON AND REDPATH A,17047
LAKESHORE W AND N,17048
BATHURST AND YORKDOWN,17049
CASTL AND HENRIETTA,17050
BAT AND FISHERVILLE,17051
E MALL AND VALHALLA,17052
TERMINAL ONE,17053
EXBITION LOOP,17054
EVANS AND ISLINGTON STATION E,17055
EGLINTON AND KENNEDY STATION S,17056
GREENWIND AND REGATTA,17057
AT S AND LAWRENCE STATION E,17058
COMMERICAL AND LAIRD,17059
ROUGE GO,17060
RI AND WINTERMUTE,17061
FINCH STATION W AND HIGHWA,17062
DANFORTH AND OSSINGTON,17063
BLOOR SYMINGTON LA,17064
COLLEGE AND LANSDOWNE STATION,17065
KIPLING AND SUNVALE,17066
ORCHID PL AND PROGRESS,17067
HUMBER AND SILVER BELLS,17068
EASTWICK AND EVANS,17069
PLAINS S AND WOODBINE,17070
CALERLEY AND ELLESMERE,17071
BATHURST AND GREEWIN V,17072
EGLINTON AND RUMESY,17073
IAN MACDONALAD AND VAN,17074
WOODBINE STATION CASION,17075
HA AND HUMBERWOOD BVLD,17076
401 N YORK,17077
DAVENPORT AND KENDAL,17078
AND WILSON STATION AV,17079
ALLNESS AND SUPERTEST,17080
SYLVEST AND WINTERMUTE,17081
FINCH STATION AND TANGIESR,17082
MATTARI CT,17083
BATHURST AND OAKWOOD,17084
FINCH STATION AND WILSON,17085
CUMER AND YONGE,17086
LIBERTY AND LUNN WILLI,17087
CONARCHER AND STEELES,17088
PARKVIEW AND YONGE,17089
KINGSTON AND W HILL,17090
JANE AND WILLIAM CRA,17091
ISLINGTON AND QUEEN STATION,17092
LAKSHOR AND PARLIAMENT,17093
KIPLING STATION LOOP AND LAKESHO,17094
R AND WILLIAM ALLEN,17095
ETHEL AND OLD STOCK YA,17096
LAKESHORE AND MILL,17097
NEW AND WILLOWDALE,17098
STEELES W AND THUR,17099
HUMBER AND WINDWOOD,17100
GRANDR AND SENTINEL,17101
KING STATION AND MEADOWVALE,17102
MIDLAND STATION LORD ROBERT,17103
OPPOSITE 1700 WILSON STATION A,17104
QUEEN STATION QUAY E AND YONG,17105
NEWGALE GATE AND TAPPS,17106
OLD WESTON ANBD STE,17107
STEELES W LOOP AT,17108
MC MCCOWAN AND MILLIKEN,17109
DRIFTWOOD AND LASKAY C,17110
EARLSCOURT LOOP AND ST,17111
STEELES AMD JEWELL,17112
HAREFIEL AND HINTON,17113
CNE LOOP 100 MANITOB,17114
JANE AND SHEPPARD AV,17115
JANE AND LAWRENCE STATION AV,17116
EDINBOROUG AND SCARLETT,17117
AND JANE STATION AND TRETHEWEY,17118
MORNIN AND SHEPPARD,17119
OLD Y AND YORK MILLS,17120
TORYORK D AND WESTON,17121
YORK AND YORK MILLS,17122
SCARBOROUGH BUS TERMIN,17123
LAWRENCE STATION AND MT PLEASENT,17124
FRESHMEAD AND TOWNSENT,17125
BROWNS AND LAKESHORE,17126
DVP BLOOR EXIT,17127
TERMINAL 1 PEARSON A,17128
GUILD HALL AND WARDEN,17129
TANJOE CRES,17130
BATHURST AND QUEENSQUA,17131
AND MABERLY,17132
CARLTON AND JARVIS,17133
FENMAR AND KENHAR,17134
STEELES AND YONGE IN,17135
OV AND THORCLIFFE PARK,17136
BRSDSTOCK AND WESTON,17137
CHAPLAIN AND,17138
KINGSTON AND MARLEE,17139
SEDNEY BELS AND WESTON,17140
EGLINTON W STATIONQ,17141
PALM AND STEELES,17142
DRAON ALL AND DUFFERIN,17143
STAR SPRAY,17144
MAPLE BU AND WESTON,17145
FOUNTIAIN AND SENTINEL,17146
BAYVIEW STATION AND PLEASANT,17147
MALERN GARAGE,17148
KINGSTON AND RESTHA,17149
EGLINTON AND MARLEE AV,17150
ST CLAIR STATION W AND WYCH,17151
ELLE AND MEADOWVALE,17152
KNOB HIL AND WESTON,17153
AND BOMBAY L,17154
DUNDAS STATION W AND GILMOR,17155
ATLANTIC AND KING STATION S,17156
LEAVE AND THE W MALL,17157
CONUMERS AND YORKLAND,17158
ORTON PARK AND THORNBE,17159
BATHURST STATION AQND INVERMAY,17160
BATHURST AND FISHERV,17161
DEAN AND WARDEN,17162
JOHN ST W AND KING STATION ST W,17163
FALSTAFF A AND KEELE,17164
LAK AND LOWER JARVIS,17165
BROC AND LAWRENCE STATION E,17166
COXWELL AND SPRINGD,17167
BROWNS LINE AND VALERMO,17168
BLOOR ST W AND JANE STATION,17169
FO AND LAKESHORE W,17170
JUNCTION R AND KEELE,17171
ARROW AND LIDO S,17172
COLEMAN AND DAWES,17173
DONWAY AND SANDERLING,17174
CRAIGHURST AND YONGE,17175
FRANKWO AND ROYAL YORK,17176
BEDFORD AND YONGE,17177
MORNINGSIDE AND OLD FINCH,17178
OAKWOOD AND OSSINGTON STATION,17179
AIRPORT AND CHURCHILL,17180
BLOOR AND DUNDAS STATION ST W,17181
DOLOMITE AND DUFFERIN STATION,17182
EGLINTON ADN LEBOVIC,17183
JANE AND SHOREHAM NORTH,17184
CLANDFIELD AND MARKHAM,17185
KINGSTON AND UNDER HWY,17186
KENNEDY STATION BY TH,17187
YONGE AND YORK MILLS STATION O,17188
HILLCREST,17189
AND DUPLEX,17190
BELFIELD AND ENTERPRIS,17191
HILL COLLEGIATE,17192
DUPONT AND PERTH,17193
ANNETTE AND WESTON,17194
CROW AND LORADEEN,17195
HOWARD MOSCOE STE,17196
AVON LOOP DUNDAS STATION WEST STATION,17197
ALLIANCE AND JANE STATION O,17198
BATHURST AND CHAMPLAIN,17199
LAWRENCE AND LITTLES A,17200
IAN MA AND THE POND,17201
QUEEN STATION BAY STATION,17202
MT PLEASANT AND ROSLIN,17203
HUMBERWOOD LOOP 1440 H,17204
KENNEDY STATION 1634 H,17205
MCCOWAN AND TANSLEY,17206
ISLINGTON STATION BETWEEN NORS,17207
GRAND AV AND QUEENSWAY,17208
HWY 2A AND KINGSTON,17209
BATHURST STATION BETWEEN STEELES,17210
DON VAL AND WYNFORD,17211
ALEXDON E AND FINCH,17212
OMAGH AND WESTON,17213
KING STATION AND RONCESVALLES,17214
ALEXIS AND BATHURST,17215
VALHALLA INN THE E,17216
GLEDHILL AND LUMSDEN,17217
LILLIAN AND SOUDAN,17218
ODETTE AND WELLNESS,17219
BRADSTOCK,17220
DOHME AND HOLLINGER,17221
LIITLE AND SEWELLS,17222
PAPE STATION STATON,17223
FINCH STATION KIPLING STATION TO,17224
BELLAMY AND EASTPARK B,17225
BAUDI AND HIGHVIEW,17226
ROGE HILL GO STATION,17227
INDUSTY,17228
HWY 404 AND STEELES,17229
BAY AND KING STATION ST WEST,17230
CARLINGV AND RENFORTH,17231
DUFFERIN STATION FI AND FINCH,17232
DEEP DENE AND KINGSTON,17233
HWY 401 AND MARKHAM,17234
GARRETT BLV AND WILSON,17235
COXWELL STATION LOOP,17236
OVER AND WILLIAM ALLEN,17237
DUNDAS AND RONCEVALLES,17238
HUMBER AND THE QUEENSWAY,17239
DANZIG AND KITCHENER,17240
KEELE STATION AMD DIANA,17241
NORRIS PLAC AND WESTON,17242
FINCH STATION ANDE BRIDLETOWNE,17243
BOROUGH AND PROGRESS,17244
JOHN AND MORNING SIDE,17245
ISLINGTON STATION ANDD BLOOR,17246
BIURNAMTHORPE AND KIPL,17247
BRIMLEY AND WINSTON,17248
SHEPPARD W PIONE,17249
DORCOTE AND MIDLAND,17250
DUNEFIELD AND EGLINTON,17251
BISHOP AND NORT AND YONGE,17252
ISLINGTON STATION BETWEEN EVAN,17253
BLOOR AND UNIVERSITY,17254
AND DAVENP,17255
MORNINGSTAR GORWAY,17256
BAY STATION FRONT AND Q,17257
BRIAR HILL AND MARLEE,17258
COMMSTOCK AND PHARMACY,17259
DUNDAS AND ROYAL AVON,17260
DANFORTH AND SEMINOFF,17261
ST JOHN HENRY PUBLIC,17262
WYNFORD AND WYNFORD H,17263
ST CLAIR STATION AND WOODBINE,17264
NEIL MCNEIL HIGHSCHOOL,17265
PAPE AND SELKRIK,17266
ANNETTE AND EVANS,17267
SCARBOROUGH HEALTH NET,17268
DIXONAND CARLINGVIEW,17269
3 AND LAKESHORE W,17270
DON M AND FREASHMEADOW,17271
CON AND MILITERY TRAIL,17272
LYTTON AND PAPE STATION,17273
SPADINA AND ST CLAIR STATION W,17274
FINCH STATION W STAITON,17275
TWEEDSMUIR,17276
WARDEN STATION 102 P,17277
BRIDLE PA AND LAWRENCE,17278
HOWELL AND SHEPPARD,17279
BURTHANT AND MALL,17280
ELLESMERE STATION AND REDDINS,17281
VILLAGE GATE SQ,17282
ISLINGTON STATION D,17283
DUFFERIN AND FINCH STATION 2,17284
EGLINTON ADN MT PLEASA,17285
PIONEER VILALGE STATIO,17286
DIXON AND RIVER HEIGHT,17287
OVERBROOK AND WILLIAM,17288
WOODBINE STATION RACETRACK MA,17289
DUFFERIN AND ROSA,17290
KENNEDY STATION E AND STEELES,17291
MCCOWAN AND STONE BRID,17292
ROYAL YORK AND W RI,17293
OVERLEA AND THRON,17294
EGLINTON AND KING STATION,17295
MARTIN GROVE AND PRINCE,17296
FINCH STATION W AND GRANTBO,17297
LESLIE AND TREE SPARRO,17298
BAYVIEW STATION AND YORK MILLD,17299
BIRCHMOUNT AND ELLENDA,17300
SHEPPARD AMD ECOPARK G,17301
ALL AND SHEPPARD E,17302
SHEPPARD AND ST REGIS,17303
LEGEND AND MORNINGSIDE,17304
BRECREST AND WESTWAY,17305
MARKHAM AND PENNYBROOK,17306
NORN AND STEELES,17307
ROCKCLI AND ROCKCLIFFE,17308
MILNER AND PARKBOROUGH,17309
DIXON AND MCMANUS RO,17310
MALL AND W DEA,17311
FNCH AND MIDDLEFIELD,17312
FLEECEL AND LAKESHORE,17313
HIGHGLEN AND MCCOWAN STATION,17314
ARUNDEL AND MORTIMER,17315
MC MCCOWAN STATION AND MILNER,17316
MOORE PARK A AND YONGE,17317
BILLIGHAM AND DUNDAS,17318
MANHATTEN D AND WARDEN,17319
CRAYDON AND EGLINTON,17320
CENTENIAL LOOP,17321
ELLESMERE STATION RT LOOP,17322
DREWRY AND GARDENIA,17323
CARPERNTER AND STEELES,17324
DON MILL AND YORK MILLS,17325
BAY AND FRONT LAKESH,17326
ALDEN AND WARDEN,17327
AGNUS GLEN COMMUNITY C,17328
HEATHER,17329
GUILDWOOD AND LAWRENCE STATION,17330
COXWELL AND ST CLAIR STATION,17331
BLOOR AND MARKHAM,17332
KEELE STATION DUFFERIN STATION,17333
DUNDAS STATION W AND SHAVER,17334
DON MILLS AND HEAVENBO,17335
QUEENSWAY AND SHERWAY,17336
ANTILIES AND BATHURST STATION,17337
GARNETT JANE AND TWEL,17338
CARLHALL AND JOHN DRUR,17339
BEECHGROOVE AND CORONA,17340
DANFORTH AND LAYTON,17341
DIXINGTON CR AND DIXON,17342
DRIFTWOOD AND T,17343
BELLAMY AND OAKRIDGE,17344
EGLINTON AND HILLSTOP,17345
RAINIER SQ,17346
KEELE STATION AND QUEENSWAY,17347
MIDLAND STATION AV,17348
STEELES AV W,17349
BRENYON WAY AND FOREGA,17350
HOMEWOOD,17351
BLOOR AND SYMINGTON A,17352
BASTION AND FORT YORK,17353
WOODBINE STATION CASINO RACE,17354
INVERGORDON AND MCCOWAN,17355
PRINCE AURTHUR,17356
HUMBERWOOD AND VIEWCRE,17357
LAS AND MILITARY TRAIL,17358
GREENWIN V AND STEELES,17359
DUPONT STATION AND LANDOWNE,17360
CALEDONIA AND LANE S S,17361
LAWRENCE AND PIMICO,17362
MERCHA AND QUEEN STATION QUAY,17363
BONNYCASTLE AND QUEEN STATION,17364
CUMMER AND MCNICOLL,17365
CORMWELL AND KINGSTON,17366
DON MLLLS AND GATEWAY,17367
COLDSTREAM AND MARLEE,17368
REDDINS,17369
HWY 40 AND WYNFORD,17370
MAYBURY AND ROYWOOD,17371
KANTURK AND MARBURY,17372
PASSMORE AND SLIVER,17373
HOMER AND ROCKCLIFFE,17374
ASHLETY AND ROYAL YORK,17375
JANE STATION AND KIPLING,17376
DANFORTH AND GORDANRID,17377
CRESENT T AND VICTORIA,17378
NORWAY AV AND WOODBINE,17379
ABERLADY AND ISLINGTON,17380
SCARBOROUGH TC,17381
GERRARD STATION S AND WOODBINE,17382
EMMET AND JANE,17383
BAY AND,17384
MARKHAM AND TURBINA N,17385
BAY AND GARDINER EXPRE,17386
BIRCHMOUNT AND RANDSTO,17387
BAINBRIDGE AND BATHURST,17388
DAVENPORT AND PRIMROSE,17389
MANIZA AND PLEWES,17390
HAGERSV AND RANGOON,17391
EGLINTON BTWEEN OAKWOOD,17392
KIPLING STATION 515 P,17393
QUEEN AND SOHO,17394
BATHURST AND RENEE,17395
ST CLAIR STATION W AND WAR,17396
WILSON STATION LOWER L,17397
427 RAM AND AIRPORT,17398
JANE AND MURRY ROSS,17399
UPTOWN AND WARDEN,17400
BLOOR AND ROBERTS,17401
LAMPTON AND ROCKCLIFFE,17402
EGLINTON WAND OLD,17403
KEELE AND MURRY ROSS,17404
BRIMLEY LOOP AND STEELES,17405
SIGNAL HILL AND SIGNET,17406
HIGHVIEW,17407
MCKNIG AND MORNINGSIDE,17408
GEOFFREY AND PARKVIEW,17409
LAIRD AND PARKHURST,17410
BLOOR AND RUSHOLME,17411
FINCH STATION SOUTH AND MARKHAM,17412
STEELES E AND YONG,17413
HIGHLAND CRK OPAS,17414
HICKORY AND WESTON,17415
E AN AND LAWRENCE,17416
BEN AND LAWRENCE STATION W,17417
KENNEDY STATION AND TRANSWAY,17418
CONCORD PL ABND MACDON,17419
DANFORTH ANF COXWELL STATION,17420
NEILSON ADN CROW TRAIL,17421
EGLINTON E STATION,17422
DANFORTH AND TIME,17423
BIRCHMOUNT ANBD SHEPPARD,17424
NEVILLE PARK AND QUEEN STATION,17425
MORNINGSTAR AND RIGHSTART,17426
GARDINER AND GRAND,17427
LAWSON AND MEADOWALE,17428
WELSH AV AND WESTON,17429
DONLANDS STATION AND STRATHMORE,17430
OLD WESTON AND TO,17431
DON AND WYNFORD,17432
ALBERTA AND YUKON,17433
JANE STATION ANDF EGLINTON,17434
WELLESLEY STATION BETWEEN PARL,17435
BROUGH AND THE WESTWAY,17436
LA AND OLD WESTON,17437
LO AND THE LINKS,17438
EGLI AND GERVAIS,17439
CARDOVA AND DUNDAS STATION,17440
CHURCH AND GRATTAN,17441
HAYDEN ST S AND YONGE,17442
GUILDWOOD AND SCA,17443
WILSON STATION PLANT MAINTENAN,17444
BROOKEMERE AND KIPLING STATION,17445
AND EVAN AND ISLINGTON,17446
CATCHET AND WARDEN,17447
MICHAEL POWER PARK,17448
MANITOBA AND SCRACHAN,17449
BRIMLEY AND MCCOWAN STATION,17450
SANBA,17451
HIRONDEL AND UNDERHILL,17452
DUNDAS STATION W AND DUPONT,17453
DUFFERIN AND SYLTAN,17454
JOHN GRAH AND SHEPPARD,17455
BOND AND LESLIE,17456
BAY AND HABOUR,17457
SHERBOURNE STATION WELLES,17458
PEARSON STATION,17459
MAHER AV AND RUNNYMEDE,17460
CRE AND MOUNT PLEASANT,17461
COLONEL SANUEL SMITH P,17462
HIGH PARK AND PARKSIDE,17463
KENNEDY AND MCLEVIN,17464
SHEWRWAY GARDENS BUS T,17465
LESMILL,17466
LIFE SAVI AND WELLNESS,17467
DISCO AND HWY 427,17468
LINKWOOD LN,17469
CONCORDE P AND WYNFORD,17470
SOUTHBURNE,17471
FAYWOOD AND LAUREL,17472
SCARBOROUGH GOLF CLUB AN,17473
ALAMOSA DRIV AND FINCH,17474
PAPE STATION DANFORTH,17475
ALBION BETWEEN ISLINGTON STATION,17476
ST CLEMENT S AND YONGE,17477
GORMON PA AND SHEPPARD,17478
LAWRENCE AND PORTWINE,17479
MILNER AND NOVOPHANRM,17480
LUMLEY AND MOORER,17481
DAMASK AND WESTON,17482
DUNDAS STATION AND SHORNCLIFF,17483
PARKSWOOD VILLAGE A,17484
LAWRENCE AND STOTTS,17485
DIXON AND MCMANNUS,17486
FINCH AND ROMFEILD,17487
CATA AND MORINING STAR,17488
DANFORTH AND MCCOWAN,17489
CHAPLIN AND EGLINTON W,17490
COLLINS AND ELLESMERE,17491
SHERW AND THE W MALL,17492
DOWNSVIEW PARK STATION LOOP,17493
MARKHAM AND ROSEBANK,17494
LAWRENCE AND STARSPARY,17495
FRIZZELL AND PAPE,17496
DON MILLS AND HAZENBRO,17497
ALLIANCE AND DARLYMPLE,17498
EGLINTON STATION 40,17499
COSBURN AND NORTHRIDGE,17500
TOBB BAY STATION AND TRETHEWEY,17501
WARDEN STATION BUSBA,17502
BROCK STREE AND DUNDAS,17503
MELBRIDGE AND MIDLAND,17504
EGLINTON AND MENIN,17505
HOLWOOD AND KEELE,17506
KIPLING AND LO,17507
BLUE FO AND ISLINGTON,17508
TRINITY,17509
BATHURST AND BROOKDALE,17510
BELLAMY AND MIDLAND,17511
LAWRENCE STATION WRST AND RALP,17512
CROSSLAND AND REDDING,17513
FRONT ST E,17514
BARKER,17515
PAUL MARKW AND STEELES,17516
AMSTERDAM AND CONNOE,17517
MANTIS,17518
GULLIVER AND KEEL,17519
DUNDAS STATION ST W AND KEELE STATION,17520
WHITE,17521
BAY STATION AND WALTON,17522
FINE AND IAN MACDONALD,17523
EVANS AND GAIR E O,17524
KIPLING STATION 7 37 AM,17525
BATHURST AND INVERNAY,17526
BROWNS L AND EVANS,17527
DEERHIDE CR,17528
FORBES,17529
BURNHAMTHORPE AND TUNB,17530
LAWRENCE AND ORTON PK,17531
LAKESHOR AND THIRTIETH,17532
SCARBOROUGH CITY CENTE,17533
KENNEDY STATION NEW S,17534
BINSWOOD A AND COSBURN,17535
ROSEDALE STATION BRIDGE,17536
BIRDGELAND AND CALEDONIA,17537
ADRIONDA AND FINCH,17538
COLLEGE STATION ST AND CRAWFO,17539
FINCH AND N FINCH STATION,17540
DUNDAS AND JUNCTION,17541
YONGE JUST EG,17542
LINKWOD AND ST DENNIS,17543
JUST BEFORE SHEPPARD,17544
ORTON PARK,17545
EAST AND SHEPPARD W,17546
ELDERWOOD,17547
EGLINTON AND MOUNT PL,17548
EGLINTON W AND TARLTON,17549
DUPONT AND GLADSTONE,17550
ROWANWOOD AND YONGE,17551
YORKDALE STATION MALL YORKDALE STATION,17552
FOUDERS AND STEELES,17553
JANE AND RUSTIC,17554
EGLINTON AND WESTOVERH,17555
ALBION AND ELMHURT,17556
ANTIBES AND TORESDALE,17557
DUFFERIN AND SPARROW A,17558
WESTON AND ZAPPOCOSTA,17559
EGLINTON AND KENN,17560
CONSUMER AND SHEPPARD,17561
LAWRENCE STATION ANE BELLAMY,17562
BELVEDE AND ROYAL YORK,17563
ELLESMERE STATION AND MEADOWWALE,17564
EGLIN AND ORIOLE PKWAY,17565
ST CLAIRE AND WARDEN,17566
RICHAR AND WUEENS QUAY,17567
BROADVIEW AND MORTEMER,17568
DONCLIFFE AND GLEN,17569
BLOOR AND ELSFIELD,17570
SHULMAN AND WILSON,17571
CHARLTO AND GRANTBROOK,17572
ST OLAV AND WINDERMERE,17573
RAMP DIXON,17574
WARDEN STATION S SIDE,17575
DYNAMIC AND MC NICHOLL,17576
ELLESMERE AND MOORISH,17577
BANANATINE AND BEAVERH,17578
ANETTE AND RUNNYMEDE,17579
GERRARD AND PICKERING,17580
COXBURN AND WESTLAKE,17581
BISHOP AND LAWRENCE,17582
BAYVIEW AND PARK,17583
LAWRENCE AND MACROS,17584
BROADVIEW AND EASTERN,17585
DU AND LAWRENCE STATION W,17586
DUFFERIN AND MELBURNE,17587
HEDGE E AND MEADOWVALE,17588
GOO AND LAWRENCE STATION E,17589
BURTON AND COXWELL,17590
ST CLAIR STATION W AND YON,17591
MARTIN GROOVE LOOOP,17592
DON WAY AND HOLLYHOCK,17593
ESTER L AND WESTHUMBER,17594
MAEDOWVALE LOOP,17595
CRESCENTWOO AND WARDEN,17596
BANNATYNE AND DUNLACE,17597
DAWES AND GOODWOOD,17598
MACDONELLE AND QUEEN STATION,17599
ELM HURST AND YONGE,17600
KIPLING STATION STATIOPN,17601
HAREFIELD AND HINTON R,17602
BLACK AND TRETHEWEY,17603
LAWR AND THE DON WAY E,17604
MANITOBA AND STRATCHAN,17605
ROGERS AVO AND WESTON,17606
AUKLAND AND BLOOR SOUTH,17607
BATHURST AND HORSHACK,17608
BAYVIEW AND MERTON,17609
BONESET R AND SHEPPARD,17610
FOREST,17611
HUMBER COLLEGE STATION ETOBIC,17612
HUMBER TRAIL,17613
MARKHAM GATE,17614
FINCH STATION DN VICTORIA PAR,17615
PIONEER VILLKAGE STATI,17616
DUFFERIN STATION COLLEGE STATION,17617
EGLINTON STATION OFF,17618
MILITARY TRAIL AND SCE,17619
OLD ORCHARD GROVE,17620
SHEPPARD AND SWELLES,17621
ALANFORD AND SHEPPARD,17622
FAIRGL AND HUNTINGWOOD,17623
PEARSON AIRPORT TEMRIN,17624
KINGSTON AND LAWR,17625
BATHURST STATION AND LAKE SHORE,17626
FLEET AND STRACHON,17627
KEELE AND TANGIERS,17628
AIRPORT AND FLIGHT TRA,17629
DONLANDS AND SOMERS,17630
CONNOR AND EGLINTON,17631
ELISE AND GREENWIN,17632
PAPE STATION 1125 1,17633
HOPFIELD AND SEWELLS,17634
CORNER AND CRANBORNE,17635
CENTENNIA AND RATHBURN,17636
LANDOWNE AND ST CLAIR,17637
KIPLING STATION LAK,17638
FINCH STATION MARKHAM,17639
CNE PRINCES GATES,17640
ALLAINCE AND JANE STATION,17641
YORKDALE STATION ROADWAY,17642
COLONIAN SAM LOOP,17643
EGLINTON AND EMMIT,17644
BIRCHMOUNT AND MCNABB,17645
DUPONT AND LANDSDOWNE,17646
ISLINGTON AND SUMMIT,17647
DAMASCAS AND FINCH,17648
BAYVIEW AND RISEBOROUG,17649
UNKMNOWN,17650
GORDON MCKAAY AND JANE,17651
YO AND YORK MILLS,17652
BAYVIEW AND SUDAN,17653
AMAZON FULFILMENT,17654
AMAZON FULTILLMENT LOO,17655
QUEEN STATION S WUAY AND YONGE,17656
TERNMINAL 1,17657
COL SAM AND SMITH LOOP,17658
LOWER OSSINGTON AND S,17659
SIGNAL HILL LOOP,17660
EGLINTON AND NEIL MCNEAL,17661
COLONIAL SAM SMITH LOO,17662
COLONIAL SAM SMITH PAR,17663
LONGBOURN AND REDGROVE,17664
GREENVALE AND KINGSTON,17665
SPICEWOOD CRES,17666
THE WESTWAY,17667
PAPE STATION SATION,17668
DON M AND FRESHMEADOWN,17669
DOLMITE,17670
LAWRENCE STATION E SRT,17671
GREENWIN VILLIAGE,17672
MEDULLA E AND QUEEN,17673
LANDSOWNE AND QUEEN,17674
BRIM AND LAWRENCE,17675
ALBION AND BANKFIEL,17676
CACTUS AND GOLDEN,17677
FINCH AND OLD VALLEY,17678
HUMBER RIVER BUS TERMINAL,17679
PEARSON AND TERMINAL 1,17680
LASNDOWNE AND ST CLAIR STATION,17681
PLEASANT AND YONG,17682
MICHAEL POWER ST JOSEP,17683
DUN MILLS STATION,17684
HIGHLAND AND ROXBOUROU,17685
ORCHARDVIEW AND YONGE,17686
FERRAND SHUTTLE,17687
FINCH STATION W AND TOBERMO,17688
CLAIRPO AND ROYAL YORK,17689
MALL ROUTE,17690
ROYAL YORK STATION S ROUTE,17691
EVANS ROUTE,17692
ANTIBES AND TORRSDALE,17693
LAWRENCE STATION E ROUTE,17694
FINCH AND NORFINCH E,17695
ST BASIL THE GREAT SCH,17696
PECKHAM AND STEELES,17697
LESLIE STATION BETWEEN EASTERN,17698
LESLIE STATION BETWEEN QUEEN STATION A,17699
COLONIAL SAMUAL SMITH,17700
LAWRENCE AND PIMLI,17701
CHURCH AND ROSEMOU,17702
LAWRENCE STATION AND THE DON WAY,17703
UNNKNOWN,17704
TOLLINGTON,17705
WELLESLEY STATION SHERBOURNE STATION,17706
MELDAZY,17707
ORTON PARK LOOP,17708
GRENWIN VI AND STEELES,17709
EGLINTON S AND YONGE,17710
COL SAM AND SMITH PARK L,17711
EGLINTON AND FORMAN E,17712
BISHOP LEFT AND YONGE,17713
TURNBERRY S AND YONGE,17714
SHEPPARD ARROW TO,17715
QUEN AND SUMACH,17716
EGLINTON SCARL,17717
KEELE STATION WILSON STATION,17718
LANDSDOWNE AND QUEEN,17719
BARRIN AND LUMSDEN,17720
D AND SHORNCLIFFE,17721
ELLESMERE AND KIN,17722
KENN AND TRANSWAY,17723
GREENWOOD STATION PORTAL,17724
WOODBINE STATION RACK TRACK,17725
KINGSTON AND MEADOW,17726
RED LEA CUL DU SAC,17727
SWELLS,17728
CASANDRA AND UNDERHILL,17729
BAYVIEW STATION AND MILL,17730
EMPRINGAM AND MCLEVIN,17731
GULLIVER S AND KEELE,17732
BATHURST AND GREEENWIN,17733
CANDIFF AND STRACHAN,17734
ATWELL AND FARNBORO,17735
FINCH AND HUNTINGWOOD,17736
KENNEDY STATION AND MCCOWAN,17737
SEATO AND UPPER CANADA,17738
LYTTON EMERGENCY EXIT,17739
CROSSLANDS AND PENWORT,17740
BYLAWN AND FINCH,17741
FINCH AND MIDBLOCK,17742
401 AND YORKDALE,17743
LASKESHORE B AND YONGE,17744
ISLINGTON AND KINGS MO,17745
FAIRM AND PRINCE EDWARD,17746
KING STATION ST N AND WESTON,17747
ARROW AND WESTON,17748
SHEPPARD ROUGE HILL,17749
ARLETA AND SHEPPARD W,17750
MARKHAM AND STEVEN WOO,17751
LUNDY AND OLD DUNDAS STATION,17752
LAKESHORE AND SUPERIOR,17753
EMMITT,17754
EGLINTON AND GUILDER,17755
AVOKA AND ST CLAIR,17756
WOOD FERN WAY,17757
GREENWOOD STATION AND MARKHAM,17758
BURMINGH AND ISLINGTON,17759
MCCOWAN STATION NUGGE,17760
DAVISVILLE STATION AND STEELES,17761
PLAXTON D AND ST CLAIR,17762
EPIC AND WILLIAM CRAIG,17763
DUFFERIN AND HATHERLEY,17764
BROADVIEW STATION MAIN STRE,17765
MAIN STREET STATION TO,17766
MAIN STREET STATION KENNEDY STATION,17767
WARDEN STATION SCARBOROUGH,17768
BLOOR AND OLD MILL,17769
WILLIANM CR AND WILSON,17770
SHUTTLE BUS,17771
HIGH VIEW AND WILSON,17772
GEORGE BROWN PARK LOT,17773
DUFFERIN AND FINCH STATION JU,17774
GLEN RO AND ROXBOROUGH,17775
EGLINTON AND HWY 401,17776
LAKESHORE AND MAR,17777
UNDERWO AND VARSITY,17778
KEELE AND RICHARDSON,17779
MORNINGSIDE AND OSASIS,17780
ISLINGTON STATION LO AND STEELES,17781
GLENEC AND MT PLEASANT,17782
LAWRENCE AND WRIGHT,17783
FINC AND MILLIKEN,17784
HWY 40 AND KIPLING,17785
BIRCHMOUNT AND PROMENA,17786
MARTIN GROVE ROUTE,17787
OVERBROOK AND WILMINGT,17788
BROOKHAVEN,17789
LAWRENCE AND LITTLE AV,17790
JANE AND SHORNHAM,17791
THREADNEEDLE CRES,17792
BATHURST AND FISHERVI,17793
ST CLAIR STATION OAKWOOD TO,17794
ARROW GARAGE TRACK,17795
CONCORD PLACE WYNFORD,17796
MIDDLEFIELD S,17797
KINGSTON AND OLD KI,17798
ANGELESEY AND KINGSWAY,17799
EGLINTON BETWEEN OAKWOOD,17800
BLOOR N AND LANSDOWNE,17801
BATHURST STATION WILSON STATION T,17802
ROGERS BETWEEN OLD WEST,17803
ALBION AND ARMEL CT A,17804
ALAMOSA W O AND FINCH,17805
PIONEER VILLAGE STATION STTATI,17806
PHARMACY ROUTE,17807
THE QUEEN STATION AND WINDMERE,17808
LESLIE STATION EGLINTON,17809
OLD FINCH AND SEWE,17810
LANSDOWNE STATION IN,17811
TERMINAL 3 DEPARTURE,17812
STEELES E EXPRESS,17813
TRETHEWEY YORE,17814
DON MILLS STATION AND FIND,17815
EGLINTON S AND WARDEN,17816
YORKDALE STATION GO BUS TERMIN,17817
BAYV AND LAWRENCE STATION HARRIS,17818
AND CRESENT,17819
AARGON AND SHEPPARD,17820
HWY 27 AND THE 401,17821
ROAYAL YORK STATION,17822
WESTON EXPRESS,17823
MILVAN AND MILWICK,17824
BROWNS LINE AND EVENS,17825
WILSON STATION ND MURRAY,17826
PLEASENT VIEW AND VICT,17827
HUPFIELD AND SWELLES,17828
BAY STATION FRONT,17829
ROYAL YOR AND TREHORNE,17830
EGLINTON AND KEELE STATION TR,17831
BATHURST AND WILD GING,17832
LUNDY AND WARDEN STATION CRES,17833
BATHURST AND SOUTHGATE,17834
ROSEDALE STATION AND SHERBOURNE,17835
DONCLIFFEE LOOP,17836
LAWRENCE STATION PE,17837
DON VALLEY AND GERRARD,17838
MCNICOLL DN HUTCHCROF,17839
LA AND ROCKCLIFFE,17840
ELLESMERE AND POLLARD,17841
COXWELL STATION WARDEN STATION STAT,17842
HASLETT AND KINGSTON,17843
APPL AND BURNHAMTHROPE,17844
ALBION AND ARCOTT,17845
HILDA AND MOOR PARK,17846
NAUGHTON AND VICTORY,17847
CHRUCH AND KING,17848
RUNNYMEDE STATION DUNDAS STATION,17849
YORK ACRES LOOP,17850
BATHURST STATION BETWEEN WILSON STATION,17851
STAINES AND STARRY,17852
NANA AND PRINCES GATE,17853
RUNNYMEDE STATION W,17854
DUNDAS STATION W STATION TO,17855
EGLINTON RENFORTH STATION S,17856
AND POPLAR PLAI,17857
EGLINTON AND RUSSEL HILL,17858
KINGSTON AND ORCHARD P,17859
ALLIANCE AND ROCKCLIFT,17860
BRENDA AND HART,17861
VILLAGE GREEN,17862
FINCH AND OPPOSITE WAL,17863
HUMBER COLLEGE STATION SILVE,17864
BRICKWORKS LOOP,17865
KENNEDY STATION SERV,17866
ENTIRE FINCH STATION,17867
EGLINTON OAKWOOD TO,17868
BLACKFRIAR,17869
DANFORTH AND ST DU,17870
VICTORIA PARK STATION AN SWANS,17871
HWY 27 401,17872
LAWSON AND VATOR,17873
BRAN AND LANSDOWNE,17874
ASPEN AND PARKVIEW HIL,17875
BRIARHILL AND DUFFERIN,17876
BAYVIEW AND PRINCESS A,17877
B ON BATHURST STATION AND BUS IS S,17878
FINCH STATION SIGNE,17879
SERVCIE TO,17880
BARTOR AND HUXLEY,17881
CONNOR AND NORLONG,17882
BRIAN AND PLEASANT,17883
MACLENNAN AND SUMMERHILL STATION,17884
BANNATYNE AND VYNER,17885
CATHERAL AND KINGSTON,17886
MILITARY TRAIL AND SCA,17887
KIRKTON AND SANDRINGHA,17888
CARLHALL IN FRONT,17889
RIVALDA AND SHEPPARD W,17890
YORK MILLS STATION STATIN,17891
WARDEN STATION SCAR,17892
CLAIRVILLE AND HUDD,17893
BARFIELD AND COSBURN,17894
BLACKB AND JACK LAYTON,17895
SHEPPARD AND YATES CAS,17896
GREENWOOD STATION AND MORIMER,17897
DASHW AND THISTLE DOWN,17898
GLENCAIRN AND TYCOS,17899
OLD DUNDAS STATION CROSBY,17900
FINCH AND SIGN,17901
BRIDGEPORT HOSPITAL,17902
GERRARD AND WARDEN STATION,17903
BRIDG AND THISTLE DOWN,17904
AIRPORT AND RIPON S,17905
GERRARD AND SACKVILLE,17906
MORRISH AND OLD KINGSTON,17907
ALLAINCE AND JANE,17908
EGLINTON W AND KEELE,17909
LANKIN AND PLAINS,17910
KINGSTON AND PINERIDEG,17911
JANE STATION STEELES,17912
EGLINTON AND MARK,17913
BAY AND QUEEN STATION QUEEN STATION,17914
FREEMON AND LAWRENCE STATION W,17915
MARTIN GROVE STEELES,17916
EGLINTON A AND MARKHAM,17917
SHER AND THE ESPLANADE,17918
BAY AND DUPONT STATION,17919
MORNINGSTAR AND NETHER,17920
CATALP AND MORNINGSTAR,17921
PEARSON AIRPORT AND TERMIN,17922
EGLINTON E ON RA,17923
BAK AND SHEPPARD W,17924
HASSARD AND PAPE STATION,17925
PRINCE S GATES,17926
GERRARD AND MALVERN AV,17927
CUMMER AND SNOW CREST,17928
WARDEN STATION WARDEN STATION A,17929
MARTIN GROVE FINCH STATION,17930
WARDEN STATION STEELES,17931
FINCH STATION NEILSON,17932
IXON AND KIPLING STATION,17933
MILLWOOD AND SOUTHVALEW,17934
CHAPLIN AND WARDEN,17935
NORT AND THE W MALL,17936
MCCOWAN AND TRUDELLE C,17937
STEELES LOOP MARTING,17938
CENTENNIAL COLLEGE STATION AT,17939
GLEN AM AND WOOD,17940
ELDERWOOD AND SPADINA,17941
BELLEFAIR AND QUEEN,17942
YONGE EGLINTON,17943
COLONIA SAMUEL SMITH L,17944
RANEE ROUTE,17945
SUNNYBROOK ROUTE,17946
CHAMPAGNE AND FINCH STATION W,17947
BELLAMY,17948
LAKESH AND LONG BRANCH,17949
SPADINA STATION HEAT,17950
ANITBES AND BATHURST,17951
MARSHAL MCLUHAN HIGH S,17952
NONE PROVIDED,17953
FENOLON LOOP,17954
RIVALADA AND SHEPPARD,17955
QUEEN STATION S QUAY,17956
CHISHOLM AND WESTBROOK,17957
MCNICOLL AND STEELES,17958
BLOOR AND YONG,17959
STEELES L AND VICTORIA,17960
SCARBOROUGH CENTE STAT,17961
ORIOLE S K,17962
FINCH STATION STEELES A,17963
ELMHURST AND HENLEY,17964
BAYVIEW AND LAWRENCE STATION HAR,17965
LANCAST AND PARLIAMENT,17966
BATHURST AND BRIARHILL,17967
HUMBERWOOD LOOP VIEW G,17968
MONOR AND YONGE,17969
NORTHWES AND STEELES W,17970
LESLIE STATION MCNICOLL,17971
SIGNET FINCH STATION,17972
CHAPLAIN AND EGLINTON,17973
NUNA AND PRINCES GATE,17974
KINGSTON KIN,17975
CRESCENT AND LAMPORT,17976
BLACK CREEK AND HIGHWA,17977
DUFFERIN AND RIMROCK,17978
FINC AND PEARLDALE,17979
CALEDONIA ST CLAIR STATION T,17980
RENFORTH STATION LOOP,17981
SPADINA STATION LONSDALE,17982
MCGINTY PLACE,17983
ST BASIL S SCHOOL,17984
NEWWESTMINSTER AND W P,17985
KIPLING AND TOWNTREE,17986
SHERWWOD L AND WARDEN,17987
YONGE QUEEN STATION QUAY,17988
BLOOR AND FORESTVIEW,17989
DEMARCO AND LAWRENCE,17990
ST REGIS AND STEELES,17991
EGLINTON AND NORTHCLIFFE,17992
FINCHDEDE AND NEWGATE,17993
DON MILLS AND VANHORN,17994
CACHET,17995
GENTHORNE AND KIPLING,17996
CLIPPER AND PLEASANT V,17997
BOLINGBR AND LAWRENCE,17998
ISLINGTON STATION JUS,17999
CONNOR AND LAIRD,18000
LAWRAN AND MORNINGSIDE,18001
BRAECCREST AND WESTWAY,18002
EGLINTON ADN SCARLETT,18003
YONGE ATHABASKA STEELES,18004
DONMI AND GATEWAY,18005
BLOOR AND EASTMALL,18006
DON MILLS AND GOD STONE,18007
ALVARADO PLACE,18008
KENNEDY STATION SERVICE,18009
SEATON,18010
JESMOND AND OSSINGTON,18011
BELFIEL AND BROACKPORT,18012
BATHURST AND FLEET,18013
CAITHNE AND STRATHMORE,18014
OLD WESTON AND TURNBERR,18015
VAUGHAN AND WINNETT,18016
ARLINGTON AND VAUGHN,18017
MALVERNGATE AND SHEPPARD,18018
BARTINVILLE AND RAY,18019
WILSON STATION TEMP BUS TERMIN,18020
GARAMOND C AND WYNFORD,18021
KEELE STATION ST SH,18022
BELFIELD AND MARTI,18023
BELFIELD AND MART,18024
PARK LANE AND POST,18025
GRACEY S AND KIPLING,18026
KINGSTON AND ORCHAR,18027
FINCH AND WINDLOCK,18028
COSBURN AND ROSAVELT R,18029
CONNOR AND LANKIN,18030
HWY 27 AND ROYAL CREST,18031
NEPTUNE,18032
ANDE ROSELAWN,18033
TRANSIT WAY CRES KEN,18034
NEVILLE PARK,18035
SPRINHURST LOOP,18036
FIRTH AND JANE,18037
YORK MILLS STATION TERMINAL,18038
COMMSURME AND YORKLAND,18039
KEELE STATION S SHEPPARD,18040
AND WHEELINIG,18041
MANITOBA AND NOV,18042
KEELE AND LAPAGE,18043
ROYAL CREST,18044
DIXON AND TAMARACK,18045
BELLAMY AND TRUDELL,18046
EGLINTON BY K,18047
EGLINTON AND VENN EAST,18048
DUVERNET AND WOODBINE,18049
DON AND FREASH MEADOW,18050
BAYVIEW AND HEATHCOT,18051
HAROLD EVANS AND TEMP,18052
DURNESS AND SHEPPARD,18053
BEVERLY HILLS,18054
MACDONNEL AND QUEEN STATION,18055
CASANDRA,18056
AIRPORT TERMINAL 3 AR,18057
OPPOSITE AND ST DENNIS,18058
BAYVIEW STATION S AND SHEPPARD,18059
EGLINTON AND WESTOVER H,18060
ACORN AND DUNDAS STATION ST W,18061
DON MILLS STATION ANF DUNCAN M,18062
GARDINDE AND PARK LAWN,18063
WESTON ADN RAY,18064
BROCKHOUSE,18065
WILLAMSON AND WINONA,18066
HWY 427 D,18067
CALRTON AND SHERBOURNE,18068
BIR AND PARKETTE PLACE,18069
PARKETTE PLACE,18070
BIRCHMOUNT AND ELLESEM,18071
ADANAC,18072
KIPLING STATION STAION,18073
KENNEDY STATION S AND TRANSWAY,18074
CLAYSON AND WESTON,18075
WELLESLEY STATION BAY STATION SPA,18076
BATHURST STATION T AND STEELES,18077
EGLINTON AND GANGOON,18078
MUNITION AND VILLERS,18079
NOVA SCOTIA AND NUNAVU,18080
FINCH STATION E ROUTE,18081
STEELES AND WESTON ROAD,18082
BIRCHMOUNT AND MC,18083
ELM E O AND LAWRENCE,18084
ARCOT AND TANDRIGE,18085
CAS AND HENRIETTA,18086
TRENTON A AND WOODBINE,18087
WELLESLEY STATION STATIOIN,18088
BELLFIELD AND HWY 27,18089
GREENWOOD STATION YARD TRACK A,18090
EGLINTON AND HANNING,18091
CHALKFARM N AND JANE,18092
BLOOR AND ISLINGTON STATION W,18093
SHEPPARD AND WILSON STATION H,18094
AIRPORT AND LAWRENCE,18095
WESTON EGLINTON,18096
BENNET AND LAWRENCE,18097
MORNINGSIDE KINGS,18098
BIRCHMOUNT AND ZENNITH,18099
KINGSLAKE AND VANHORNE,18100
PSPE STATION,18101
LANDOWNE ROUTES,18102
ISLINGTON STATION BETWEEN STEELES,18103
BROADVIEW AND GAMBLE N,18104
MAIN STREET STATION K,18105
BEACHWOO AND CORNNOR,18106
PASSMORE TAPSC,18107
MANIT AND NOVA SCOTIA,18108
KINGSWAY AND ORMSKIRK,18109
STEELES AND STEINWAY B,18110
WESTON ADN,18111
GRAYSON AND LITTLES,18112
BROADVIEW STATIONB,18113
EGLINTON STATION BUS B,18114
ROYAL YOK STATION,18115
CHINE AND ST CLAIR,18116
HUMBER VIEW AND WESTON,18117
DUNDAS STATION W STATOIN,18118
DERRY AND GOREWAY,18119
TERMINAL 1 GROUND LEVE,18120
DUNDAS STATION W STATOION,18121
ARROW AND FIN,18122
BAY STATION BETWEEN CARLTON AN,18123
SCARB TOWN CENTRE,18124
WILSON STATION WILSON STATION HEI,18125
INDUS AND MOUNT DENNIS,18126
WARDEN STATION ND MCNICOLL,18127
LONSDALE AND ORIOLE,18128
FINCH STATION AND MORNING SIDE,18129
EGLINTON HIGHW,18130
LOWER J AND QUEENSWAY,18131
AMAZON LO AND PASSMORE,18132
MACDONELL AND QUEEN STATION W,18133
GRENOBLE AND SAPNBRIDG,18134
BEAMAN AND SHEPPARD,18135
HUMBER AND MORNING STAR,18136
ORMONTE AND WESTON,18137
DUVAL E AND LAWRENCE,18138
MCCOWAN AND S,18139
KIPLING STATION RATHBURN,18140
BIRCHMOUNT AND PINE GR,18141
HANNAH AND SUTHERLAND,18142
KENNEDY STATION AND TROJAN GATE,18143
BAYWOO AND ROYAL CREST,18144
DV AND WYNFORD,18145
DVP AND QUEEN,18146
FOLEY AND OSSINGTON,18147
DANFORTH AND THYRA,18148
EGLINTON GARAGE D19,18149
MILLWOOD BRIDGE AND PA,18150
EGLINTON AND GLEN,18151
FINCH STATION ADN WARDEN STATION,18152
HWY 401 AND YONGE,18153
DUFLAW AND LAWRENCE,18154
QUEEN AND UNVIERSITY,18155
COLONIEL SAMUEL SMITH,18156
ISLINGTON STATION STEELES,18157
ROUGHILL GO,18158
LORRAINE AND MIDLAND,18159
BRIMORTON MAR,18160
CULLFORD AND LAWRENCE STATION,18161
FINCH STATION ADN MARKHAM,18162
HWY 4 AND PROGRESS,18163
KINGSTON AND RAYLANDER,18164
FENNSID AND YORK MILLS,18165
SHEPPARD W AND YON,18166
DRIFTWOOD AND LASKEY,18167
401 BRIDGE AND WILSON,18168
MURRY ROSS AND SENTINEL,18169
QUEEN STATION AND WOODWARD,18170
COLONEL SAMMUEL SMITH,18171
PAPE AND PAPE STATION,18172
EGLINTON THE E MA,18173
GUILDWOOD AND LI,18174
SCARBOROUGH TOWN CENTRR,18175
MARTIN GROVE AND RAMPA,18176
ATLANTIC AND QUEEN STATION,18177
PRICE AND YONGE,18178
BROWNS LI AND LAKESHORE,18179
LA AND LOWER SHERBOURNE,18180
MOUNTAIN LION TRAIL,18181
BETTER AND MARTIN GROVE,18182
MEAD AND SHEPPARD W,18183
ALAMEDA AND VAUGHAN,18184
THORNCLIFF PARK LOO,18185
THRONCHIFF PK LOOP,18186
LIPTON OUTSIDE OF,18187
MCNICOLL AND VICTORIA P,18188
FINCH AND MAXOM,18189
DUNDAS AND MAVETY,18190
FOUR WINDS AND KEELE STATION,18191
DUFFERIN AND ROGERS RO,18192
EGLINTON AMD DON MILLS STATION,18193
BAMBURGH CIRCLE AND SH,18194
PEAR AND STEELES W,18195
STEELES W AND VILL,18196
EGLINTON AND HANNAH,18197
DIXON AND TAMARACK E,18198
SHEPPARD W STAITON,18199
WILLOWDALE AND YONGE,18200
MAMMOTH HALL TRAIL,18201
CASTLEWOO AND EGLINTON,18202
BAYVIEW AND GLENVALE B,18203
PARKSIDE LOOP,18204
AVON LOOPS,18205
ARTELA AND SHEPPARD,18206
BATHURST AND FISHERRVI,18207
LA ROSE AND W SCAR,18208
COXWELL STATION AND PLAINS,18209
VALLEYWOODS YORK,18210
YONGE LAWRENCE STATION,18211
OLD YORK MILLS AND YON,18212
BONDGAT AND CROW TRAIL,18213
MEWADOWVALE AND SHEPPARD,18214
GLENHOLME AND ST CLAIR,18215
CARTWRIGHT,18216
GARY AND WALWYN,18217
BARMAC AND WESTON,18218
SLOAN AND VICTORIA PK,18219
VILLAEG GREEN SQUARE,18220
EDGAR AND MACLENNAN,18221
SANTE AND STEELES,18222
MORNINGSIDE AND NIGH S,18223
STEELES E EXPRESS R,18224
ANGLESEY AND LAMBETH,18225
MARKHAM AND WARDEN STATION,18226
CNE AND PRINCES GATE,18227
FIRGROVE S O AND JANE,18228
ORNMONT AND WESTON,18229
DOVERCOURT AND DUNDAS,18230
EGLINTON AND PARLIAMENT,18231
CONCORD AND NORTHLAND,18232
WESTON N LINE,18233
FINCH AND YAYSHAM,18234
KEELE STATION BETWEEN WILSON STATION A,18235
BURNHAMTHORPE AND SHAV,18236
ST CLAIR STATION LOOP,18237
DUN AND RUNNYMEDE,18238
MONTGOMRY AND YONGE,18239
BRIDGEPOINT HEALTH CEN,18240
ST CLAIR STATION AND STOCKYARD,18241
MALL AND TALGARTH,18242
MALLA AND RATHBUR,18243
BATHURST AND NINA S O,18244
CLIF AND KINGSTON,18245
ALBION AND JANE,18246
FINCH STATION MARTI,18247
LAWRENCE STATION BATHURST STATION,18248
ANNETTE AND DUPONT STATION,18249
MI AND TORNCLIFFE PARK,18250
OPPOSITE WA AND WARDEN,18251
QUEEN AND SORAUREN,18252
FINCH STATION AND GASPE,18253
HUMBER COLLEGE AND MOR,18254
STEELES ANE YONGE,18255
ERINGAT AND WELLSWORTH,18256
GREENWOOD STATION COMPLEX,18257
JANE AND WILSON STATION STE,18258
NANCY AND PHARMACY,18259
KIPLING AND MARTIN GRO,18260
DUNDAS STATION W AND WINDEM,18261
MALL CRES AND WEST,18262
MT PLEASA AND SHERWOOD,18263
SENLAC AND STEELES,18264
THE ESPLANADE,18265
MAJOR MACK AND RIDGECR,18266
TICHESTER ST CLAIR STATION,18267
SHEPPARD AND VICTORIA PK,18268
BLOOR AND ROYAL TORK,18269
KIPLING AND PANARAMA,18270
LANDOWNE AND QUEEN,18271
LANSDOWNE STATION QUEEN STATION O,18272
HALTON AND OSSINGTON,18273
FINCH STATION S O AND WESTON,18274
CAPLIN CRES AND YONGE,18275
LAKESHORE AND TWENTY E,18276
ALLIANCE AND ROCKVILLE,18277
BROADENT AND MIDLAND,18278
PIONEEDR VILLAGE STATI,18279
FINCH AND RUMKE,18280
ALBION AND WESTON R,18281
ST CLAIR STATION PLEA,18282
LAWRENCE AND OLYMIPA,18283
CRANBER AND NIGHT STAR,18284
FINH STATION,18285
DONLANDS AND OCON,18286
AMAZON FULLIMENT CENTR,18287
EGLINTON D,18288
SCARBOROUGH UNIVERSITY,18289
ST CLAIR STATION ANDYONGE,18290
STILE CROFT,18291
CHELSEA AND DUNDAS STATION W,18292
CARNIVAL C AND STEELES,18293
DON VALLE AND SHEPPARD,18294
FINCH STATION JANE STATION WESTON,18295
WILSON STATION THIS,18296
DOCK AND QUEEN STATION QUAY,18297
WENDEL AND WILSON,18298
FINCH STATION JANE AND WESTON,18299
CARPENTER AND FISHERVI,18300
PECKHAM AND PLEASSANT,18301
BERKELEY AND KING,18302
LAKESHORE COLONEL SMI,18303
SHEPPARD W AND YUKON,18304
GOREMAN AND SHEPPARD W,18305
LAWRENCE AND MCCO,18306
THURROCK,18307
BATHURST AND GREENVILLA,18308
KINGSWAY AND RIP,18309
TRETHEWEY AND YORKTOWN,18310
DUFFERIN AND WILSON STATION HE,18311
SCARBOROUGH TOWN STATION,18312
BLUE JAYS WAY AND KING,18313
FI AND FINCHDENE SQUARE,18314
FAYWOOD AND FINCH,18315
STEELES ROUTE,18316
DUFFERIN STATION E AND WILSON,18317
BLOOT AND SHERBOURNE,18318
LAIRD AND MACRAE,18319
ABBOTT AND DUNDAS,18320
MANIT AND PRINCES GATE,18321
MEDOVALE AND SHEPPARD,18322
JOHNST AND MORNINGSIDE,18323
GARDE AND RONCESVALLES,18324
SHER AND SHERWAY GATES,18325
ISLINGTON AND MOANGRAM,18326
MORNINGSIDE AND NIGHT S,18327
ELLESMERE AND ORTON PK,18328
ELLES AND MARKHAM,18329
BROOKB AND VALLEYWOODS,18330
BISHOP AND FINCH STATION,18331
DARTMOU AND ROYAL YORK,18332
JANE AND WOOLER,18333
CACTUS AND PECHAM,18334
FINCH AND S AND SENTINEL,18335
DON MILLS STATION AND VANHORNE,18336
VELLEY WOODS AND YORK,18337
ALLEN AND FINCH STATION,18338
C AND QUEEN STATION PARK CRES,18339
DUFFERIN STATION AND SYLVAN,18340
LESLIE AND WICKSTEAD A,18341
KIPLING STATION STATOPM,18342
ANGLESSEY AND KINGSWAY,18343
E YORK AND REXLEIGH,18344
FINCH STATION ANDNORFINCH,18345
WARDEN STATION ST CLA,18346
ALLEN AND FINCH,18347
ISLINGTON STATION STATON STE,18348
WESTWOOD MALL LOOP AT,18349
BATAVIA AND ST CLAIR,18350
BROWNSLINE AND EVAN S,18351
FINCH STATION PIONEER V,18352
ISLINGTON STATION S ROUTE,18353
NEILSON HOSPITAL LOOP,18354
WESTON STEELES,18355
GREENWOOD AND HILTZ,18356
HUMBERLAND AND MORNING,18357
EGLINTON AND GLENCAIRN STATION,18358
ROGERS ND BICKNELL,18359
KENNEDY AND RANDSTONE,18360
BLOOR AND DANFORTH,18361
COVERCOURT AND DUPONT STATION,18362
ISLINGTON STATION S,18363
BAYVIEW AND HOLLYWOOD,18364
DUNDAS STATION KING STATION,18365
KIPLING AND ROWNTREE R,18366
EGLINTON W AND RUS,18367
CALEDONIA AND MARCIA A,18368
BOMBAY AND WILSON STATION,18369
FINCH STATION W AND OAKLDAL,18370
AND DUND AND ISLINGTON,18371
JANE AND SHEPPARD K,18372
FINCH STATION JA AND WESTON,18373
PIONEER VILLAGE STATION TO,18374
JANE STATION STATIN,18375
DORCOT S AND MIDLAND,18376
MOUNT PLEASANT ROUTE,18377
WILSON STATION BUS DIVISION,18378
FINCH STATION JANE STATION WEST,18379
OTONABEE AND YONGE,18380
DENISON AND WARDEN STATION,18381
MANIZA AND REGENT N O,18382
LAWRENCE STATION STATIO,18383
LAWRENCE STATION AND WILSON,18384
LAWRENCE STATION ANDJANE,18385
KENNEDY STATION BETWEEN CORVET,18386
MILNER AND NOVPHARM,18387
CANIFF AND KING,18388
MIDLAND STATION ROUTE,18389
BRE AND VANDERHOOF,18390
BROADVIEW STATION STATON,18391
DEMAURIER BL AND YONGE,18392
PAPE STATION 15 07,18393
MAIN STREET STATION STAION,18394
WARDEN STATION ADN HWY 7,18395
BESTVIEW D AND STEELES,18396
EVALS AND ISLINGTON,18397
BRAEC AND THE W WAY,18398
BRIMORTON AND PINES,18399
AND GLEM,18400
GILSPUR AND NORTHOVER,18401
MT PLEASANT AND SHERWO,18402
LAWRENCE STATION E EXPRESS,18403
ORMOUNT AND WESTON W,18404
FLEMINGDON PARK ROUTE,18405
FAYWOOD AND LAURELCRES,18406
DUFFERIN STATION AND KENNARD,18407
KIPLING STATION FINCH STATION STE,18408
MARLEE COLDSTREAM TO,18409
TIMBERBANK F,18410
KENNEDY STATION 86 B,18411
MCCOWAN STATION N,18412
BLOOR ROYAL YORK STATION,18413
SIGNET HILL AND STEELES,18414
BATHURST STATION AND GRENWIN,18415
CANADIAN S AND WARDEN,18416
DON MILLS AND PARKWAT,18417
FINCH AND WELLINGTON,18418
MORNIGVIEW TRAIL AND S,18419
JANE STATION JANE AND S,18420
PASSMORE AND SELECT,18421
NEW BRUNSWICK AND PRIN,18422
HUMBER AND HUMBER COLLGE,18423
DANFORTH N AND DAWES,18424
EGLINTON AND PETMAN AV,18425
ROUGH RIV AND SHEPPARD,18426
DUNDAS AND THE E MAL,18427
WILLOWDALE LOOP STEELES,18428
EDINBRIDG AND SCARLETT,18429
HUMBER COLLGE LOOP,18430
MORNINGSIDE ANDPLANTAI,18431
BROADVIEW STATION STAITON,18432
CACTUS AND CATUS A,18433
FINCH STATION MARTIN GR,18434
DUFFERIN STATION ANDN DUFFERIN STATION,18435
ALBION AND ELMERSE,18436
RUDEN CRESENT,18437
METROPOLITI AND WARDEN,18438
COL SAMUEL SMITH PARK,18439
DUFFERIN AND TORBURN,18440
ADELAI AND LOWER RIVER,18441
HOLLY YONGE,18442
KENNEDY STATION ROUTE,18443
FINCH STATION ARROW JA,18444
ISLINGTON AND KINGWAY,18445
AMELIA AND PARLIAMENT,18446
CARLINGVIE AND MARKHAM,18447
LAKE SHO AND SHERBOURNE,18448
BLEEKER AND CARLTON,18449
BATHURST STATION AND ROSELAW,18450
SETTLERS AND STEELES,18451
KEELE AND NASHVILLE,18452
WARDEN STATION LOOP AT STEELES,18453
BISHOP ALLERI SCHOOL,18454
FINCH AND OLD CUMMER,18455
LIBERTY AND SRACHAN,18456
FINCH STATION EXPRESS,18457
WILSON STATION BUS TERMINAL,18458
LONGBURNE AND MARTIN G,18459
JANE AND WILSON STATION SHE,18460
J AND SILVERDART,18461
KEW BEACH AND WOODBINE,18462
EXPRESS AND LESLIE STATION,18463
ARROW JANE STATION,18464
FOUND AND IAN MCDONALD,18465
FINCH STATION ARROW TO,18466
BE AND PRINCESS ARTHUR,18467
ARCOT AND TANGIERS,18468
WESTON AND WNDELL,18469
SCARB TOWN CENTRE STAT,18470
WILSON STATION TEMPO,18471
MARLEE ROSELA,18472
STASSEN AND VARSITY,18473
RICHMOND AND SHERBOURNE STATION,18474
KINGSTON AND RILANDER,18475
CENTENNIAL COLLEGE STATION PRO,18476
BRADSTOCK AND WEST,18477
BATHURST AND ROUGH HIL,18478
BAMBURY AND YORK MILLS,18479
OVERLEA AND THIRNCLIFFE,18480
BEVERLEY HILL AND JANE,18481
BATHURST AND SOUTHBOURN,18482
HUDDESF AND HUMBERLINE,18483
MALL ANDBLOOR,18484
FINC AND NEWGALE GATE,18485
COMBE AND WILLMINGTON,18486
WILSON STATION BACK,18487
SUBWAY OPERATIONS BUIL,18488
KENNEDY STATION 6 PM,18489
BATHURST AND GREEWIN,18490
E MALL AND GIBBS,18491
JANE AND N,18492
ELLESMERE AND GARDNER,18493
GRAYDON HA AND LESMILL,18494
WILSON STATION GARAGE N,18495
MILITARY TRAIL AND U OF,18496
ELLESMERE STATION AND MORICH,18497
KEELE AND KING STATION GEORGES,18498
GREENWOOD STATION AND VAUGHAN,18499
ANNETTE AND AZIEL,18500
ARROW JAN AND FINCH,18501
CALEDONIA AND KICTHENE,18502
BRIMLEY AND HUNGTINWOOD,18503
ST CLAIR STATION DUNDAS STATION WEST STATION,18504
BRIAR HILL AND DUFFERIN,18505
FINCH AND TAPSCOTT JU,18506
DUPLEX AND EGLINTON AV,18507
SHERBOURNE STATION WELLESLEY STATION T,18508
JANE STATION LAWRENCE STATION FIN,18509
BRUCEWOOD AND LAWRENCE STATION,18510
SHEWAY GARDENS,18511
AMAZON FULDILLMENT CEN,18512
LAWRENCE AND LOCKHEED,18513
BURHAMTHORPE AND THE E,18514
JANE STATION FINCH STATION LAWRENCE STATION,18515
FINCH STATION KIPLING STATION,18516
ASHBRIDGE BAY STATION LOOP,18517
KEELE AND QUINAN,18518
EPSOM DOWNS,18519
FAYWOODAND MCALLISTER,18520
WASHBURN WAY,18521
BATHURST AND CEARCROFT,18522
WILSON STATION BATHURST STATION Y,18523
GRENWIN VILLAGE,18524
NEWF AND PRINCES GATE,18525
GENNEL AND MORNINGVIEW,18526
CAMB AND THE W MALL,18527
DARLYMPLE AND JANE,18528
HWY 27 AND JANDA C,18529
THORNCLIFFE PARK CIRCL,18530
SW AND WINDCLIFFE CRES,18531
GRETNA AND SWEENEY,18532
DANUBE AND WARDEN,18533
CHRISTIE STATION AND LANSDOWNE,18534
BURNHAMTHROPE AND E,18535
KENNEDY AND PASMORE,18536
DEXTER S O AND LESLIE,18537
KIPLING STATION STE,18538
OAKWOOD ANDST CLAIR,18539
BEDLE AND DON MILLS,18540
BLOOR AND CAMBRIDGE,18541
GARYRAY AND NORLECO,18542
WILSON AND YORK MILLS STATION,18543
BATHURST AND STORMONT,18544
MARTIN GROVE AND WESTWAY,18545
BAYVIEW AND DVP,18546
NEW AND PRINCESS,18547
WILSON STATION JANE STATION KEELE STATION,18548
LAWRENCE AND ST PHILLI,18549
EGLINTON AND MONTCLAIR,18550
ST CLAIR STATION W AND YONGE,18551
DVP AND EGLINTON E,18552
LA AND YORK MILLS,18553
BATHURST AND GRENWIN V,18554
INNISTAWN AND MCNICOLL,18555
GREENFIEL AND SHEPPARD,18556
FINCH STATION LESLIE STATION KENN,18557
CLAIRV AND HUDDERFIELD,18558
LAWRENCE AND SUSAN E,18559
MAYBURN AND ST CLAIR,18560
WARDEN STATION DN LUPIN,18561
MARKHAM AND PASSSMO,18562
MT PLEASANT AND ROEHAM,18563
FINCH STATION W STARION,18564
SHEPPARD JUST E,18565
MCCOWAN STATION AND WESTON,18566
ELLERBECK AND ERINDALE,18567
CHRISTIE AND GARNET,18568
AMAZON FACILITY CENTRE,18569
WELLESLEY AND,18570
LAWRENCE AND LORINGDAL,18571
EXHIBITION LOOP 100 MA,18572
HARBOR AND YONGE,18573
MCPHERSON AND YONE,18574
GARY AND YELLAND W,18575
SHEPPARD MCCOWAN STATION,18576
DOWNSVIEW PARK AND UNI,18577
DON MILLS AND GRAYDN,18578
CORONATION,18579
ALLEN ROAD AND SHEPPARD,18580
JANE AND LAMPTON,18581
LANSDO AND ST CLAIRE,18582
BRISBA AND MARTIN ROSS,18583
BRENYON WAY AND WICKSO,18584
EGLINTON BETWEEN YONGE,18585
BATHURST AND HELENA AV,18586
FINCH STATION FINCH STATION,18587
EGLINTON AND MULHEM,18588
LAKESHORE AND LONG BRA,18589
JAN AND YORK GATE,18590
FINCH AND SWELLS,18591
GO STAT AND YORKDALE,18592
POND S O AND SENTINEL,18593
DONCLIFE LOOP,18594
MAJOR MACKENZIE LOOP,18595
BAYVIEW AND PARKSIDE,18596
BOMBAY LOOP WILSON STATION AN,18597
VICTORIA PK STATION,18598
DANFORTH AND ELWAR,18599
BRIMLEY E AND EGLINTON,18600
BRADSTOCK AND RIVOLDA,18601
DON AVON AND LAWRENCE,18602
CARRRIER,18603
GLENGRO AND YORK MILLS,18604
DOVERCOURT AND SHENLEY,18605
STEELES AMND MCCOWAN STATION,18606
HWY AND MCCOWAN STATION,18607
WHEELTRANS LAKESHORE G,18608
NEW WESTMINSTER,18609
EGLINTON ADN JANE STATION,18610
SENLAC,18611
EGLINTON VIC PARK,18612
BERTRAND N AND WARDEN,18613
MARTIN GROVE AND RATHBURN,18614
LAIDLAW,18615
DANFORTH AND TYNE COUR,18616
BATHURST AND RAINEE,18617
FINCH AND TAPSCOTT EA,18618
FINCH STATION ADN WILLOWDALE,18619
LAWRENCE STATION DUFFE,18620
HWY 427 AND RANBURN,18621
DUPONT AND KEELE STATION,18622
BECKWITH CRES,18623
SHEPPARD LOOP NE OF M,18624
ARBO AND HUMBERWOOD,18625
PHARMACY ELLESMERE STATION,18626
GOSWELL S AND KIPLING,18627
STEELES AND WARDEN STATION SE,18628
STEELES LOOP DUM,18629
KING AND PINE,18630
BROWNLOW AND EGLINTON,18631
DUPONT STATION AND LANSDWONE,18632
BROADVIEW STATION G,18633
LOWER RIVER AND TROLLE,18634
EVERINGHAM AND YONGE,18635
DUNDAS AND GREENWOOD STATION,18636
TUMP AND WILLIAM CREGG,18637
YONGE STEELES LAK,18638
OAKWOOD AND ST CL,18639
MASSEY AND QUEEN,18640
EVANS AND THE QUEENSWAY,18641
BATHURST AND STRETHEAR,18642
TUMP AND WILLIAM CRAGG,18643
STEELES AND WARDEN STATION LO,18644
VALLEYWOODS AND YORK M,18645
BAY AND ST JOSEPH S,18646
LAWRENCE AND P,18647
ST CLAIR AND SYME,18648
FERRIS AND REXLIEGH,18649
FINCH AND GASPE,18650
HUMBER OSSINGTON STATION,18651
PIONEER VILLAGE STATION STATI,18652
OVERSKATE AND WILSON,18653
ELLERSLIE,18654
SEWELLS ADB HUPFIELD,18655
GUNN BULIDING,18656
DON MILLS STATION AND HELEN LU,18657
HARBORD AND MONTROSE,18658
STEELES LOOP AND Y,18659
VALL AND YORK MILLS,18660
CONNOR AND LAN,18661
EGLINTON OAKW,18662
EGLINTON AND LITTL,18663
MORNINGVIEW TRAIL SOUT,18664
QUEEN AND YORK,18665
ASHRONB AND BIRCHMOUNT,18666
JANE AND PIONEER VILLA,18667
CARLTON AND WARDEN STATION,18668
STEELES E AND VICT,18669
PRINCE EDWARD N,18670
WYNFORD JUST D,18671
CATH AND KINGSTON,18672
CHES AND SHEPPARD,18673
MEADOW AND ROYAL YORK,18674
SHEPPARD AND YONG,18675
HONER AND KIPLING,18676
VICTORIA PARK STATION ASND O C,18677
BIRCHMOUNT AND SALDER,18678
401 SPLIT,18679
NEW FOUND AND PRINCES,18680
GENTIAN AND RENFORTH STATION,18681
MIMICO LOOP,18682
DUFFERIN AND PORTER,18683
GHION SPRI AND STEELES,18684
BURNHAMTHORPE BETWEEN,18685
ALTON AV AND QUEEN,18686
BROWNVILLE AND WESTON,18687
BURN AND THE QUEENSWAY,18688
BRIDLEWALK AND CASTLEM,18689
DIXON AND HWY 401,18690
LOWER JARVIS AND QUEE,18691
EGLINTON KEELE STATION YO,18692
KEELE AND NORTHWEST,18693
YORK UNIVERSITY STATION LOOP,18694
LANSDOWNE AND LAWRENCE STATION,18695
DUNDAS STATION W AND QUEBEC,18696
QUEEN STATION S QUAY AND RICH,18697
WOODB AND WOODBINE,18698
CONNOR AND GARDENS,18699
STEELES DUFFERIN STATION TO,18700
DUFFERIN AND FISHER,18701
OSSINGTON STATION KING STATION EG,18702
EGLINTON STATION KI,18703
VALLEYWOO AND WOODBINE,18704
FINCH AND SANHURST CIR,18705
FERRIS AND REXLIEIGH,18706
LAWRENCE STATION W EA,18707
WARDEN STATION ELLESMERE STATION,18708
COLB AND THE QUEENSWAY,18709
AMAZON CENTRE LOOP,18710
CHERRY AND LAKESHOR,18711
BAYVIEW AND WILKET,18712
YONGE BLOOR QUEEN STATION,18713
MEADOWVALE LOOP YOR,18714
THE E MALL AND WICK,18715
PURVIS CRES,18716
SENSIDE AND YORK MILLS,18717
JANE AND WILLIAM CREGG,18718
GREENWOOD STATION SHOPS OVER,18719
B AND JACK LAYTON WAY,18720
BROCKHAV AND TRETHEWEY,18721
KEELE AND KILLGATE DRI,18722
DAWES AND SECOND,18723
MEADOWBR AND SHERMOUNT,18724
ELMHURT AND ISLINGTON STATION,18725
BLOOR AND DURIE,18726
HWY 27 EXPRESS ROU,18727
HUMBERLINE AND STEELES,18728
PAPE AND WROXTER,18729
CHESHAM AND HEATHROW,18730
AND BROADBRID,18731
DOM MILLS AND OVERLEA,18732
WILSON STATION PARKING,18733
STEELES BU AND YONGE,18734
BRAEBURN AND SCARLETT,18735
BIRCHMOUNT AND RALEIGH,18736
EVANS LOOP,18737
NORTHLOVER AND SLATER,18738
KINGSTON BETWEEN MIDLAND STATION,18739
BRIMLEY AND GRITTANI L,18740
DEANSCROFT AND MANSE,18741
EGLINTON W AND WINC,18742
CARRIER ALBION,18743
CHESSWOOD AND VANLE,18744
ISLING AND STEELES LOOP,18745
O AND THORNCLIFF PK,18746
RIVALDA R AND SHEPPARD,18747
GERRY FITZGERARD,18748
LANE N D AND OSSINGTON,18749
BAYVIEW STATION AND MCCOWAN,18750
DONLANDS STATION AND OCONNOR,18751
FINCH AND N YORK,18752
VARNA LAWRENCE STATION,18753
JANE STATION WEST AND SHEPPARD,18754
N YORK AND STEELES,18755
401 UND AND BIRCHMOUNT,18756
CHILCOT AND ISLINGTON,18757
KENNEDY STATION BLUFFER,18758
SHERWAY GARDENA,18759
PIONEERE VILLLAGE STAT,18760
SCARBOROUGH GOF CLUB A,18761
OVERLEA AND WILLAIM MO,18762
LINKWOOD AND SHADY GOL,18763
DRIFTWOOD TO AND FINCH,18764
ETOBICO AND ROYALCREST,18765
KENILWORT AND KINGSTON,18766
BLOOR AND ROBERT,18767
FINCH STATION AND JOHN GARLEN,18768
9TH AND GARNETT JAMES,18769
BLOOR AND MARTIN GROVE,18770
HILLSDALE AND MOUNT PL,18771
CELS AND KINGSTON,18772
KIN AND MILITARY TRAIL,18773
GRANDRAVINE AND SHARPE,18774
YONGE SHEPPARD STATION,18775
BELLAMY CEDAR BRA,18776
COMMISSIONER OUTSIDE W,18777
HWY 48 AND MAJOR MACKE,18778
DON MILLS STATION EXPRESS ROUT,18779
DUNDAS STATION W AND HOWARD,18780
BRADLEY S O AND JANE,18781
COLUMBINE AND WOODBINE,18782
AVALON LOOP,18783
CHARLES AND QUENS PARK,18784
PARKWO AND VALLEY WOOD,18785
BLOOR AND CONCORDE,18786
SHEPPARD ELLESMERE STATION,18787
DANFORTH BRIMLEY,18788
ANGUS G AND MAJOR MAKC,18789
ISLINGTON AND WICKMAN,18790
BRADFSTOCK AND WESTON,18791
STEELES AND STONG HOUS,18792
HAZELWOOD AND PAPE,18793
JANE STATION BATHURST STATION,18794
401 UNDER AND MIDLAND,18795
LIFE SAVING,18796
PROMENADE CIRCLE MALL,18797
WOODBINE STATION DOWNS,18798
CHERRY AND POLSO,18799
BLAKE AND MARKHAM,18800
BEVERLEY AND COLLEGE,18801
PEARSON TERMINAL 3 BUS,18802
CHOIC AND OLD KINGSTON,18803
STAINS AND STEELES,18804
B ON RAMP AND KINGSTON W,18805
TRANSIT WILSON STATION,18806
AUGUSTA AND QUEEN,18807
FER AND VICTORIA PARK,18808
SHEPPARD AND WILSON STATION HI,18809
BILLY BISHOP AND WILSON STATION,18810
BIRCHMOUNT AND WARDEN STATION,18811
ATWELL CARLINGVIE,18812
HY 401 BR AND WARDEN,18813
PIONNER VILLAGE STATION,18814
HOWARD MOSCAO WAY,18815
DUFFERIN AND WHITEMORE,18816
HUNTINWOOD AND MIDLAND,18817
DONWA AND LAWRENCE,18818
MAPLE A AND SHERBOURNE,18819
ALLAN AND TRANSIT,18820
BRIMLEY AND LEESWOOD,18821
ALBION AND WESTON ON R,18822
LAWRENCE STATION W A,18823
DEMARCO B AND LAWRENCE,18824
WINDEMERE ANDE QUEENSWAY,18825
GLEN PARK AND MARLEE,18826
DEWITT AND MARTIN GROVE,18827
WELLESLEY STATION GROSVENOR,18828
F AND FINCHDEAN SQUARE,18829
EGLIN AND MARKHAM,18830
DUFFERIN STATION GATE LOOPE,18831
FLEMINGDON AND VARNA,18832
BLOOR AND MILLROAD,18833
BERKELEY AND ESPLANADE,18834
DUNDAS AND ST JONES PL,18835
JUNCTION N AND KEELE,18836
WELLESLEY STATION BETWEEN JAR,18837
RENFORTH STATION 5001,18838
KENNEDY STATION HAVENDALE,18839
HAVENDALE AND KENNEDY STATION,18840
BATHURST AND WILSON STATION J,18841
LAWRENCE AND OLD LAWRE,18842
HWY 27 DIXON,18843
NORTHQUEEN AND QUEENSWAY,18844
DVP W AND EGLINTON,18845
MAJOR M AND MARKHAM,18846
OLYMPIA,18847
LAWRENCE STATION A AND MCCOWAN,18848
FINCHLEY AND ISLINGTON,18849
PRINCE WILLIAM,18850
FINCH AND GROVE,18851
MORNINGSIDE AND NIGHTSAR,18852
ANTIBITES AND BATHURST STATION,18853
LANSDOWNE AND MACDONEL,18854
KENNEDY AND TRANSWAY C,18855
AIRPORT AND BEVERLEY,18856
WILSON STATION BETWEEN LEXFIEL,18857
WARDEN STATION ROUTE,18858
MAJOR AND RIDGECREST,18859
HALDON AND YORK,18860
DON MILLS STATION AND LESLIE,18861
AYLESBURY AND ISLINGTON,18862
GLENOBLE AND SPADBRIDG,18863
BRALORNE AND VARSIT,18864
BLOOR AND MARGUERETTA,18865
PARLIAMENT AND WESTMIN,18866
DONLANDS AND STRATHMORE,18867
AVON LOP,18868
THORNCLIFFE PARK ROUTE,18869
BRAMSH AND SHORNCLIFFE,18870
INDIAN GROVE AND KEELE,18871
JAME AMD LAWRENCE STATION,18872
FLEE AND STRACHAN,18873
EMPRESS ELM,18874
LAWRENCE AND SLOANE,18875
DON MILLS AND LEBOVIC,18876
BLACK AND TODD BAYLISS,18877
GERTRUDE PLACE,18878
BLOOR AND HAVELOCK E,18879
FLORA DRIV AND KENNEDY,18880
DORAN AND VARSITY,18881
MILL LOOP RATHBURN AN,18882
GIBB AND MALL,18883
CHERRY LOOP,18884
LAKESHORE AND WOODBINE STATION,18885
EMERY CIR AND SASKATO,18886
MEADO AND SHEPPARD LOOP,18887
BATHURST STATION W AND WILSON,18888
LAKESHORE AND SILVERMO,18889
BETHRI AND MARTIN GROVE,18890
MALAMUTE CRES,18891
ROYAL YORK STATION ENTIRE RO,18892
WILSON STATION YARD WALKWAY,18893
MIDLAND AND STEELES E,18894
GORWAY AND MORNINGSTAR,18895
FINCH STATION WESTON JANE STATION,18896
FINCH STATION STATOPM,18897
KEELE AND SIR WILLIAM,18898
STEELES HUNTINGWOOD,18899
MIDDLEFIED AND ORATOR,18900
SHEPPARD STATION SHEPPARD,18901
MORNING AND OLD FINCH,18902
DUMFORD AND DURNESS,18903
BRIGHTON,18904
PLEASANTVIEW AND VICTO,18905
CORNWALLAC AND KENNEDY,18906
ALLIANACE AND JANE,18907
EGLINTON W SUBWAY,18908
CROSLAND AND PENWOTH,18909
HABITAINT AND WESTON,18910
BAY STATION CHERR AND FRONT,18911
ISLINGTON AND KINGSMOR,18912
EDENBRID AND SCARLETT,18913
EGLINTON W SATION,18914
DYNE AND EGLINTON W,18915
LAIRD AND MCREA,18916
EGLINTON MARKHAM,18917
REXDALE MARTIN GR,18918
JANE STATION ADN FRITH,18919
SCARBOROUGH U OF T,18920
MALVERN AND NUGGET,18921
OPPOSITE 700 ARROW,18922
N YOR AND SHEPPARD,18923
GREEENWIN AND VILLAGE,18924
DRIFTWOOD AND SHEPPARD,18925
SHEPPARD STATION SH,18926
ALBION AND HUMBERLIN L,18927
BAY STATION BRIDG AND FRONT,18928
PAPE STATION FRONT,18929
EVENS AND ISLINGTON STATION,18930
KNOBHILL AND OAK,18931
SUNNYBROOK HOSPITALB,18932
ISLINGTON AND KINGMOO,18933
WARDEN STATION BIRCHMOUNT,18934
KENNEDY STATION MAIN,18935
ARLINGTION AND VAUGHAN,18936
QUEEN AND SORAURAN,18937
HENEYVI AND HUMBERWOOD,18938
LAWRENCE AND PILMICO,18939
MORNIGS AND NIGHT STAR,18940
NEILSON R AND SHEPPARD,18941
ADRIAN,18942
RUSSELL CARHOUSE,18943
FINCH AND SENCA HILL,18944
DAVENPORT AND NEW STRE,18945
DANFORTH AND SHERBOURNE,18946
HO AND HUMBERWOOD,18947
MC MCCOWAN AND STEELES,18948
KIPLING AND VIKING,18949
ALLAIANCE AND ROCKCLIF,18950
ENTRANCE AND REXDALE,18951
STEELES AND TOWSEND,18952
DUFFERIN STATION DN RAMSDEN,18953
BATHURST AND GREENVILL,18954
DRIFTWOOD ANDSTONG COU,18955
BLACKCREEK,18956
SCARLETT BRIDGE PARKET,18957
THORNCLIFFE PARK AV,18958
WESTON AND ZAPACOSTA,18959
ISLINGTON AND MARS,18960
HIGH CREEK AND OLD KIN,18961
GLEN ROBE AND REXLEIGH,18962
FRANKLIN AND KINGSTON,18963
GERRARD AND NORWOOD,18964
401 AND DIXON,18965
BLOOR E AND YONGE,18966
ISLINGTON AND MONOGRA,18967
HWY 40 AND WESTON,18968
CURITY AND HOLLING,18969
ALBION AND PHARMACY,18970
ROYAL YORK STATION AND STANLEY,18971
JUNCTION AND OLD WESTON,18972
YEWFIELD CRES,18973
EGLINTON AND W STATI,18974
SHEPPARD ADN WARDEN STATION,18975
DANFORTH DIVISION,18976
COMSTOCK AND LAWRENCE,18977
FINCH STATION ANF WESTON,18978
EXHIBITION AND ONTARIO,18979
HUMBER COLLEGE STATION CAMPUS,18980
SIGINAL HILL AND STEELES,18981
MILLWOOD LOOP,18982
TRITON STATI,18983
LAMPTON AND WESTON,18984
CANNIFF AND STRACHA,18985
MIDLAND AND REDLEA LOO,18986
BATHURST AND EDEN,18987
FIREWOOD AND KIPLING,18988
CORONAT AND MORNINGSIDE,18989
HUMBERLINE AND YORK GATE,18990
DEAK PA AND MEADOWVALE,18991
E TORONTO AND JANE,18992
EGLINTON YONGE TO,18993
DUFFLAW AND ORFUS,18994
MARKHAM AND PASMORE,18995
AU LARGE AND FINCH STATION E,18996
CALEDONIA AND LAWRENCE STATION W,18997
BRICHM AND HUNTINGWOOD,18998
GRAND RAV AND SENTINEL,18999
MIMICO AND QUEEN STATION,19000
JANE AND THREWETHWAY,19001
CASTLE FRQANK STATION,19002
MORNINGSIDE ELLESMERE STATION,19003
LAWRENCE STATION STTION,19004
DUPONT STATION ROUTE,19005
LAWRENCE STATION RT STATION200,19006
EGLINTON AND STARSPRAY,19007
CALEDONIA AND GLENGOVE,19008
EGLINTON AND LLOYDMANO,19009
GERRARD AND MAIN STREE,19010
CRAIGLEE AND KENNEDY STATION,19011
WESTON CARDEL,19012
CONCORDE PLACE AND MCD,19013
HWY 401 AND MIDLAND,19014
BRENYON AND FOREGATE,19015
BRIDGETOWN AND WARDEN,19016
ARROR ROAD AND SHEPPARD,19017
EGLINTON AND GLENOBLE,19018
EGLINTON AND PINE,19019
CLDNDENAN AND DUNDAS,19020
62 PLAT AND MAIN,19021
PASSMORE TAPSCOTT,19022
BURNAMTHORPE,19023
SILVERDALE CRES AND YO,19024
FINCH STATION W STATION HUMBER,19025
BIRCHMOUNT AND MARRY F,19026
COMMISSIONERS AND JONE,19027
DUFFERIN AND PARKETTE,19028
SEASONS AND STEIN,19029
MILITARY TRAIN AND UNI,19030
COOLHURST AND KIPLING,19031
JANE AND SINTRAMTOWAY,19032
GEORGE MCKE AND WESTON,19033
DON MILLS AND FREASHME,19034
DUFFERIN STATION ST CLAIR STATION,19035
DAVIS AND DONLANDS,19036
WILSON STATION RHIS,19037
BAYVIEW AND ROEHAMPTON,19038
THOMSON PARK,19039
ALBION AND STEELES,19040
EGLINTON STATATION,19041
HOSKINS AND QUEEN STATION PAR,19042
KENNEDY AND SNTRIM,19043
COXWELL STATION ADN DANFORTH,19044
CARLAW BETWEEN EASTERN,19045
PINEER VILLAGE STATION,19046
ELLESMERE AND TORONTO,19047
FENMAR AND NORCOL,19048
LA AND STAR SPRAY LOOP,19049
BIRCHMOUNT AND GLEN PO,19050
EGLINTON AND GLENCEDAR,19051
DINNIC AND MT PLEASANT,19052
FINCH AND OAKWOOD,19053
EGLINTON AND MORNINDSI,19054
AMAZON FUFULLMENT CENT,19055
CAR AND HUMBER COLLEGE,19056
SCARBOROUGH GOLF,19057
YONGE COLLEGE STATION,19058
ELIZABETH S AND ELM,19059
CATLEFRANK STATION,19060
THE ESPLANADE AN DLOWE,19061
HARDING AND KINGSTON,19062
PEPE STATION,19063
BLANTRYRE AND KINGSTON,19064
CACTUS AND DREWERY,19065
PEARSON AIRPER TERMINAL,19066
STEELES AMD BARMAC,19067
LAURELCREST AND WILSON,19068
KENNARD AND WILLIAM,19069
THE AND THE E MALLA,19070
BURGUNDY CR AND WESTON,19071
LANSDOWNE AND RIDEAU S,19072
MAIN STREET STATION STATIOIN,19073
EIGHT AND LAKESHORE,19074
KINGSTON AND PAYEE,19075
LANSDOWN AND QUEEN STATION W,19076
CHERRY AND LOCATION,19077
DUPONT STATION OSSINGTON STATION,19078
EGLINTON DIV,19079
PIONEER VILIAGE STATIO,19080
PAKWAY FO AND SHEPPARD,19081
JOANNA AND PHARMACY,19082
REDLEA LO AND STEELES,19083
GLEND AND THE QUEENSWAY,19084
LAWRENCE STATION E AND WARDEN STATION,19085
STEELES AND WAGONNERS,19086
STEELES AND WASONNERS,19087
BAYVIEW AND SUTHERAND,19088
CASTFRANK STATION,19089
MARK AND PROGRESS,19090
OAK AND VAUGHAN,19091
LOFTY HILLWAY,19092
KIPLING STATION STEELES,19093
MEDOWVALE LOOP,19094
BURNETT AND SCARLETT,19095
BROOKMERE AND ELMHURT,19096
FINCH STATION AND FINCH STATION DEAN,19097
FINCH AND SHEPPARD,19098
BATHURST AND QUEEN STATION W,19099
FOREST C AND OLD FINCH,19100
DON MILLS STATION AND FINCH STATION E,19101
FINCH STATION AND FRESHMEADOW,19102
MARKHAM AND RAMONA,19103
STARSPRAY LOOP LAWRENCE STATION,19104
VICTORIA PARK STATION SOUTHMEA,19105
GREENWIN VILLLAGE,19106
BROADWAY STATION,19107
BLOOR ST E SHERBOURNE STATION,19108
ELMHURST AND MUNCEY B,19109
PARKW AND VICTORIA PARK,19110
BLOOR ST E AND SHERBOURNE STATION,19111
SHERBOURNE STATION ROUTE,19112
CLAREVI AND HUMBERLINE,19113
EASTWO AND KINGSTON,19114
LAWRENCE AND SCRABOROU,19115
GREENWOOD STATION ROUTE,19116
FINCH STATION MIDLAND STATION,19117
SHEPPARD WESTSTTION,19118
SCRABOORUGH CENTRE STATION,19119
MAC GREG AND RUNNYMEDE,19120
CONNOR BERMONDS,19121
KEELE STATION AD EGLINTON,19122
CSTLE FRANK STATION,19123
CASTLEFIELD AND CHAPLI,19124
EGLINTON AND LLOYD MA,19125
BAY STATION AND FINCH,19126
ARBUTUS AND BIRCHMOUNT,19127
MANTIS AND SAINES,19128
KINGSTON AND MADERLEY,19129
DUFFERIN AND WJITLEY,19130
QUEEN STATION AND QUEENSWAY,19131
SHEPPARD W STATIO,19132
GAMBEL AND GRANDRAVINE,19133
234 AND EGLINTON,19134
COARPORATE AND LEE,19135
ATLANTIC AND KING STATION ST W,19136
MORNINGSIDE SHEPPARD,19137
MORRISH AND WISHAW,19138
NAIRN AV AND ROGERS,19139
HURDMAN AND PARAMOUNT,19140
WESTON BIRDSTONE,19141
STAINES AND SWELLES,19142
ASTERFIEL AND LAWRENCE,19143
CHSSSWOOD AND SHEPPARD,19144
ARLINGVIE AND EGLINTON,19145
KENNEDY STATION 940 PM,19146
EGLINTON AND KIPL,19147
RUNNYMEDE STATION MAHER,19148
BARMACK AND GARYRAY,19149
LONGBOURNE AND WESTWYN,19150
LORNE AND PARK LAWN,19151
CLURY AND CRESCENT,19152
AND HWY 40,19153
HUMBERLINE AND PETER KAISER,19154
BIRCHMOUNT AND ST DENN,19155
STEELES AND WALKWAY TO,19156
DOVERCOUNT AND HALLAM,19157
SHEPPARD STATIOM,19158
WESTON ANE FINCH STATION,19159
FINCH STATION EXPRESS ROUTE,19160
DUFFERIN AND DUND,19161
KINGSTON RO AND RYLAND,19162
DON MILLS AND ROCHFORT,19163
BAYVIEW AND TRUMAM,19164
OVERLEA AND THORNCILFFE,19165
WILSON STATION TEMP BU,19166
DIXON AND ROYAL Y,19167
DANFORTH AND N BON,19168
HWY 401 AND VICTORIA P,19169
FROBISHER AND ORIOLE,19170
WARDEN STATION STATIO N,19171
FINCH STATION W AND OAKDALE,19172
ARDWICK AND FINCH STATION W,19173
BAYVIEW AND SHEPPARD A,19174
COXWELL STATION AND DUNDAS STATION E,19175
KINGSTON AND RYLA,19176
PAPE STATION STAION,19177
BYNG AND TANRIDGE,19178
CARHARTT,19179
DAPPER AND WELLESLEY,19180
ENCHANTED AND STEELES,19181
REDGRAVE AND WATERBERR,19182
EGLINTON W AND O,19183
CROSSLAND AND PHARMACY,19184
KING AND LIBERTY,19185
AIRPORT AND HWY 4,19186
WARDEN STATION EXPRESS ROUTE,19187
AND HIGHWA,19188
KINGSTON AND ROYLANDER,19189
401 AND MORNING SIDE,19190
ENTRE ROUTE,19191
MEDOVALE LOOP AND SHEPP,19192
WARDEN STATION DN BRIDLETOWN,19193
KINGS AND MORNINGSIDE,19194
MISSISSAUGA TRANIST WA,19195
ELM CLOSED UN,19196
MCCOWAN STATION N ROUTE,19197
CONNOR AND TREADWAY,19198
ARLINGT AND VAUGHAN,19199
DUPONT STATION BETWEEN JANE STATION AN,19200
MOULD AND PRICHARD,19201
EASTMALL AND QUEENSWAY,19202
DON MILLS STATION BETWEEN EGLI,19203
BERRY AND BONNYVIEW,19204
KENNEDY STATION N SER,19205
STEELES LOOP STEINWAY,19206
AND BOMBAY LOO,19207
HUMBERLINE BUS LOOP,19208
DUNDAS AND SHERBOURNE STATION,19209
BIRCHMOUNT AND MARKHAM,19210
KING STATION W AND QUEEN STATION W,19211
BENTO AND LAWRENCE,19212
HILLCREST SUBWAY OPS B,19213
F AND HUNTINGWOOD MBER COLLEGE,19214
DON MILLS STATION WYNFORD,19215
MCCOWAN STATION RAYMERVILLE,19216
BROADVIEW AND CHESTERH,19217
CLAMORGAN AND KENNEDY,19218
FINCH AND JAYZEL AND W,19219
EGLINTON STATINO,19220
MT PLESANT AND ST CLAI,19221
ENTIRE ROUE,19222
HUMBERWOOD AND MORNIN,19223
ALTHEA AND VARSITY,19224
DANFORTH ANF HORTON BL,19225
CLI AND WILSON STATION HEIGHTS,19226
BELLAMY AND CORPORA,19227
MIDLAND STATION SHEPPARD,19228
JOHN GARLAND AND NOTTA,19229
WARRENDER,19230
CATHDR AND KINGSTON,19231
FINCH STATION AND HUMERLINE,19232
GROSV AND QUEEN STATION S PARK,19233
JOHN G AND MARTIN GROVE,19234
FRASER AND KING,19235
ALB AND CLEARPORT CRES,19236
KOD AND SHEPPARD W,19237
BAYV AND WB SUTHERLAND,19238
FINCH STATION AND KENNETH,19239
DONLANDS STATION O CONNOR,19240
BRITISH COLUMBIA AND Y,19241
LAWRENCE STATION MANSE,19242
LA ROSE AND ROYAL YORK STATION,19243
DON MILLS STATION JUST S F,19244
EGLINTON AND ORIOLE P,19245
BAMBURGHJ C AND WARDEN,19246
WILSON STATION DALLNER,19247
BRIDGEPORT HEALTH,19248
ALLEN AND STEEP R,19249
RICHMOND AND YORK,19250
FINCH STATION AMD ARDWICK,19251
SCARBOROUGH COLLAGE CA,19252
WILSONSTATION,19253
LAWRENCE STATION OVERTURE,19254
DUNDAS STATION W AND ROYALAVON,19255
PEARSON TERMINAL AIRPORT,19256
EGLINTON W STATOPM,19257
DON MILLS AND PEBBLE B,19258
EARLSCOURT AND LANSDOW,19259
UPER MADISON AND YONGE,19260
EGLINTON ATLANTIC,19261
RUNNYMEDE STATION BLOOR,19262
EGLINTON W AND EMMI,19263
OPPOSITE 100 WYNFORD D,19264
CHESSWO AND FINCH,19265
GREENSBOR AND KIPLING,19266
BATHURST STATION LONSMOUN,19267
THE W MALL CRES,19268
EGLINTON AND GHABIAN W,19269
MARTIN GROVE AND POLLI,19270
SHERBOURNE STATION QUEEN STATION,19271
NORTHCOTE AND QUEEN,19272
GRANDRAVINE AND SHEPPARD,19273
HAYDEN S O AND YONGE,19274
DON MILL AND FESHMEADOW,19275
EGLINTON E AND MT PLEA,19276
STARVIEW LA AND WESTON,19277
CASSANDRA AND VALLEY W,19278
JANE STATION AND WEATHERELL,19279
ST CLAIR AND STOCKYARD,19280
BROADVIEW AND WHITROW,19281
BRIDLE PATH AND LAWRENCE STATION,19282
LAWRENCE STATION W LORINDALE,19283
ST CLAIR STATION W AND VAUG,19284
COL SAM SIMTH LOOP,19285
HUMBERWOOD LOOD,19286
ALLIANCEA AND JANE STATION,19287
E STRE AND LAWRENCE,19288
BRAMBURGH AND WARDEN,19289
WESTWAY AMD TREHORNE,19290
SHEPPARD A E,19291
PITFIELD,19292
BOWOOD AND MT PLEASANT,19293
DO AND QUEEN STATION QUAY E,19294
FLEMINGTON PARK ROUTE,19295
MIKADO AND RANE,19296
COMMISSSIONERS AND SAU,19297
CENTENNIAL COLLEGE STATION LOP,19298
ADELAIDE W AND YORK,19299
KING STATION W AND SHAW,19300
ISLINGTON AND SUMMIT C,19301
SCARB CENTER STATION,19302
LAKE SHORE W AND LEGIO,19303
DOCOT AND MIDLAND,19304
HUMBER AND KIPLING,19305
FIFESHIRE,19306
GRENOBLE AND SPADBRIDG,19307
SHEPPARD AND WILIMGTON,19308
OVERLEA AND THRONCLIF,19309
MILLVAN AND PEEN,19310
FINCH STATION W STARTION,19311
FLEMING AND RANEE,19312
LANSDOWN AND LAPPIN,19313
LAWRENCE AND SCARABORO,19314
KINGSTON AND WAVERLEY,19315
ELLESMERE AND MEADOVAL,19316
BLOOR AND RIVERVIEW GA,19317
ATTWELL AND CALINGVIEW,19318
SHERBOURNE STATION GERRARD STATION T,19319
RIVENDELI AND STAINES,19320
LAWRENCE AND STARSPRA,19321
KEELE STATION JANE STATION,19322
JANE STATION KEELE STATION,19323
ARENA AND TRETHEWEY,19324
KIPLING AND N PARK,19325
BURNAMTHORPE AND BURNH,19326
MURRA AND STEELES,19327
KINGSTON AND WOOD,19328
PAPE STATION STASTION,19329
KEELE STATION ANED EGLINTON,19330
HILLSDA AND ROYAL YORK,19331
ROYAL YORK AND WHITE O,19332
SQUIRES AND ST CLAIR STATION,19333
HWY 2 AND STEELES W,19334
BATHURST STATION AND STEELES W,19335
CON AND NORTHUMBERLAND,19336
I AND PIONEER VILLAGE,19337
MORBANK,19338
CASEBRI AND MORNINGSIDE,19339
SHEPPARD STATION WESTON,19340
FINCH STATIONM,19341
JESMOND AV AND OAKWOOD,19342
ROYAL YORK AND TORYORK,19343
HOLLYDENE AND PHARMACY,19344
ARRROW AND FINCH STATION W,19345
LAWSON,19346
RENFORTH STATION STATOPM,19347
DUNDAS AND ST ALBANS,19348
CNE LOOP EASTERN LOO,19349
DVP RAMP AND STEELES,19350
MOUTN DENNIS GARAGE,19351
SCARBOROUGH COLLEGE STATION AN,19352
DUNDAS AND KENNETH,19353
REDLEA CAL DE SAC,19354
BLOOR SHERBOURNE STATION,19355
KEELE STATION AAND EGLINTON W,19356
AVOCA AND MT PLEASANT,19357
CHARLOTTE LOOP,19358
DVP AND SHEPPARD,19359
BIRCHMOUNT AND MCNI,19360
ALON AND DOWNTOWN CARE,19361
LESL AND YORK MILLS,19362
EGLINTON W AND KEELE STATION,19363
GELN WATF AND SHEPPARD,19364
KIPLING STATION STATON,19365
DON MIL AND LAWRENCE STATION E,19366
DUNFIEL AND EGLINTON E,19367
BAY AND GERRARD STATION W,19368
CEDAR D AND EGLINTON E,19369
MORNINGSIDE AND THE 40,19370
BATHURST STATION ANSD SHERBOURNE STATION,19371
HIGHLAND CREEK OVER PA,19372
DUNDAS STATION ST W AND JANE,19373
SCARBOROUGH CETNER STATION,19374
JAEN AND SHEPPARD,19375
LAKEHSORE AND MIMICO,19376
DANFORTH AND TANSLEY,19377
DON MILLS AND FAIREVIE,19378
GEARY AV AND OSSINGTON,19379
22ND AND BIRMINGHAM,19380
EGLINTON AND ST DENNI,19381
ELLESMERE STATION SRT STATION,19382
DUPONT STATION JANE STATION BATHU,19383
EGLINTON AND HWY 4,19384
BRIDGEPO AND LAWRENCE,19385
BROWNSLINE AND HORNER,19386
DUNDAS AND GLENNLAKE,19387
AMSTERDAM AND CONNER,19388
BLOOR ST W AND CRAWFOR,19389
HARTLAND AND WELLESWOR,19390
OAK AND ROADWAY PIG,19391
ISLINGTON STATION THE WEST,19392
PIONEER VILLAGE STATION TATION,19393
ALLEN AND SHEPPARD W,19394
DAVENPORT AND WILTSHIR,19395
DUFFERIN AND MCKAY,19396
AIRPORT TERMINAL 3 RO,19397
KIPLING STATION STM,19398
EGLINTON AND VESTA DRI,19399
DEERHIDE AND SHEPPARD,19400
MCCOWAN STATION FINCH STATION,19401
JANE STATION PIONEER VILLAG,19402
HERRON AND SHEPPARD,19403
EGLINTON E AND LEBOVIC,19404
FINCH STATION HUMBERWOOD,19405
DRIFTWOOD AND VENETIAN,19406
BATHURST AND CARR,19407
9TH AND GARNETT JANE,19408
WILSON STATION TEMP,19409
CROSSOVERS,19410
EVAN AND ISLINGTON,19411
KENNEDY STATION MEADOWV,19412
ANTIBES AND PLUMTREE W,19413
STEELES LOOP MA,19414
LADYSBR AND ORTON PARK,19415
HARBOUR STRE AND YONGE,19416
COLL AND QUEEN STATION S PARK,19417
EGLINTON AND FALLMOUTH,19418
BEEC AND SHEPPARD,19419
KIPLING AND STEELES W,19420
CLAYSON AND JANE,19421
SCUNTHO AND SHEPPARD E,19422
HUMBER COLLG3E AN,19423
MALVERN WICKET,19424
GLEASON AND MARKHAM,19425
HUMBER COLLEGE STATION WESTMOR,19426
DUNDAS STATION E MA,19427
DUFFERIN STATION B AND T ROGERS AN,19428
DIXON AND WESTON,19429
FINCH STATION W HUMBERWOOD,19430
PLAINFI AND WRIGHT,19431
JANE AND SAN ROMANO,19432
BURHAMPTHORPE AND HWY,19433
FRONT ANF BAY STATION,19434
LAKESHORE KIPLING STATION,19435
MIDLAND STATION AND PARKSIDE,19436
AUBURN S AND DUFFERIN,19437
DAVENPORT AND WESTMORE,19438
MILIARY TRAIL AND MORNI,19439
ESNA PARK LOOP AND STEELES,19440
LONGVIEW AND UPHILL,19441
HUMBERINE LOOP,19442
DUNDAS STATION ST W AND INDIAN,19443
PEARSON TERMINAL ONE,19444
COXWELL AND MORTINER,19445
LAKESHROE AND YONGE,19446
EMMELINE C AND MIDLAND,19447
LAKESHORE LOOP,19448
CENTENNIQAL COLLEGE STATION BU,19449
MORNINGSIDE AND NIGHTSTAR,19450
STEELES LOOP AT YONGE,19451
OLD AND ST CLAIR STATION W,19452
MERTON ST NORTH AND YONGE,19453
CENTENARY AND NEILSON,19454
AND KINGSW AND KIPLING,19455
FINCH STATION W AND WESTMOR,19456
MORNINGSIDE AND STAINIES,19457
MILITARY TRAIL AND MO,19458
PEARSON INTERNATION AI,19459
ALLE AND SHEPPARD W,19460
SPRING HURST LOOP,19461
BALDOON AND FINCHDENE,19462
ABBOTFIEL AND SHEPPARD,19463
BERICE AND SCARLETT,19464
OROMONT AND WESTON,19465
ST CLAIR AND VAUGHANQ,19466
ST CHARLES AND YONGE,19467
DUPLEX OUTSIDE EGLIN,19468
DAVENPORT AND SOMERSET,19469
KIPLING AND REXDALE BL,19470
BROADVIEW AND N,19471
FLAMBROUGH AND KEELE,19472
DANFORTH AND VICTORIA P,19473
DIXON AND GOLF WOODS,19474
EGLINTON AND SLONE,19475
SANAMONIC AND ST CLAIR,19476
BLOOR AND EUCLID,19477
HUMBER COLLEGE STATION AD HWY,19478
BEVERLY HILLS AND WILS,19479
DON MILLS AND ESTERBROO,19480
CUMMERQ AND YONGE,19481
EGLINTON AND MANSE,19482
ARCOT AND TANRIDGE,19483
INDUSTRY MOUNT,19484
HWY 27 AND QUEEN STATION P,19485
LAWRENCE AND OYMPIA,19486
RECTORY C AND WESTON,19487
PROVENCE TRAIL,19488
KINGSTON MCCOWAN STATION TO,19489
B SHEPP AND DON MILLS STATION E,19490
UNSPECIFIED,19491
BATHURST STATION ANDTICHESTER,19492
EGLINTON W AND NORTH,19493
FINCHDENE SQUARE AND N,19494
ALLEN AND RIM ROCK,19495
THE W MALL PARKS,19496
EGLINTON AND W STAT,19497
HUMBER COLLEGE STATION KIPL,19498
GLENCAIRN AND SHERBOURNE STATION,19499
BAY AND HARBOR,19500
CHURCH AND UPHILL A,19501
KEELE AND RIDGE,19502
HEATROW AND JANE,19503
WILSON STATION HEIGHTS BLD,19504
GREENWOOD AND MOUNTNOE,19505
THRONCLIFFE,19506
YORK MILLS STATION ANDN HUMBER,19507
MALVERN WOODS AND SHEP,19508
LAKESHORE BLOOR,19509
ERIN GATE AND RENFORTH,19510
MOUNT PLEASANT AND STI,19511
STANFIE AND YORK MILLS,19512
KIPLING AND MUNSTER,19513
MILL BETWEEN PARLIAMENT,19514
LEYTON,19515
CALVERLY AND CANMORE,19516
LESLIE AND OVERLEA,19517
ADELAIDE AND CHERRY,19518
SCARSD AND YORK MILLS,19519
SHEPPARD W SATION,19520
DUFFERIN STATION AN LAWRENCE STATION,19521
NEIL AND VICTORIA PARK,19522
BATIEW AND STEELES,19523
LAWRENCE AND MORNIGNSI,19524
KNOB HILLS AND WESTON,19525
MELB AND RATHBURN,19526
BLOOR AND SYMMINGTON,19527
BATHU AND LAWRENCE,19528
DRIFTWOOD AND STRONGWO,19529
CENTENNIAL COLLGE,19530
SCARBOROUGH TC STATION,19531
HARDING AND JANE STATION,19532
CLIFWOOD AND DON MILLS,19533
DIXON AND WYNCOTT,19534
BRIMLEY AND HWY 401,19535
GLEN WATD AND SHEPPARD,19536
MILLWOOD AND OCONNOR,19537
MOR AND WESTWOOD MALL,19538
FINCH AND KEDDLETON,19539
JANE AND LAWRENCE STATION P,19540
BATHURST AND CLAXTRON,19541
JANE AND RALPH,19542
AVANUE AND BLOOR,19543
ISLINGTON STATION AND RATHUBURN,19544
VALLY W AND YORK MILLS,19545
DUFFERIN AND GLEN GROV,19546
GLUCHESTER AND YONGE,19547
GORDAN BAKER AND VICTO,19548
BIRCHMOUNT AND GARAGE,19549
JAND AND TRETHEWEY,19550
FINCH STATION AND SILVERSTONE,19551
DEERHID AND FINCH,19552
PALMERSTON,19553
GRENOBLE AND SPABRIDGE,19554
MAPLEBUSH AND WESTON,19555
SANTAMOIC AND ST CLAIR,19556
PARKHOLME AV AND YONGE,19557
HILL G AND SCARLETT,19558
WOOLNER,19559
PEARSON AIRPORT TERMAI,19560
BOROUGHQ AND TRITON,19561
FERNOY AND ST CLAIR,19562
COXWELL AND,19563
COSBURN AND NORLONG,19564
MILLWAY AND NEW PARK,19565
COLLEGE STATION LOOP,19566
EGLINTON AND LLOYD,19567
BIRMORTON AND MCCOWAN,19568
JAMES SCOT AND MARKHAM,19569
DRI AND YORKWOODS GATE,19570
FINCH STATION W AND WILMING,19571
DREWRY AND TORRESDALE,19572
WESTON AD OAK,19573
KEELE STATION EGLINTON,19574
WILLOWDALE,19575
ELLES AND MORNINGSIDE,19576
DON MILLS AND SENECA HI,19577
EGIN AND VICTORIA PARK,19578
RANEE AND YORKDALE,19579
AWKLAND AND DUNDAS,19580
BATHURST AND LISSOM,19581
PIONIER VILLAGE STATIO,19582
MILLL LOOP,19583
ALLAN AND KENNARD,19584
SU AND THE BRIDLE PATH,19585
BLACKCREEK AND TRETHEWEY,19586
HUMBER RIVER HOSPLITAL,19587
FLOREST AND LAWRENCE,19588
DUFFERIN STATION PEEL,19589
HOWARD PK AND INDIAN G,19590
STRATMORE AND WOODBINE STATION,19591
EARLSCOUT LOOP,19592
HWY 427 AND REXDALE,19593
FINHC AND JOHN GARLAND,19594
MORNINGSIDE AND NIGTHS,19595
FENN AND YORK,19596
FER AND ST CLAIR STATION E,19597
BAYVIEW AND MCNICOLL,19598
THE W MALL AND TRIL,19599
DANFORTH AND PATTER,19600
MT PLEASSANT AND SOUDA,19601
BAYVIEW STATION S ROUTE,19602
BATHURST AND ULST,19603
HUPFIELD TRAILS AND SE,19604
DALLINER AND WILSON,19605
BATHURST STATION AND VESTA,19606
KIRKWOOD AND LESLIE STATION,19607
LAWRENCE AND VAN HORNE,19608
MARLEE AND WENDERLY,19609
EGLINTON AND ORILOE PK,19610
CORINTHIA AND PHARMACY,19611
AIRPORT AND MORNINGSIDE,19612
LAIRD AND LAWRENCE,19613
BATHURST STATION AND LYTTON,19614
BATHURST AND BRIAR,19615
DUPONT AND STEELES,19616
CNE LOOP 100 MANITOTA,19617
EIGTH AND LAKESHORE,19618
LAWRENCE STATION AND LAWRENCE STATION W,19619
ANT AND TORRESDALE,19620
ALLEN AND THE 401,19621
JETHROW AND WILSON,19622
LISGAR AND QUEEN,19623
HAWTHORNE AND KIPLING,19624
LINDEN AND ST CLAIR STATION,19625
BAYVIEW AND POST NORT,19626
HILDA AND STEELES Q,19627
BELLF AND MARTIN GROVE,19628
MARKHAM AND SHEPP,19629
DURBRAY AND PAXTONIA,19630
BARBER GREEN AND DON M,19631
KILBARRY AND ORIOLE,19632
FOREST AND LONSDALE,19633
EXHIBITION PRINCESS GA,19634
NEW BRUNS AND PRINCES,19635
FRESHMEADOW AND TOWNSE,19636
LANDSDOWNE AND WALLACE,19637
GARDENT AND MORNINGSIDE,19638
DAVISB AND HUNTINGWOOD,19639
BURNAMTHOR AND HOLIDAY,19640
MALVARN AND SHEPPARD,19641
KINGSTON AND RYLENDER,19642
MILLWOOD AND SPOUTHVALE,19643
HWY 400 ON FINCH,19644
RICH VIEW AND SCARLETT,19645
CROSSLANDS AND REDINA,19646
COXWELL AND SALMON,19647
DUFFERIN STATION AND LANSDOWNE,19648
PRINCE EDWARD AND THE,19649
BRADON AND DUFFERIN,19650
DON MILLS STATION AD WYNFORD,19651
MCRAE AND SUTHERLAN,19652
BAY STATION OUTSIDE AND FRONT,19653
FINC AND FINCHDENE SQ,19654
SHEPPARD STATION MA,19655
LAWRENCE STATION AND LOWER RIVER,19656
WILSON STATION FINCH STATION,19657
BLOOR AND KINGSCOURT D,19658
MAYFAIR AND SHALLMAR,19659
COSBURN AND PAPE STATION JUST,19660
DON VAL AND SPANBRIDGE,19661
GREENWIN VILLAGE REGAT,19662
MANITOBA AND NOVASCOTI,19663
ORDANANCE AND STRACHAN,19664
BATHURST AND WOBURN AV,19665
WILSON STATION TEMPORA,19666
CHAPLIN AND EGLIN,19667
SHERWAY GATE,19668
FINCH STATION AND HWY,19669
EGLINTON AND MAR,19670
MORN AND WESTWOOD MALL,19671
BLOOR AND KINGSMILL RO,19672
LAKESHOR AND SHERBOURNE,19673
WELLINGTON AND WESTLAK,19674
MARKHAM AND TUXEDO CR,19675
YORK MILLS AND YORKRID,19676
THE QUEENSWAY ROUTE,19677
KEELE AND WHITBURN CRE,19678
KENNEDY AND KENWICK,19679
LAURENDAL AND LAWRENCE,19680
ATTERCLIFF,19681
GORWA AND MORNINGSTAR,19682
DANFORTH AV AND WARDEN STATION,19683
BOMBAY BAY STATION LOOP,19684
BROADVIEW STATION ROUTE,19685
HILL GA AND SCARLETT,19686
ANGUS GLEN GOLD CLUB,19687
FINCH AND YORKGATE Q,19688
MOUNT CASTLE AND STEELES,19689
ST PHILLIPS BETWEEN DI,19690
EGLINTON AND RAGOON,19691
MCCOWAN AND OAKRIDGE,19692
GREENWIN VILLAGE EX,19693
EXHIBITION STEELES,19694
AGA KHAN AND DON MILLS STATION,19695
SMOOTHROWS AND YORKLAN,19696
THE E MALL AND W DE,19697
FINCH STATION W STTION,19698
ISLINGTON STATION BERGAMOT,19699
KINGSTON AND WAVERLY,19700
ACKINSON AND ROSED,19701
FRESHMEADOW AND PAPE,19702
DRYDEN AND EGLINTON,19703
MARTH AND TRETHEWEY,19704
ALLAN AND LAWRENCE,19705
QUEENSWAY BETWEEN W,19706
LITTLES AND OLD F,19707
EARSCOURT LOOP,19708
LAWRENCE AND RENFIELD,19709
PARLIAMENT AND PROSPEC,19710
ADELAIDE AND MASSEY,19711
SCARBOROUGH COLLEGE STATION BU,19712
DUNDAS STATION AND HUMBERCREST,19713
MARKHAM AND TAPSCOTT,19714
COSBURN AND FAIRSIDE,19715
DUNFILED AND EGLINTON,19716
EGLINTON AND JIMMY WI,19717
LESLIE AND WICKSTEAD,19718
FINCH STATION W AND KISKADE,19719
EGLINTON AND SINOTT,19720
PERTHERILL AND WILSON,19721
ROYAL STATION,19722
DESMOND AND ROBINA,19723
HEDGEWOO AND YORK MILLS,19724
HWY 427 AND ROYAL,19725
DONALDS AND O CONNOR,19726
YONGE BETWEEN DUNDAS STATION,19727
BLOOR AND GIBBS,19728
SERVCIE,19729
DIV RATHBURN AND EST,19730
FAIRVIEW MALL,19731
PATRICA AND YONGE,19732
DUFFERIN AND GIBSON RO,19733
VICTORIA PARK STATION BETWEEN,19734
BATHURST STATION AND DONLAKE,19735
STRACHAN CANIFF,19736
KANE AND WESTON,19737
CORDOWA AND DUNDAS STATION,19738
BREKON AND SHEPPARD,19739
MC AND TOWN CENTRE,19740
GLEBE DAVIS AND YONGE,19741
CHAPMEN AND DAWES,19742
CENTRE AND NEW WESTMIN,19743
BLOOR AND THOMPSON,19744
SHEPPARD W STATIONQ,19745
AND LORRAINE AND FINCH,19746
MARTIN GROVE AND RA,19747
ALBRIG AND BROWNS LINE,19748
MORTIMER AND WOODY,19749
EGLINTON AV E,19750
PORTLAND AND QUEEN,19751
NEW HAVEN AND SPADINA,19752
PAPE STATION STATIN,19753
YORK MILLS STATION SATION,19754
BRIDGEPOI AND LAWRENCE,19755
LAKESHORE AND NORRIS,19756
RANKIN AND SYMMINGTON,19757
FRESH MEADOW AND TOWNS,19758
SERVICE ENTERIN,19759
EGLINTON AND WARD,19760
BAYVIEW AND BRENHAM CR,19761
EDIN AND SCARLETT,19762
SIGNALHILL AND STEINWA,19763
DONMIL AND DUNCAN MILL,19764
BURNAMTHORPE AND MULGR,19765
TEAK AND WYNDCLIFFE,19766
CLAIRVILLE AND HUDDERS,19767
DANFO AND GLENSHEPHARD,19768
STEELES LOOP 27STEEL,19769
CHARLES ST AND YONGE,19770
NEW HAVEN,19771
EGLINTON AND GILGROM,19772
COX AND LOWARD GERRARD,19773
LITTLES RO AND SEWELLS,19774
QUEEN AND WOODFIELD,19775
JONES AND SHUDELL,19776
CASSANDARA AND VALLEY,19777
INDUSTRY MOUN,19778
MOR AND RUNNYMEDE,19779
DONLANDS AND GLEBHOLME,19780
RIVER BETWEEN DUNDAS STATION A,19781
DUNCAN SHOP,19782
BAYVIEW AND GLENVALE,19783
MILNER AND SHEPPARD,19784
WARDEN STATION MARK,19785
BRIDELTOWNE AND WARDEN,19786
AND ROUGE HILLS,19787
DANFORTH AND PRINGDALE,19788
FINCH STATION BETWEEN ISLINGTON STATION,19789
ANITIBES AND BATHURST,19790
LANDSDOWNE AND RIDEAU,19791
ALLEN N,19792
KEELE STATION AND RUNNYMEDE,19793
NAIRIN AND ROGERS,19794
WILSON STATION 401 ON DUFFE,19795
401 AND WILSON,19796
SHOR AND THE POND,19797
RUDEN CRESCENT,19798
ST EDMUNDS AND YONGE,19799
N AND SHORNECLIFF,19800
MAJOR MACKENZIE AND TH,19801
CAESAR AND ROCKCLIFF,19802
FIN AND WOODBINE STATION DOWNS,19803
GEORGE AND KEELE,19804
MARKHAM AND ROCHMAN BL,19805
STEELES Y AND YONGE,19806
DUFFERIN STATION DUPO,19807
HWY 427 OFF RAMP AND SILVE,19808
EGLINTON STATIONM,19809
LASNDOWNE AND WADE,19810
GREEN AND THE DONWAY E,19811
KIN AND ST CLAIR STATION E,19812
STEELES LOOP MARTIN,19813
MARTIN GROVE AND NOTTIN,19814
CLAIRVILLEE AND HUMBER,19815
HUMBER COLLEGE STATION A,19816
FRESHMEADOW AND STEELES,19817
CRAWFORD AND LAWRENCE,19818
LAWRENCE AND YONGE STATION,19819
MILIVAN AND MILLWICK,19820
JUNTION AND KEELE,19821
CHAMPAGNE,19822
ELLESMERE STATION LRT STATION,19823
SHERWAY,19824
MAIN STREET STATION STATIN,19825
LAWRENCE STATION WESTON,19826
SHEPPARD STATION PIONEE,19827
ALLANFOR AND BIRCHMOUNT,19828
BRIAN AND VANHORNE,19829
DU AND RUNNYMEDE STATION LOOP,19830
KEEEL AND WILSON STATION,19831
DUFFERIN STATION GATES,19832
KINGSTON AND RELYANDER,19833
OSSINGTON AND STRACHAN,19834
ABELL AND QUEEN STATION,19835
DANFORTH ADN BIRCHMOUNT,19836
HOWLAND AND OLD DUNDAS,19837
MACLENNAN AND WHITEHAL,19838
BREBEUF COLLEGE AND ST,19839
FIREGROVE CRE AND JANE,19840
AGA KHAN AND DON MILLS,19841
BLOOR AND LIPPINCOTT,19842
BRIMLEY AND STEELES LOOP,19843
MILNER AND NOVA FARM,19844
BIRCHMOUNT AND COMSTO,19845
BLOOR AND OSSING,19846
MCCOWAN AND STAYNOR,19847
COXWELL AND GLENHOLBE,19848
BROWNSLINE AND RIMILTO,19849
KEELE AND WILSON STATION SOUT,19850
MALL AND YORKDALE,19851
401 OFF R AND DUFFERIN,19852
MARKHAM AND MCCOWAN STATION,19853
BEDFORD AND CHICORA,19854
BARMAC STEELES,19855
CROW TRAIL AND MCGINTY,19856
OCONNOR AND SANDRA,19857
DUFFERIN STATION NRTH OF BLOOR,19858
EGLINTON W ANDDDUPL,19859
ISLINGTON AND JUTSON,19860
LANSDOWNE STATION LOOP AND ST,19861
MCNAIRN AND YONGE,19862
FINCH STATION AN MORNINGSIDE,19863
BAYVIEW STATION AND EASTERN,19864
WILSON STATION WESTON,19865
BARD S WA AND SHEPPARD,19866
FINCH AND W,19867
HUMBERWOOD AND WEST,19868
CROW TRAIN AND MCGINTY,19869
MOUNT PLEASANT AND SOUTH,19870
PROMENADE,19871
CASINO WOODBINE STATION,19872
LONBOROUGH AND YORE,19873
LAWRENCE STATION ADN WESTON,19874
MARTIN GR AND WATERURY,19875
AND CLARK SECOR,19876
SIGNAL HILL AND STAINW,19877
MCNICOLL AND MIDD,19878
BLOOR AND WICKMAN,19879
FINCH AND TOBERMORRY,19880
OSSINGTON AND REBBECCA,19881
427 AND AIRPORT,19882
KEELE STATION STEELES,19883
HACOCK AND WARDEN,19884
LAKE AND LAKESHORE,19885
BETHNEALSON AND OVERLEA,19886
CAHBCERY AND GUILDWOOD,19887
SPADINA STATION AND WELLESLEY,19888
FRONT AND YORK,19889
T3 PEARSON AIRPORT,19890
WARDEN STATION BETWEEN ELLESMERE STATION,19891
SEASONS AND STAI,19892
GLEN AND S DRIV,19893
O AND THORNCLIFEE PARK,19894
GARDNER AND PARKLAWN,19895
ISLINGTON AND THOMAS F,19896
AND CLAREDON,19897
HURLEY AND MCCOWAN,19898
HUFFIELD AND SEWELLS,19899
D AND DON MILLS,19900
STEELES LOOP YONG,19901
TERMINAL 3 NEAR PILLAR,19902
JANE STATION W O AND LAWRENCE,19903
DON MILLS AND HELENLU,19904
ROSSFORD AND WARDEN,19905
BUCKLAND AND GILTSPUR,19906
BAYVIEW AND LOWER RIVE,19907
BAYVIEW AND FLEMING CR,19908
DON MILLS AND GRE,19909
ATTWELLO AND DIXON,19910
ONTRAIO AND WELLESLEY,19911
EDGEPARK AND PHARMACY,19912
DIXON AND PHILLIP,19913
FIMCH AND MIDLAND STATION,19914
RICHMOND AND STRATCHAN,19915
BAY STATION AND GERRARD,19916
HWY 27 QUEEN,19917
ALGARVE AND OLD WESTON,19918
BATHURST AND CLAXTON B,19919
F AND MARTIN GROVE,19920
LAWRENCE AND N YOR,19921
AMAZON AND MORNINGSIDE,19922
PRINCES GATE CNE,19923
VIEWMOUNT,19924
DUNDAS AND W E MALL,19925
AUSTIN TE AND BATHURST,19926
BATHURST AND MELGUND R,19927
LAKESHO AND MIMICO,19928
ORFUS,19929
BIRCHMOUNT TH,19930
GLEN AIM AND SOUTHWOOD,19931
D AND MORNING SIDE,19932
BAYVIEW AND POST SOUT,19933
KENNEDY STATION BUS BAY STATION,19934
GUNNS,19935
ROYAL YORK STATION BUS,19936
BIRCHMOUNT AND ROYAL C,19937
JARVIS Q,19938
EGLINTON AND GLENARDE,19939
LAWRENCE AND SCAR GOLF,19940
COXWELL AND EARL HANG,19941
DUFFERIN AND MANITOBA,19942
MARKHAM E AND SHEPPARD,19943
DANFORTH AV AND EMMOTT,19944
DON MILLS STATION SCARB,19945
DON MILLS STATION ROUGE,19946
JACQUES AND STANES,19947
CHURCH AND CYPRESS,19948
DON MI AND YORK MILLS,19949
LANSDOWNE STATION DAVENPORT,19950
LAWRE AND MARTIN GROVE,19951
DIXON UNDER THE 40,19952
REXDALE AND WOODBINE,19953
EGLINTON W AND NORT,19954
GLEN AND THE QUEENSWAY,19955
HARBORD AND SUSSEX MEW,19956
GRAN AND THE QUEENSWAY,19957
ALGONQIN AND PARKSIDE,19958
NICHOLSON AND PRINCESS,19959
PORT UNION STATION GO STATION,19960
BIRCHMOUNT DIVISON,19961
BRICK WORKS AND DON MI,19962
DUFFERIN AND GERR,19963
ANGUS,19964
PRINCE EDWARD VIADUCT,19965
FINCH STATION N AND JANE,19966
BANMOOR AND BELLAMY,19967
JANE AND PINE,19968
CALEDONIA AND CARTRIG,19969
COLLI AND JOHN GARLAND,19970
EGLINTON AND MARLEE W,19971
HUPFIELD TR AND SEWELS,19972
AUSTIN,19973
LAWRENCE STATION R,19974
STEELES BETWEEN FINC,19975
STEELES N FINCH STATION,19976
BERTAND AND WARDEN,19977
EGLINTON W AND GILB,19978
BLOOR ST W AND ISLI,19979
MRYTLE,19980
JOHN DREW AND SHEPPARD,19981
BOLTBEE AND JONES,19982
EGLINTON AND GLEMHOLME,19983
DUNDAS STATION W AND OSSINGTON,19984
MARKHAM AND PASSM,19985
HILTON AND ST CLAIR,19986
POPE JOHN PAUL SECONDA,19987
NUGGETT AND SHORTING,19988
STEELES WESTON BA,19989
OSSINGTON STATION Q,19990
CALEDONIA AND LANE,19991
PIOINEER VILLAGE STATI,19992
CENTENIAL PARK AND RAT,19993
PARK LANE CIR AND POST,19994
LAKESHORE AND THIRD,19995
LAWRENCE AND LILLIAN,19996
KEELE STATION STATIN,19997
DIXON R AND ROYAL YORK,19998
CRAYDON AND DUFFERIN,19999
BU AND LAKE SHORE,20000
CO AND QUEEN STATION PARK CRES,20001
SCOT AND THE ESPLANADE,20002
EGLINTON AND MENIN ROAD,20003
NEW AND PRINCES GATES,20004
MORNINGVIEW TRAIL AND O,20005
NORT AND SHEPPARD W,20006
BATHURST AND NEWBURY L,20007
COXWELL AND UPER GERRARD STATION,20008
FINCH AND SENTIAL,20009
JANE AND YORK WOODS GA,20010
VARIETY VILLAGE,20011
BATH AND SHEPPARD,20012
ALBION AND ARMEL CT E,20013
BLOOR AND DAVENPORT,20014
EGLINTON K,20015
HUMBERWOOD AND VAUGHN,20016
CORONATIO AND LAWRENCE,20017
ETTA AND GARNETT JANE,20018
COMMISSIPNERS AND SAUL,20019
INDUSTRY AND JANE,20020
BARKDENE HILL AND LARW,20021
CHERRYHIL AND LAWRENCE,20022
LAKSEHORE AND LESLIE,20023
BAY AND BELMONT,20024
COLBOURN AND LAKESHORE,20025
MEADOWALE AND SHEPPARD,20026
MO AND RUNNYMEDE,20027
BROADVIEW AND GLENVALE,20028
DUNDAS AND WESTMALL CR,20029
DON MILLS STATION AND GRENOBLE,20030
ISLINGTON STATION STEELES TO,20031
BRIMORTON AND MCCOWAN STATION,20032
BELLAMY AND BREABURN,20033
MIDDLEFIED AND STEELES,20034
MARLEE AND RIDELL,20035
THORNCLIFFE PARK LOOP,20036
ACTON AND OAKWOOD,20037
A AND HUMBER LINE LOOP,20038
CATFORD AND KEELE,20039
FREN AND ST CLAIR STATION W,20040
BERRY AND STEPHEN D,20041
DIN MILLS AND WYNFORD,20042
DUNDAS STATION W AND HWY 427,20043
EASTBOUND AND LAWRENCE,20044
DUFFERIN STATION ADN SPRINHURS,20045
MARKHAM AND ORCHID PL,20046
DOU AND SUMMERHILL,20047
STEELES YRT AND YONGE,20048
MCNICOLL AND SILVERSTA,20049
DUFFERIN AND PARKSIDE,20050
MCBRIEN BUILDING,20051
DUNDAS STATION S AND RUNNYMEDE,20052
HYWY 27 AND QUEEN STATION PLA,20053
DUNDAS AND KINGSWAY,20054
AL AND ROYAL YORK,20055
EGLINTON AND RAY,20056
STEELES EAND MARYD,20057
DAIRIS CRES,20058
DAWES AND MIDBURN,20059
YONGE ANND DAVISVILLE STATION,20060
MARIO AND RONCESVALLES,20061
DONLANDS AND OCCONNER,20062
CONNOR AND DONALDS,20063
BRIMLEY AND WALKWAY,20064
MARKHAM AND SHAPPRAD,20065
YONGE BETWEEN ADELAIDE,20066
LAWRENCE AND STAR SPRA,20067
LEDAIN AND ROYAL CREST,20068
CHILTEREN AND EGLINTON,20069
DUNDAS STATION ST AND E MA,20070
LAKE SHORE AND SYMONS,20071
GRE AND GRENOBLE,20072
EGLINTON STATION EG,20073
EMMETT AND VERSON,20074
FINCH STATION W EGLINTON W,20075
HUMBER AMD LOUVAI,20076
OLD STOCK YARDS AND TO,20077
NEW GALE AND TAPSCOTT,20078
HY27 AND STEELES,20079
DON VALLEY AND MILLWOOD,20080
BURNAHAMTHORPE LOOP,20081
BELL MANOR AND BERRY,20082
GREENWOOD STATION AND RATHBURN,20083
RACINE W HUMBER,20084
LEADING AND ROYALCREST,20085
EDENBRIDGE AND SCARLETT,20086
KEELE STATION SIGNE,20087
KEELE STATION ALBION,20088
HUDD AND VICTORIA PARK,20089
EGLINTON AND LEBORVIC,20090
DANFO AND ST CLAIR,20091
CABERNE AND ROYALCREST,20092
MORNINGSTAR AND WESTWOOD,20093
KEELE STATION AND MURRARY ROSS,20094
JANE AND SAN RAMANOWAY,20095
EGLINTON NAD LEBOVIC,20096
COLLEGE STATION AND HARBORD,20097
BIRCHMOUNT AHD SHEPPARD,20098
MEDO AND VICTORIA PARK,20099
DUNDAS AND THE KINGSWA,20100
STEELES AND TAPSCOTT RO,20101
BATHURST AND RO,20102
BATHURST STATION AND CASTLEFIELD,20103
MARTIN GROOVE AND MILK,20104
OLD MILL AND RIVERS,20105
BIRCHMOUNT DA,20106
OVERLEA MILLWOOD,20107
STEELES BETWEEN ALNESS,20108
REXDALE AND W HUMBER,20109
KENDEL AND SPADINA,20110
30TH AND ELDER,20111
JANE AND JOHN LA,20112
SHEPPARD AND WILL,20113
ISLINGTON STATION LOOP ISLING,20114
MCNICOLL AND VICTO,20115
WILSON STATION GARAGE N YA,20116
MIDLAND AND REDLEY,20117
NEILSON ANDS TAPSCOTT,20118
AND SILVE AND MCNICOLL,20119
CHRISTIE AND ZIGGY,20120
DANFORTH AND WOLF,20121
CASTLEKNO AND EGLINTON,20122
BAROT AND CLAYSON,20123
JANE STATION AND YEWTREE,20124
DAVENPORT ENTIRE ROU,20125
401 EXPRES AND MARKHAM,20126
BRIMLEY AND BRIMWOOD B,20127
VICTORIA PARK STATION NADN CRE,20128
TRETHEWEY BL,20129
CONCORD AND MACDO,20130
GRANGE,20131
DUNDAS STATION STREE AND KEELE,20132
BOROUGH SCARBO,20133
FINCH AND WILLIMINGTON,20134
DUFFERIN AND WALLIS,20135
YORK M LLLS STATION,20136
EMMETTT AND VERONA,20137
N QUEEN STATION AND QUEEN,20138
YORK MILLS STATION AN LESLIE STATION,20139
AN AND EGLINTON,20140
HWY 4 AND MCCOWAN,20141
LONGBORN AND MATIN GRO,20142
CHAPLIN AND RUSSEL HIL,20143
KENNEDY STATION AND YORK MILLS,20144
BERRY AND STEVEN,20145
ALB AND HUMBER LINE,20146
MEA AND SHEPPARD E,20147
LAKESH AND QUEEN STATION QUAY,20148
RENFORTH AND W MALL,20149
AIRPORT RO AND VICTORY,20150
DANFORTH OUT AND PAPE,20151
BLOOR AND LANDSOWNE,20152
NW GATE AND STEELES O,20153
HYWY 27 M AND STEELES,20154
MILITARY TRAIL NEAR U,20155
CAMPBELL AND DUPONT,20156
ROWENA AND VICTORIA,20157
EGLINTON AND RATHBURN,20158
GARRETT AND GILLEY,20159
HUMBER N AND W,20160
STEELES BUS AND YONGE,20161
QUEENSWAY KIPLING STATION,20162
KEELE AND W ACRES D,20163
DANFORTH AND MACK A,20164
SHEPPARD BATHURST STATION,20165
DUFFERIN STATION AND ROSELAWN,20166
427 OFF RA AND DUNDAS,20167
BING T AND WILLOWDALE,20168
MARKHAM AND NASHDEN,20169
KEELE AND NICKLE,20170
JANE STATION AND STONG,20171
DUFFERIN AND GLENLAKE,20172
KENNEDY STATION SERVIC,20173
AER AND VANDERHOOF,20174
EUCILD AND MEADOWVALE,20175
FIGROVE AND JANE,20176
D AND STEELES ALNESS,20177
HIL AND ORIOLE,20178
SLOANE AND VICTORIA PA,20179
DIXON AND HWY427,20180
RAY AND SCARLETT,20181
CACTUS AV AND DREWRY,20182
404 AND STEELES,20183
GARETT AND WILSON,20184
YORKDALE STATION TO,20185
GORDO AND HAROLD EVANS,20186
ALLNESS AND DUFFERIN STATION,20187
JANE STATION AND NORFINCH,20188
WARDEN STATION MAJO,20189
JANE STATION AMD DUNDAS STATION,20190
DUFFERIN AND KING STATION SOUTH,20191
FRON NAD BERKELEY,20192
EGLIN AND SERVICE,20193
PARKLA AND THE GARDINER,20194
CRAWFORD AND HARBOUR,20195
MANITOBA AND NOVIA,20196
SHEPPARD BRIMLEY,20197
BELMONT AND,20198
KEELE AND OSSINGTON STATION,20199
AIRPORT AND AM,20200
IAN AND NEW W GATE,20201
BIRCHMOUNT ROUTE,20202
HIGHVIE AND PINE GROVE,20203
EXBURY AND JANE AND S,20204
VALLEY WOODS AND YORK MIL,20205
WILSON STATION GARAGE E YAR,20206
GATEFOURT AND SHEPPARD,20207
COE HLL AND THE QUEEN STATION,20208
KING STATION GEORGES AND ROYAL,20209
GLEN STEWART CRES,20210
PIONEER VILLGAGE STATI,20211
COLENOL SAM SMITH LOOP,20212
MORNINGSTAR,20213
LOCKHE AND SCARLETT,20214
DYNAMIC D AND MCNICOLL,20215
DANF AND HOLLYHEDGE,20216
BIG RED AND MCCOWAN,20217
FINCH AND MORNINGSTAR,20218
SHE AND SHERWAY GRDENS,20219
PARKSIDE AND THE QU,20220
LANSDOWNE STATION ST CLAI,20221
DON AND OVERLEA BRIDGE,20222
UFT LOOP MILITARY TR,20223
GLEN AND HIGHALND,20224
SHEPPARD DURNFORD,20225
STEELES LOOP Y,20226
LA ROSE A AND SCARLETT,20227
SANTA MO AND ST CLAIR,20228
SANTA MONICA AND ST CL,20229
AVENU AND CHAPLIN,20230
UPPER ROUGE TRAIL,20231
CHAPMAN AND DAWES,20232
DURN AND RYLANDER,20233
FARNBORO,20234
HANE AND WILSON,20235
KILLBARRY AND SPADINA,20236
BROWNSLINE AND JELLICO,20237
MAIN STREET STATION OUTSIDE,20238
ALFORD CRE AND SEWELLS,20239
KIPLING STATION AUKLA,20240
BATHURST STATION ANF WILSON STATION,20241
SILVER BELL AND SPRUCE,20242
FINCHSTATION,20243
CARL HALL AND JOHN DRE,20244
SHER AND SHERWAY GRDNS,20245
GORDON BAKER LOOP,20246
FINCH STATION W AND HALESIA,20247
BURLEY AND MORTIMER,20248
EGLINTON AND SC,20249
DIXON AND SCARLETT ROAD,20250
BATHURST AND BRUCEWOOD,20251
MAJOR MAKENZIE,20252
KEELE STATION AND LE PAGE,20253
CARL HALL AND CHESSWOO,20254
MARKBROOKE AND STEELES,20255
NEILSON AND THE POND,20256
MURISON AND STEELES E,20257
ST GERMAIN AND YONGE,20258
MARKHAM AND MCNIC,20259
EVANS A AND ROYAL YORK,20260
KELLE AND SIR WILLIAM,20261
EDITH W AND EGLINTON,20262
